####
#
# OBJ File Generated by Meshlab
#
####
# Object treefrog.obj
#
# Vertices: 9665
# Faces: 19326
#
####
v 0.2054460 -0.1474722 0.2055686
v 0.2073980 -0.1439586 0.2016647
v 0.1978333 -0.1437635 0.1954183
v 0.1991997 -0.1437635 0.1961991
v 0.1911966 -0.1459106 0.1870248
v 0.1908062 -0.1461058 0.1866344
v 0.1880734 -0.1459106 0.1854632
v 0.1980285 -0.1431779 0.1942471
v 0.2064220 -0.1470818 0.2042022
v 0.1845598 -0.1515714 0.1794121
v 0.1777279 -0.1580129 0.1729705
v 0.1704080 -0.1612337 0.1682858
v 0.1820223 -0.1515714 0.1792168
v 0.1790943 -0.1500098 0.1766793
v 0.1676718 -0.1493115 0.1598210
v 0.1749168 -0.1432356 0.1684951
v 0.2152779 -0.2002747 0.2193682
v 0.2195014 -0.1869462 0.2122562
v 0.2140348 -0.1580129 0.2129861
v 0.2092220 -0.1494095 0.2180281
v 0.2143229 -0.1728074 0.2270157
v 0.2152262 -0.1989908 0.2341228
v 0.2151573 -0.1856141 0.2244930
v 0.1707008 -0.1650400 0.1665290
v 0.1595745 -0.1724576 0.1589162
v 0.1621099 -0.1610547 0.1577813
v 0.1561090 -0.1823946 0.1566641
v 0.1450966 -0.1809198 0.1458327
v 0.1536602 -0.1678872 0.1489663
v 0.1357043 -0.1810182 0.1349284
v 0.1360148 -0.1921786 0.1428601
v 0.1597344 -0.1527325 0.1494452
v 0.1461175 -0.1927223 0.1531821
v 0.1367738 -0.2033993 0.1516367
v 0.1305555 -0.2253465 0.1607605
v 0.1046589 -0.2419690 0.1563624
v 0.1058613 -0.2317151 0.1482479
v 0.1149318 -0.2139094 0.1398656
v 0.1164681 -0.2039746 0.1332425
v 0.1885382 -0.2575371 0.2089546
v 0.1764921 -0.2671157 0.2116446
v 0.1975140 -0.2482181 0.2083824
v 0.2041805 -0.2391111 0.2180279
v 0.1955354 -0.2519942 0.2196421
v 0.1870250 -0.2650571 0.2334455
v 0.1769354 -0.2746902 0.2367574
v 0.1751232 -0.2717874 0.2228958
v 0.1516287 -0.2870540 0.2302487
v 0.1527172 -0.2806793 0.2165733
v 0.2100579 -0.2278830 0.2120752
v 0.2103130 -0.2258195 0.2239566
v 0.2023275 -0.2453376 0.2292522
v 0.2141421 -0.2159275 0.2124760
v 0.2135095 -0.2129625 0.2287118
v 0.2171720 -0.2119567 0.2431509
v 0.2081005 -0.2362778 0.2334645
v 0.2135251 -0.2248856 0.2384799
v 0.1963673 -0.2547621 0.2322685
v 0.1270824 -0.2391782 0.1681560
v 0.1103969 -0.2592008 0.1757809
v 0.1143946 -0.2458704 0.1661943
v 0.1381955 -0.2478935 0.1758889
v 0.1244237 -0.2589587 0.1815604
v 0.1177613 -0.2669974 0.1867114
v 0.0830849 -0.2813739 0.1839563
v 0.0827031 -0.2713712 0.1729650
v 0.0963030 -0.2649542 0.1733779
v 0.1516530 -0.2558909 0.1808770
v 0.1656725 -0.2528192 0.1775565
v 0.1489273 -0.2660978 0.1918610
v 0.1269890 -0.2714645 0.1938431
v 0.1498906 -0.2743335 0.2036538
v 0.1615847 -0.2617420 0.1881257
v 0.1307279 -0.2908073 0.2196801
v 0.1408584 -0.2819611 0.2108401
v 0.1282748 -0.2820680 0.2059087
v 0.1121456 -0.2783112 0.1948824
v 0.2868740 -0.2180718 0.0618280
v 0.2763245 -0.2108865 0.0698587
v 0.3003390 -0.2164962 0.0675344
v 0.2896257 -0.2101467 0.0764355
v 0.3469472 -0.2748916 0.0320647
v 0.3137189 -0.2515410 0.0406913
v 0.3023062 -0.2588443 0.0324479
v 0.3158268 -0.2663674 0.0357163
v 0.3007450 -0.2077274 0.0780398
v 0.3110189 -0.2094046 0.0715334
v 0.3145082 -0.1868273 0.0838363
v 0.3783673 -0.2495057 0.0376725
v 0.3804425 -0.2615958 0.0310751
v 0.3702173 -0.2621010 0.0359335
v 0.3843381 -0.2223951 0.0380467
v 0.3876028 -0.2387825 0.0356387
v 0.3889358 -0.2536438 0.0287263
v 0.3714282 -0.2162801 0.0451023
v 0.3655368 -0.2494438 0.0435114
v 0.3600009 -0.2393955 0.0480575
v 0.3514915 -0.2503515 0.0465324
v 0.3730769 -0.2340353 0.0438527
v 0.3237949 -0.2468858 0.0460667
v 0.3298528 -0.2365626 0.0510806
v 0.3130614 -0.2347911 0.0487408
v 0.3594944 -0.2161195 0.0506397
v 0.3499856 -0.2100358 0.0517655
v 0.3371395 -0.2494065 0.0475342
v 0.3420483 -0.2621249 0.0411619
v 0.3565855 -0.2627557 0.0392919
v 0.3275495 -0.2590007 0.0415353
v 0.3026488 -0.2428540 0.0387189
v 0.2993810 -0.2326451 0.0445597
v 0.3466017 -0.2364871 0.0517096
v 0.3604831 -0.2277853 0.0501382
v 0.3487306 -0.2220775 0.0539549
v 0.3363732 -0.2120085 0.0556183
v 0.3370079 -0.2258339 0.0543219
v 0.3248123 -0.2230367 0.0552241
v 0.2994933 -0.2254235 0.0553026
v 0.3117121 -0.2205180 0.0603285
v 0.3312530 -0.1978214 0.0611520
v 0.3222800 -0.2101748 0.0635603
v 0.4460098 -0.3721556 0.0106658
v 0.4410850 -0.3758603 0.0231037
v 0.4277005 -0.3850149 0.0269687
v 0.4275223 -0.3968644 0.0153456
v 0.3278375 -0.1844405 0.0650858
v 0.3244316 -0.1712605 0.0636041
v 0.3174821 -0.1631460 0.0742719
v 0.3202521 -0.1791227 0.0756778
v 0.3282049 -0.1718039 0.0541978
v 0.3201483 -0.1602698 0.0598711
v 0.3239799 -0.1626117 0.0439539
v 0.3147372 -0.1515356 0.0542706
v 0.3285894 -0.1685532 0.0319579
v 0.3253559 -0.1711957 0.0197294
v 0.3180478 -0.1603424 0.0295729
v 0.3135219 -0.1685203 0.0156207
v 0.3045136 -0.1605565 0.0223229
v 0.2956931 -0.1457412 0.0379113
v 0.3063774 -0.1514334 0.0341487
v 0.3144395 -0.1529848 0.0425178
v 0.4193182 -0.3581335 0.0320899
v 0.4205494 -0.3431038 0.0264318
v 0.4064628 -0.3492805 0.0315207
v 0.4332647 -0.3520763 0.0249582
v 0.4297546 -0.3396975 0.0144281
v 0.4427933 -0.3622386 0.0205127
v 0.4454320 -0.3599417 0.0080897
v 0.4403516 -0.3495595 0.0115497
v 0.4314509 -0.3685144 0.0296484
v 0.4162981 -0.3737981 0.0329007
v 0.4193601 -0.3333534 0.0181052
v 0.4134769 -0.3252002 0.0149029
v 0.4074516 -0.3344000 0.0268763
v 0.4017142 -0.3217774 0.0259875
v 0.3934019 -0.3309880 0.0291435
v 0.4028054 -0.3010597 0.0138002
v 0.3851273 -0.3065277 0.0287536
v 0.3971609 -0.3090256 0.0260758
v 0.3911834 -0.2940476 0.0246347
v 0.4841708 -0.2321534 0.0229936
v 0.4924948 -0.2444873 0.0208233
v 0.4885156 -0.2573712 0.0231089
v 0.4810684 -0.2691432 0.0233732
v 0.4904722 -0.2686364 0.0119205
v 0.4970689 -0.2542049 0.0129702
v 0.4575608 -0.2657024 0.0280891
v 0.4487668 -0.2539799 0.0300576
v 0.4525477 -0.2388052 0.0285008
v 0.4484847 -0.2271883 0.0197592
v 0.4592914 -0.2207961 0.0160610
v 0.4503581 -0.2765233 0.0075950
v 0.4395608 -0.2701820 0.0137828
v 0.4531012 -0.2747394 0.0183160
v 0.4779064 -0.2787089 0.0111820
v 0.4671384 -0.2759415 0.0211799
v 0.4620281 -0.2806418 0.0096062
v 0.4803288 -0.2196997 0.0122590
v 0.4691736 -0.2169170 0.0109826
v 0.4828103 -0.2454835 0.0268930
v 0.4718848 -0.2249805 0.0210860
v 0.4612497 -0.2292197 0.0240038
v 0.4705552 -0.2391952 0.0283940
v 0.4694205 -0.2644074 0.0288301
v 0.4763214 -0.2552745 0.0292495
v 0.4628753 -0.2523499 0.0314570
v 0.4368694 -0.2604677 0.0257102
v 0.4376412 -0.2457944 0.0291659
v 0.4465841 -0.2221514 0.0094062
v 0.4349780 -0.2255656 0.0134511
v 0.4375237 -0.2338245 0.0251074
v 0.4241696 -0.2522798 0.0283968
v 0.4266105 -0.2399072 0.0289406
v 0.4100578 -0.2266643 0.0242512
v 0.3930226 -0.2803130 0.0167671
v 0.3878267 -0.2687648 0.0221998
v 0.3623489 -0.2742088 0.0309837
v 0.3752932 -0.2732008 0.0284526
v 0.3815020 -0.2834434 0.0254802
v 0.3847169 -0.2119075 0.0096791
v 0.4146389 -0.3950482 0.0243691
v 0.4119060 -0.4031616 0.0133485
v 0.3995803 -0.4003074 0.0201522
v 0.3972523 -0.4037889 0.0083066
v 0.2670394 -0.2059354 0.0464162
v 0.2757539 -0.2146092 0.0528021
v 0.2651723 -0.2071292 0.0605498
v 0.2731126 -0.1723994 0.0276043
v 0.2818496 -0.1833034 0.0215376
v 0.2915406 -0.1807217 0.0159614
v 0.2700951 -0.1866013 0.0294687
v 0.2709123 -0.2003970 0.0337278
v 0.2596238 -0.1923137 0.0420032
v 0.2844840 -0.1472147 0.0361535
v 0.2936558 -0.1542940 0.0283247
v 0.2885126 -0.1680362 0.0212411
v 0.2793752 -0.1588100 0.0288669
v 0.3787664 -0.3634377 0.0258756
v 0.3917738 -0.3576798 0.0313418
v 0.3898914 -0.3735731 0.0306703
v 0.4040119 -0.3650552 0.0335810
v 0.3708136 -0.3661717 0.0150532
v 0.3758864 -0.3892972 0.0106800
v 0.3837236 -0.3961091 0.0149916
v 0.3902455 -0.3892340 0.0259527
v 0.4038253 -0.3917656 0.0274000
v 0.4125081 -0.3858090 0.0300394
v 0.4021733 -0.3803619 0.0317301
v 0.3707985 -0.3409325 0.0134536
v 0.3807555 -0.3360708 0.0271273
v 0.3929700 -0.3427257 0.0298996
v 0.3632073 -0.3049664 0.0023590
v 0.3663084 -0.3125417 0.0031434
v 0.3605288 -0.3074499 0.0039304
v 0.3614623 -0.2997834 0.0245689
v 0.3733809 -0.3121557 0.0278118
v 0.3754019 -0.2970030 0.0277526
v 0.2498755 -0.3334104 0.0261404
v 0.2442778 -0.3213472 0.0218896
v 0.2399886 -0.3189289 0.0107090
v 0.2476008 -0.3463119 0.0153509
v 0.2854988 -0.3567297 0.0160037
v 0.2697222 -0.3599005 0.0125447
v 0.2841229 -0.3467098 0.0304864
v 0.2704111 -0.3537638 0.0252860
v 0.2589032 -0.3445697 0.0275922
v 0.2584539 -0.3558121 0.0147457
v 0.2911178 -0.2592167 0.0231396
v 0.2907827 -0.2516354 0.0104316
v 0.2864264 -0.3199203 0.0360128
v 0.3018590 -0.3192328 0.0303379
v 0.2710144 -0.2985515 0.0296313
v 0.2786978 -0.3083819 0.0350406
v 0.2884290 -0.2943586 0.0321020
v 0.2647328 -0.2915438 0.0204425
v 0.2618644 -0.2900692 0.0075519
v 0.3144415 -0.3203988 0.0006106
v 0.3056242 -0.3314176 0.0222842
v 0.2931939 -0.3329975 0.0319663
v 0.2975009 -0.3444169 0.0217578
v 0.2983118 -0.3506799 0.0100706
v 0.3065756 -0.3408422 0.0108353
v 0.2530017 -0.2984592 0.0165467
v 0.2518866 -0.3103691 0.0253687
v 0.2591814 -0.3020658 0.0258227
v 0.2637526 -0.3107996 0.0318454
v 0.2566121 -0.3216428 0.0309591
v 0.2635775 -0.3324564 0.0336693
v 0.2711557 -0.3213587 0.0355479
v 0.2785238 -0.3328032 0.0357015
v 0.2710640 -0.3423330 0.0326076
v 0.2956541 -0.3069771 0.0338438
v 0.3105078 -0.3072812 0.0258451
v 0.3126130 -0.3189508 0.0182361
v 0.2797489 -0.2749919 0.0083812
v 0.2736217 -0.2828088 0.0134286
v 0.2785046 -0.2867770 0.0250984
v 0.2948562 -0.2722154 0.0281072
v 0.3004059 -0.2830195 0.0312166
v 0.3330244 -0.2821847 0.0239757
v 0.3361125 -0.2933689 0.0128432
v 0.3677479 -0.2856783 0.0271313
v 0.3543291 -0.2850076 0.0261077
v 0.2851674 -0.2651078 0.0107500
v 0.3054985 -0.2723901 0.0319599
v 0.3163189 -0.2821105 0.0311585
v 0.3551768 -0.1959353 0.0361623
v 0.3515306 -0.1899548 0.0246827
v 0.3591562 -0.2040025 0.0447598
v 0.2912561 -0.2247774 0.0235883
v 0.2938245 -0.2359612 0.0117930
v 0.2937025 -0.2327937 0.0342539
v 0.2959152 -0.2233926 0.0118638
v 0.2911557 -0.2097870 0.0159799
v 0.3652629 -0.1967991 0.0223055
v 0.3714458 -0.2031839 0.0344645
v 0.2919539 -0.2421249 0.0230179
v 0.2960421 -0.2470181 0.0300421
v 0.3332337 -0.1821059 0.0104291
v 0.3202185 -0.1767473 0.0082405
v 0.3419902 -0.1859241 0.0377445
v 0.3382022 -0.1797217 0.0243167
v 0.3338755 -0.1759977 0.0418612
v 0.3433876 -0.1981469 0.0494361
v 0.3354362 -0.1862309 0.0528163
v 0.2772459 -0.2135195 0.0388544
v 0.2876454 -0.2241221 0.0458087
v 0.2817689 -0.2109747 0.0276187
v 0.2804582 -0.1976386 0.0230335
v 0.2902424 -0.1935842 0.0155499
v 0.4109848 -0.2658284 0.0101128
v 0.3996656 -0.2583244 0.0193106
v 0.3498063 -0.2984508 0.0071578
v 0.3467140 -0.2903355 0.0201612
v 0.3543165 -0.3046860 0.0156489
v 0.3217929 -0.2957726 0.0221347
v 0.4080667 -0.3138613 0.0136714
v 0.3715016 -0.3273019 0.0233613
v 0.3676198 -0.3268923 0.0076161
v 0.4208241 -0.2246114 0.0122112
v 0.4238024 -0.2303770 0.0249703
v 0.4242209 -0.2652854 0.0186211
v 0.4263784 -0.2665044 0.0063754
v 0.3172286 -0.3063761 0.0123578
v 0.3063504 -0.2957157 0.0310664
v 0.2890640 -0.2821949 0.0282409
v 0.2834662 -0.2744376 0.0208554
v 0.2773148 -0.2034996 0.0865839
v 0.2650763 -0.2045783 0.0756911
v 0.2929032 -0.2018385 0.0872401
v 0.3070610 -0.1976506 0.0840366
v 0.3064469 -0.1849684 0.0934047
v 0.3123886 -0.1518352 0.0813307
v 0.3090038 -0.1485844 0.0925414
v 0.3063148 -0.1597855 0.1020092
v 0.3138483 -0.1738977 0.0867073
v 0.3021741 -0.1291994 0.0704751
v 0.3136896 -0.1502243 0.0683983
v 0.3074481 -0.1404276 0.0630160
v 0.3082687 -0.1392558 0.0797445
v 0.2835180 -0.1284552 0.0588183
v 0.2969905 -0.1329477 0.0576677
v 0.2880895 -0.1374536 0.0472341
v 0.2925457 -0.1254131 0.0659797
v 0.3046053 -0.1432451 0.0478905
v 0.2513542 -0.1968581 0.0800095
v 0.2476484 -0.1935986 0.0650429
v 0.2563847 -0.2010395 0.0671314
v 0.2410260 -0.1824215 0.0604661
v 0.2483287 -0.1796353 0.0484689
v 0.2508086 -0.1903044 0.0523442
v 0.2568331 -0.1996423 0.0552630
v 0.2389814 -0.1696724 0.0562682
v 0.2474185 -0.1685823 0.0465252
v 0.2532682 -0.1596014 0.0421427
v 0.2415905 -0.1581424 0.0518217
v 0.2586022 -0.1744370 0.0372423
v 0.2620572 -0.1483347 0.0416054
v 0.2484929 -0.1470588 0.0490706
v 0.2716923 -0.1333983 0.0523203
v 0.2729581 -0.1504546 0.0361663
v 0.2657619 -0.1606369 0.0341890
v 0.2254399 -0.2028748 0.1297074
v 0.2114046 -0.2020127 0.1252541
v 0.2192363 -0.1957134 0.1176837
v 0.2418069 -0.1960527 0.1300918
v 0.2467961 -0.1949833 0.1427525
v 0.2484748 -0.1901221 0.1565171
v 0.2569489 -0.1835290 0.1468064
v 0.2559660 -0.1467186 0.1596172
v 0.2521175 -0.1597187 0.1651725
v 0.2636255 -0.1593054 0.1543579
v 0.2552750 -0.1744877 0.1591398
v 0.2669979 -0.1456143 0.1524994
v 0.2603163 -0.1346999 0.1532587
v 0.2370981 -0.1239038 0.1531718
v 0.2470842 -0.1344096 0.1591218
v 0.2505234 -0.1242364 0.1500686
v 0.2405963 -0.1177669 0.1438884
v 0.2121359 -0.1199979 0.1372835
v 0.2258737 -0.1177277 0.1429102
v 0.2253554 -0.1231847 0.1553249
v 0.2353478 -0.1126712 0.1330166
v 0.2202134 -0.1156047 0.1283420
v 0.2113076 -0.1858371 0.1096181
v 0.1990979 -0.1766912 0.1129063
v 0.2076666 -0.1726013 0.1026288
v 0.1912531 -0.1664801 0.1192438
v 0.1996548 -0.1607316 0.1082629
v 0.1985120 -0.1370084 0.1197862
v 0.2058384 -0.1246338 0.1259570
v 0.2142376 -0.1151827 0.1086596
v 0.2056600 -0.1273439 0.1119143
v 0.2108768 -0.2099122 0.1342511
v 0.2125370 -0.2181304 0.1464723
v 0.2225181 -0.2105783 0.1413982
v 0.2329993 -0.2082200 0.1644486
v 0.2388685 -0.2024850 0.1543071
v 0.2404423 -0.1973163 0.1667182
v 0.2264287 -0.2133578 0.1538577
v 0.2417015 -0.1755017 0.1786720
v 0.2464502 -0.1833375 0.1684787
v 0.2383781 -0.1900202 0.1791055
v 0.2483915 -0.1705435 0.1696211
v 0.2445921 -0.1459116 0.1678554
v 0.2245777 -0.1364116 0.1771791
v 0.2356126 -0.1447782 0.1755897
v 0.2417821 -0.1592539 0.1761668
v 0.2334919 -0.1323789 0.1655365
v 0.1941103 -0.1385355 0.1583946
v 0.2123137 -0.1228809 0.1514556
v 0.2006316 -0.1280937 0.1411756
v 0.2107860 -0.1331745 0.1771327
v 0.2185470 -0.1276524 0.1651957
v 0.1895377 -0.2090891 0.1357333
v 0.1894939 -0.1825885 0.1230671
v 0.1892921 -0.1967451 0.1285827
v 0.2024051 -0.1926913 0.1197626
v 0.1819170 -0.1735139 0.1302155
v 0.1797964 -0.1655140 0.1398236
v 0.1864317 -0.1583311 0.1290139
v 0.1944831 -0.1509431 0.1179117
v 0.1855794 -0.1525570 0.1408871
v 0.1919609 -0.1400285 0.1429533
v 0.1911266 -0.1453429 0.1301172
v 0.1964112 -0.1347318 0.1315490
v 0.1831305 -0.2310273 0.1551220
v 0.1990288 -0.2273478 0.1530174
v 0.1911330 -0.2381742 0.1646988
v 0.2045844 -0.2325465 0.1667805
v 0.1870882 -0.2204256 0.1450365
v 0.2150433 -0.2237282 0.1609819
v 0.2245797 -0.2096281 0.1910359
v 0.2256954 -0.2162409 0.1676897
v 0.2321295 -0.2054081 0.1773293
v 0.2265459 -0.1863330 0.2013918
v 0.2299089 -0.1960781 0.1912652
v 0.2344972 -0.1659376 0.1880228
v 0.2338742 -0.1813460 0.1897295
v 0.2247143 -0.1545684 0.1964425
v 0.2305526 -0.1499483 0.1850837
v 0.2159867 -0.1396643 0.1893671
v 0.2284945 -0.1717674 0.1986237
v 0.1971885 -0.1394195 0.1737897
v 0.2042264 -0.1394913 0.1892278
v 0.1997408 -0.1309011 0.1545825
v 0.1734174 -0.2210231 0.1496312
v 0.1785375 -0.2126050 0.1424159
v 0.1780438 -0.2018886 0.1376881
v 0.1789173 -0.1887043 0.1332347
v 0.1690324 -0.1927185 0.1437261
v 0.1736669 -0.1796158 0.1409744
v 0.1740541 -0.1693936 0.1526762
v 0.1818091 -0.1580062 0.1517619
v 0.1882241 -0.1487959 0.1649170
v 0.1876187 -0.1478269 0.1515911
v 0.2172703 -0.1719301 0.2153640
v 0.2167675 -0.1546946 0.2074230
v 0.2120828 -0.1420067 0.1963943
v 0.2215841 -0.2008316 0.2046014
v 0.2231056 -0.1766706 0.2067515
v 0.2218827 -0.1642779 0.2059267
v 0.1799527 -0.1591351 0.1645764
v 0.1387728 -0.2135616 0.1581557
v 0.1511279 -0.2068284 0.1565948
v 0.1592496 -0.1935809 0.1529045
v 0.1659945 -0.2068592 0.1481550
v 0.1420033 -0.2341852 0.1676804
v 0.1566020 -0.2325843 0.1631437
v 0.1472804 -0.2212791 0.1614087
v 0.1604422 -0.2194719 0.1556135
v 0.1695647 -0.2320395 0.1582007
v 0.1848829 -0.2531928 0.1888699
v 0.1785497 -0.2400327 0.1638864
v 0.1822645 -0.2481524 0.1758571
v 0.1984625 -0.2401025 0.1761820
v 0.1534633 -0.2446960 0.1713343
v 0.2049349 -0.2382328 0.2038866
v 0.1947474 -0.2488645 0.1968700
v 0.1939479 -0.2464501 0.1851820
v 0.2682269 -0.1782492 0.1369178
v 0.2757799 -0.1513380 0.1455282
v 0.2751039 -0.1350258 0.1458126
v 0.2512143 -0.1133369 0.1388584
v 0.2639605 -0.1223610 0.1467053
v 0.2766663 -0.1192375 0.1395659
v 0.2646047 -0.1115898 0.1385529
v 0.2573921 -0.1038492 0.1278080
v 0.2286901 -0.1096831 0.1188193
v 0.2246991 -0.1076134 0.1036587
v 0.2436646 -0.1067973 0.1240623
v 0.2503690 -0.0997787 0.1143668
v 0.2376907 -0.1033461 0.1095476
v 0.2340545 -0.1034490 0.0944274
v 0.2067066 -0.1266500 0.1008518
v 0.2207294 -0.1125288 0.0883395
v 0.2146885 -0.1266711 0.0823903
v 0.2078147 -0.1590134 0.0960213
v 0.2092826 -0.1481167 0.0896975
v 0.2079103 -0.1359541 0.0912497
v 0.2155387 -0.1438425 0.0785891
v 0.2153668 -0.1591190 0.0841346
v 0.2182146 -0.1810192 0.1012582
v 0.2166015 -0.1714053 0.0929315
v 0.2234306 -0.1714538 0.0820892
v 0.2281380 -0.1823837 0.0944617
v 0.2349617 -0.1939536 0.1182190
v 0.2507427 -0.1915385 0.1118666
v 0.2258458 -0.1885916 0.1078597
v 0.2393037 -0.1895040 0.1041171
v 0.2560914 -0.1887153 0.1322514
v 0.2649087 -0.1879132 0.1216275
v 0.3000584 -0.1283977 0.1096481
v 0.2985009 -0.1421402 0.1163303
v 0.2990857 -0.1550989 0.1148456
v 0.3038452 -0.1450439 0.1054236
v 0.2988231 -0.1686032 0.1110370
v 0.2988700 -0.1809985 0.1035946
v 0.3056311 -0.1347344 0.0955795
v 0.2950587 -0.1128665 0.0892195
v 0.2934535 -0.1101181 0.1042895
v 0.3010218 -0.1217145 0.0995293
v 0.2960776 -0.1193076 0.1143999
v 0.3031914 -0.1251440 0.0853222
v 0.2950669 -0.1193310 0.0764143
v 0.2581288 -0.1208903 0.0700095
v 0.2467007 -0.1146536 0.0759820
v 0.2601451 -0.1101298 0.0805621
v 0.2746146 -0.1121548 0.0799785
v 0.2689453 -0.1183208 0.0725931
v 0.2699192 -0.1043200 0.0879413
v 0.2859894 -0.1130021 0.0809738
v 0.2818151 -0.1198487 0.0704683
v 0.2701865 -0.1247555 0.0633661
v 0.2458947 -0.1355598 0.0569021
v 0.2461330 -0.1254692 0.0659944
v 0.2579184 -0.1289471 0.0591997
v 0.2583132 -0.1384736 0.0494797
v 0.2313538 -0.1580361 0.0624056
v 0.2308967 -0.1723351 0.0690328
v 0.2361279 -0.1461467 0.0581975
v 0.2387075 -0.1868474 0.0741893
v 0.2626055 -0.1997412 0.0889235
v 0.2690482 -0.1965095 0.0996871
v 0.2890221 -0.1784349 0.1152980
v 0.2890492 -0.1873713 0.1059963
v 0.2766102 -0.1889837 0.1119753
v 0.2838066 -0.1956827 0.0987532
v 0.2669567 -0.0975150 0.1163495
v 0.2721331 -0.1053874 0.1309249
v 0.2800092 -0.1030315 0.1207757
v 0.2860352 -0.1420677 0.1354965
v 0.2849344 -0.1128686 0.1279251
v 0.2889659 -0.1084170 0.1165049
v 0.2710694 -0.0980595 0.0991936
v 0.2459485 -0.1031011 0.0868713
v 0.2464607 -0.0985006 0.1005101
v 0.2582217 -0.0963329 0.1045017
v 0.2589564 -0.1000695 0.0923258
v 0.2238887 -0.1308649 0.0723357
v 0.2253965 -0.1194126 0.0774993
v 0.2344642 -0.1107880 0.0810445
v 0.2353442 -0.1215572 0.0719647
v 0.2340512 -0.1333702 0.0646026
v 0.2253442 -0.1453417 0.0674259
v 0.2226284 -0.1586883 0.0729015
v 0.2403814 -0.1895128 0.0893764
v 0.2313592 -0.1812118 0.0816680
v 0.2621678 -0.1926084 0.1090421
v 0.2528383 -0.1944949 0.0967679
v 0.2789565 -0.1789017 0.1255118
v 0.2895241 -0.1657426 0.1241117
v 0.2793633 -0.1689862 0.1347491
v 0.2925555 -0.1498053 0.1256105
v 0.2943922 -0.1338802 0.1229778
v 0.3598478 -0.3055827 0.0013913
v 0.3460735 -0.1878075 0.0097642
v 0.3008226 -0.2152995 0.0060444
v 0.3581563 -0.1935195 0.0101391
v 0.2992419 -0.2016603 0.0077931
v 0.2998136 -0.1863013 0.0080650
v 0.3112434 -0.1753855 0.0066617
v 0.0032163 -0.0515294 0.3533634
v 0.0064374 -0.0649952 0.3598151
v 0.0217303 -0.0687037 0.3607903
v 0.0183411 -0.0555673 0.3545575
v 0.0365759 -0.0720597 0.3611760
v 0.0336247 -0.0593942 0.3551784
v 0.0399320 -0.0405282 0.3451573
v 0.0006366 -0.0406344 0.3481164
v 0.0513421 -0.0748543 0.3608965
v 0.0776703 -0.0806202 0.3604275
v 0.0763637 -0.0575332 0.3472075
v 0.0552061 -0.0549329 0.3501477
v 0.0752387 -0.0450546 0.3406503
v 0.0618543 -0.0123240 0.3278654
v 0.0323846 -0.0202385 0.3362868
v 0.0218432 -0.0116285 0.3333676
v 0.0185213 -0.0262500 0.3404821
v 0.1169396 -0.1171579 0.3884462
v 0.1400564 -0.1256980 0.4010126
v 0.1496174 -0.1202908 0.3893839
v 0.1708371 -0.1199314 0.3741345
v 0.1578216 -0.1160923 0.3767253
v 0.1505307 -0.1090991 0.3668076
v 0.1361043 -0.1053532 0.3680847
v 0.1210333 -0.1015808 0.3680151
v 0.1089863 -0.1074016 0.3771136
v 0.1267682 -0.1102783 0.3781410
v 0.1849586 -0.1238709 0.3572747
v 0.1943870 -0.1304125 0.3526542
v 0.1776580 -0.1181109 0.3540972
v 0.1852247 -0.1220477 0.3427141
v 0.1692759 -0.1068123 0.3354354
v 0.1664636 -0.1093536 0.3487908
v 0.1542929 -0.1049227 0.3546436
v 0.1659302 -0.1140748 0.3634529
v 0.1521123 -0.0872993 0.3285699
v 0.1418004 -0.0748708 0.3270234
v 0.1416041 -0.0866620 0.3387649
v 0.1200893 -0.0727442 0.3408608
v 0.1273917 -0.0860342 0.3480589
v 0.1003552 -0.0757794 0.3514997
v 0.1159982 -0.0917477 0.3588695
v 0.1307202 -0.0970366 0.3584999
v 0.2038982 -0.1416738 0.3331743
v 0.1979211 -0.1344645 0.3215661
v 0.1846397 -0.1172085 0.3183607
v 0.1749997 -0.1065415 0.3209745
v 0.1801324 -0.1151340 0.3310694
v 0.2086163 -0.1513539 0.3202270
v 0.2030493 -0.1448732 0.2929239
v 0.1995577 -0.1378560 0.3065239
v 0.1870877 -0.1095094 0.2801225
v 0.1736622 -0.0905213 0.2940921
v 0.1588843 -0.0763733 0.3090095
v 0.1678308 -0.0959582 0.3161651
v 0.2084701 -0.1583751 0.2957107
v 0.2145027 -0.1780415 0.2776185
v 0.2112231 -0.1675297 0.2862862
v 0.2062766 -0.1539113 0.2818255
v 0.2053289 -0.1504169 0.2700568
v 0.2095493 -0.1637449 0.2705201
v 0.1950101 -0.1211156 0.2534707
v 0.1859738 -0.1010678 0.2658011
v 0.1917690 -0.1158860 0.2669399
v 0.1896890 -0.1061283 0.2530110
v 0.2137771 -0.1760872 0.2625419
v 0.2184415 -0.1886338 0.2684577
v 0.2130906 -0.1728091 0.2486163
v 0.2169012 -0.1865933 0.2539964
v 0.2148684 -0.1830835 0.2385333
v 0.2187078 -0.1983005 0.2477800
v 0.1983097 -0.1312147 0.2115885
v 0.2091274 -0.1499458 0.2332326
v 0.1992472 -0.1275596 0.2254439
v 0.2310631 -0.2208763 0.4355614
v 0.2282002 -0.1923484 0.4345314
v 0.2127704 -0.2283510 0.4552527
v 0.2137050 -0.2059750 0.4541418
v 0.2226828 -0.2128256 0.4450625
v 0.2227831 -0.1972646 0.4441058
v 0.2367965 -0.2323337 0.4237888
v 0.2406577 -0.2403462 0.3956287
v 0.2354722 -0.2509733 0.4020044
v 0.2375390 -0.2169515 0.4226389
v 0.2297404 -0.2321263 0.2801751
v 0.2085692 -0.2630295 0.2898942
v 0.2161819 -0.2495608 0.2725216
v 0.2242543 -0.2375031 0.2637802
v 0.2258262 -0.2457265 0.2759894
v 0.2233720 -0.2104182 0.2576498
v 0.2194543 -0.1914227 0.2824497
v 0.2273834 -0.2182657 0.2866720
v 0.2216849 -0.1989191 0.2618435
v 0.1586965 -0.2973459 0.2638389
v 0.1689852 -0.2936846 0.2702147
v 0.1669675 -0.2884044 0.2554049
v 0.1796165 -0.2834356 0.2646961
v 0.1365298 -0.3106000 0.2634357
v 0.1283750 -0.3092764 0.2521633
v 0.1333114 -0.3013211 0.2418048
v 0.1388381 -0.2936660 0.2314934
v 0.1691635 -0.2817389 0.2420914
v 0.1867519 -0.2697695 0.2464917
v 0.1778191 -0.2789248 0.2506538
v 0.1161352 -0.3173742 0.2536466
v 0.0935353 -0.3248180 0.2467191
v 0.1050351 -0.3172632 0.2433889
v 0.0827707 -0.3251900 0.2405413
v 0.0757137 -0.3201985 0.2304117
v 0.0837154 -0.3105040 0.2203210
v 0.0951303 -0.3029276 0.2154468
v 0.0541479 -0.3188691 0.2213928
v 0.0394961 -0.3217508 0.2220050
v 0.0055061 -0.3375722 0.2394790
v 0.0006366 -0.3188913 0.2160241
v 0.0265954 -0.3167861 0.2136593
v 0.0272097 -0.3066748 0.2001353
v 0.0411741 -0.3044217 0.1991196
v 0.0394525 -0.3117512 0.2085518
v 0.0632174 -0.2999119 0.1984989
v 0.0595768 -0.3099437 0.2104325
v 0.1652711 -0.2299152 0.4755328
v 0.1425378 -0.2627099 0.4660719
v 0.0277913 -0.4326232 0.4018820
v 0.0155099 -0.4302020 0.4084983
v 0.0384095 -0.4238631 0.4051673
v 0.0015789 -0.4264866 0.4132373
v 0.0069742 -0.4296446 0.3526450
v -0.0020797 -0.4246103 0.3436332
v 0.0333909 -0.4269482 0.3534444
v 0.0280277 -0.4340110 0.3661809
v 0.0136355 -0.4355278 0.3657838
v 0.0075971 -0.4393613 0.3754908
v 0.0198376 -0.4311359 0.3567325
v 0.0817555 -0.3700713 0.3984940
v 0.0761652 -0.3844236 0.4000188
v 0.0799115 -0.3938988 0.3914683
v 0.0699982 -0.3985743 0.4000946
v 0.0632225 -0.4129209 0.3970554
v 0.0758565 -0.4062832 0.3887500
v 0.0690062 -0.4149298 0.3635598
v 0.0745053 -0.4076208 0.3543064
v 0.0698012 -0.4044660 0.3409578
v 0.0818506 -0.3981816 0.3467233
v 0.0454834 -0.3824551 0.2955805
v 0.0401580 -0.3917700 0.3046999
v 0.0303306 -0.3863674 0.2952331
v 0.0366157 -0.3768183 0.2858315
v 0.0591181 -0.3628055 0.2775179
v 0.0171032 -0.3904791 0.2973392
v 0.0279191 -0.3688907 0.2750784
v 0.0136921 -0.3637102 0.2681816
v 0.0009580 -0.3695540 0.2738047
v 0.0376836 -0.3615421 0.2691109
v 0.0824215 -0.3782104 0.3133946
v 0.0751418 -0.3730189 0.2998502
v 0.0849781 -0.3635176 0.2944432
v 0.0548803 -0.3871074 0.3054585
v 0.0727688 -0.3551556 0.2752875
v 0.0681606 -0.3674161 0.2879165
v 0.0862926 -0.3485910 0.2753891
v 0.0817000 -0.3577234 0.2842402
v 0.1087091 -0.3446444 0.2893640
v 0.1060861 -0.3542893 0.3009277
v 0.0959955 -0.3612570 0.3008880
v 0.1151305 -0.3541369 0.3125751
v 0.1255758 -0.3452771 0.3116341
v 0.1030103 -0.3633656 0.3125088
v 0.1069324 -0.3712489 0.3338464
v 0.0974552 -0.3726000 0.3212768
v 0.1355942 -0.3261393 0.3559943
v 0.1237245 -0.3302519 0.3647649
v 0.1400437 -0.3351673 0.3465029
v 0.1472449 -0.3218083 0.3473361
v 0.1240174 -0.3502761 0.3558859
v 0.1228055 -0.3576348 0.3491679
v 0.1315741 -0.3484757 0.3420562
v 0.1409115 -0.3400736 0.3386552
v 0.1288168 -0.3397720 0.3554960
v 0.1571945 -0.3178584 0.3204226
v 0.1648248 -0.3186563 0.3283935
v 0.1568230 -0.3189852 0.3389094
v 0.1744130 -0.3076737 0.3274446
v 0.1577173 -0.3006204 0.4254155
v 0.1461093 -0.3023782 0.4218653
v 0.0493741 -0.3576860 0.2676723
v 0.0378659 -0.3538805 0.2605153
v 0.0502852 -0.3500668 0.2592470
v -0.0006314 -0.3587484 0.2628016
v 0.0157569 -0.3431913 0.2462483
v 0.0199005 -0.3348628 0.2367280
v 0.0464049 -0.3376729 0.2435895
v 0.1128230 -0.3350835 0.2785121
v 0.1001436 -0.3418864 0.2767715
v 0.1366026 -0.3229830 0.2854363
v 0.1292407 -0.3372514 0.3017515
v 0.1346952 -0.3287271 0.2934684
v 0.1485514 -0.3183837 0.2918022
v 0.1248202 -0.3285187 0.2812322
v 0.1310254 -0.3194305 0.2729150
v 0.1449879 -0.3124985 0.2766775
v 0.1577509 -0.3031453 0.2742501
v 0.1937342 -0.2943588 0.3110732
v 0.1679680 -0.3089010 0.3158112
v 0.1857311 -0.3010931 0.3174171
v 0.1975192 -0.2760503 0.2949770
v 0.2235319 -0.2562240 0.2974867
v 0.2215658 -0.2705165 0.3996200
v 0.2356256 -0.2522367 0.3884702
v 0.2290081 -0.2618002 0.3940331
v 0.1745008 -0.2199047 0.4715201
v 0.1445038 -0.2853234 0.4484634
v 0.1341342 -0.2902233 0.4409343
v 0.1325974 -0.2977628 0.4290309
v 0.1486583 -0.2956520 0.4360118
v 0.0565099 -0.3637517 0.4189202
v 0.0547531 -0.3643373 0.4195058
v 0.0563147 -0.3616045 0.4195058
v 0.0539723 -0.3625805 0.4200914
v 0.0325572 -0.2719580 0.4306412
v 0.0498810 -0.2818251 0.4325580
v 0.0065789 -0.2591082 0.4281635
v -0.0053014 -0.2668257 0.4286351
v 0.0055739 -0.2715991 0.4289377
v -0.0023765 -0.2833185 0.4292040
v -0.0000823 -0.3088082 0.4292071
v 0.0193643 -0.2971437 0.4293407
v 0.0252095 -0.2834421 0.4298554
v 0.1941245 -0.2524888 0.4503471
v 0.1825632 -0.2774669 0.4440277
v 0.1811129 -0.2702771 0.4538284
v 0.1688211 -0.2574280 0.4660117
v 0.1727537 -0.2865107 0.4403875
v 0.1566475 -0.2770649 0.4553572
v 0.1591365 -0.2871387 0.4453497
v 0.1893807 -0.2848194 0.4203320
v 0.2164939 -0.2666585 0.4218600
v 0.2266976 -0.2617336 0.4097042
v 0.2287875 -0.2345828 0.4370471
v 0.2221794 -0.2472693 0.4367922
v 0.2339112 -0.2472826 0.4157973
v 0.2254050 -0.2547389 0.4246283
v 0.1958789 -0.1483216 0.4223715
v 0.2306647 -0.1601561 0.3899302
v 0.2294354 -0.1607459 0.3758395
v 0.2135389 -0.1472395 0.3711929
v 0.2192027 -0.1519222 0.3844362
v 0.2066173 -0.1425238 0.3839912
v 0.1963208 -0.1385983 0.3965783
v 0.2103054 -0.1476385 0.3974375
v 0.2056426 -0.1403521 0.3588754
v 0.1807300 -0.1253116 0.3788125
v 0.1823296 -0.1296474 0.3908752
v 0.2030990 -0.1384469 0.3715411
v 0.1475407 -0.1327326 0.4126106
v 0.1635875 -0.1343130 0.4130973
v 0.1779990 -0.1370737 0.4121579
v 0.1839550 -0.1342561 0.4018362
v 0.1664398 -0.1231853 0.3880545
v 0.2396184 -0.1708187 0.3795719
v 0.2439299 -0.1900521 0.3629500
v 0.2318642 -0.1729230 0.3525958
v 0.2237244 -0.1678356 0.3408214
v 0.2245650 -0.1616798 0.3548115
v 0.2318983 -0.1657826 0.3650017
v 0.2225957 -0.1757616 0.3285572
v 0.2303651 -0.1810486 0.3410358
v 0.2389151 -0.1944761 0.3488733
v 0.2114513 -0.1610246 0.3105128
v 0.2111714 -0.1516987 0.3330132
v 0.2167603 -0.1514454 0.3576432
v 0.2174447 -0.1567854 0.3428041
v 0.2266044 -0.2305384 0.3073998
v 0.2245087 -0.2075025 0.2993062
v 0.1900093 -0.2922020 0.3237761
v 0.2145771 -0.2613315 0.3395114
v 0.2099834 -0.2645181 0.3278721
v 0.0702333 -0.2633275 0.4417238
v 0.0732342 -0.2780790 0.4395193
v 0.0856718 -0.2817688 0.4427177
v 0.0588230 -0.2729679 0.4357100
v 0.0806184 -0.2544769 0.4505777
v 0.0485739 -0.2956594 0.4305679
v 0.0624709 -0.2881411 0.4337486
v 0.0784952 -0.2935120 0.4342177
v -0.0038125 -0.2375224 0.4250348
v 0.0269183 -0.2267370 0.4259825
v 0.0147747 -0.2160355 0.4215087
v -0.0004280 -0.2210900 0.4215155
v 0.0464205 -0.2388387 0.4330681
v 0.0509253 -0.2157119 0.4322972
v 0.0403500 -0.2064715 0.4256909
v 0.0526607 -0.1988328 0.4297958
v 0.0647056 -0.1764414 0.4280836
v 0.0539444 -0.1845142 0.4255336
v 0.0190299 -0.1995425 0.4178556
v 0.0172361 -0.1830793 0.4120415
v -0.0015975 -0.1979081 0.4154499
v 0.0131727 -0.1520693 0.3999074
v 0.0541812 -0.1717686 0.4198605
v 0.0576227 -0.1623120 0.4158010
v 0.0385955 -0.1495410 0.4017642
v 0.0355989 -0.1218166 0.3864799
v 0.0420921 -0.1352063 0.3942655
v 0.0245211 -0.1458502 0.3980781
v 0.0148176 -0.1381804 0.3940850
v 0.0038348 -0.1400853 0.3947392
v 0.0982114 -0.1999493 0.4609319
v 0.1036023 -0.1865499 0.4579552
v 0.1222164 -0.1575571 0.4423698
v 0.1322413 -0.1657352 0.4537510
v 0.1111290 -0.1755777 0.4546811
v 0.1382914 -0.1556295 0.4440773
v 0.1313205 -0.1320291 0.4113603
v 0.1152278 -0.1324231 0.4093832
v 0.1084049 -0.1409537 0.4188810
v 0.0823769 -0.1581810 0.4258290
v 0.0852744 -0.1697327 0.4363413
v 0.0854337 -0.1810130 0.4440710
v 0.1088402 -0.1650163 0.4451370
v 0.0909493 -0.1503874 0.4224257
v 0.0761410 -0.2296999 0.4489347
v 0.0647407 -0.2208954 0.4402730
v 0.0860844 -0.2352992 0.4582858
v 0.1087484 -0.2076851 0.4710578
v 0.0838560 -0.2055159 0.4535461
v 0.0849771 -0.2219057 0.4569603
v 0.0652406 -0.1909223 0.4355853
v 0.0609702 -0.2058993 0.4361748
v 0.0754564 -0.2166315 0.4485074
v 0.0782829 -0.1918835 0.4447199
v 0.0282144 -0.3826330 0.4280595
v 0.0173270 -0.3931209 0.4272477
v 0.0248661 -0.3699630 0.4300444
v 0.0097911 -0.3695152 0.4312857
v 0.0022637 -0.3794265 0.4311450
v 0.0142267 -0.3806759 0.4301882
v 0.0040487 -0.3910229 0.4292031
v 0.0482268 -0.3939905 0.4173030
v 0.0319253 -0.3969773 0.4225387
v 0.0486733 -0.4143598 0.4072714
v 0.0419574 -0.4060951 0.4146920
v 0.0197664 -0.3575297 0.4298553
v 0.0120672 -0.3446891 0.4289572
v -0.0013053 -0.3373964 0.4285071
v -0.0017113 -0.3495589 0.4296407
v 0.0040469 -0.3588894 0.4306163
v 0.0350874 -0.3583162 0.4281744
v 0.0280271 -0.3445053 0.4283572
v 0.0427333 -0.3460568 0.4275675
v 0.0361258 -0.3321311 0.4284497
v 0.0213881 -0.3306477 0.4284922
v 0.0906852 -0.3582781 0.3907444
v 0.0817982 -0.3551898 0.4034917
v 0.0509173 -0.3343090 0.4276292
v 0.0648137 -0.3348995 0.4245352
v 0.0718624 -0.3489946 0.4166750
v 0.0812629 -0.3431965 0.4082842
v 0.0606397 -0.3702658 0.4186356
v 0.0628972 -0.3873856 0.4108908
v 0.0722407 -0.3636641 0.4114502
v 0.0574698 -0.3484028 0.4269451
v 0.0390126 -0.3711762 0.4274238
v 0.0420442 -0.3836473 0.4239894
v 0.0528490 -0.3823790 0.4192531
v 0.0512715 -0.3710577 0.4229551
v 0.0713567 -0.3753592 0.4080343
v 0.1421677 -0.2741582 0.4576495
v 0.1106163 -0.3238530 0.3820505
v 0.0961577 -0.3448282 0.3876381
v 0.1054622 -0.3439465 0.3759970
v 0.1163111 -0.3442658 0.3643992
v 0.1131675 -0.3325538 0.3740225
v 0.0917331 -0.3706957 0.3852706
v 0.1003728 -0.3649499 0.3756480
v 0.0870386 -0.3837145 0.3869171
v 0.1160458 -0.3577142 0.3605437
v 0.1079322 -0.3554389 0.3697526
v 0.0663777 -0.3983939 0.3273120
v 0.0863588 -0.3835657 0.3254659
v 0.0899207 -0.3879522 0.3383644
v 0.0968541 -0.3790775 0.3321092
v 0.0200721 -0.4089478 0.3212484
v 0.0206564 -0.4172039 0.3332154
v 0.0045499 -0.3964359 0.3032400
v 0.0181075 -0.4001347 0.3092889
v 0.0485271 -0.3965620 0.3140360
v 0.0332432 -0.4018472 0.3150496
v 0.0429682 -0.4133918 0.3346986
v 0.0327746 -0.4115690 0.3282553
v -0.0007566 -0.3222916 0.4288806
v 0.0138624 -0.3139660 0.4290891
v 0.0296022 -0.3182720 0.4290423
v 0.0390273 -0.3073952 0.4292240
v 0.0692777 -0.3192687 0.4253491
v 0.0572264 -0.3238821 0.4275956
v 0.0798534 -0.3078912 0.4253795
v 0.0649092 -0.3031476 0.4304589
v 0.0535925 -0.3113579 0.4291953
v 0.0921073 -0.3092027 0.4158731
v 0.0830764 -0.3204161 0.4159133
v 0.0767458 -0.3330472 0.4164787
v 0.0944733 -0.3324507 0.3962887
v 0.1019509 -0.3091091 0.4052280
v 0.0932421 -0.3203171 0.4054042
v 0.1033664 -0.3198487 0.3931718
v 0.0137637 -0.4163732 0.4179680
v 0.0190278 -0.4041577 0.4229068
v -0.0021832 -0.4145484 0.4204308
v 0.0368818 -0.4150254 0.4121152
v 0.0281049 -0.4103124 0.4176972
v 0.0271148 -0.4214077 0.4115660
v 0.0502102 -0.4244625 0.3975821
v 0.0566517 -0.4027658 0.4090436
v 0.0446230 -0.4305378 0.3862464
v 0.0204132 -0.4247302 0.3451737
v 0.0080254 -0.4215916 0.3387046
v 0.0074380 -0.4143290 0.3273685
v 0.0329071 -0.4192870 0.3398179
v 0.0600427 -0.4156517 0.3508619
v 0.0570699 -0.4237217 0.3645716
v 0.0422785 -0.4305148 0.3655361
v 0.0472661 -0.4242658 0.3564051
v 0.0454463 -0.4188040 0.3449172
v 0.0615658 -0.3923448 0.3156876
v 0.0558348 -0.4004250 0.3227887
v 0.0741621 -0.3882989 0.3197358
v 0.0557110 -0.4086890 0.3349246
v 0.0453259 -0.4058337 0.3248059
v 0.0367739 -0.4347354 0.3774701
v 0.0217666 -0.4378546 0.3768666
v 0.0378564 -0.4330769 0.3955759
v 0.0267421 -0.4344134 0.3862245
v 0.0164942 -0.4357798 0.3872981
v 0.0617096 -0.4227964 0.3870851
v 0.0521141 -0.4273863 0.3766629
v 0.0721186 -0.4150984 0.3841927
v 0.0659788 -0.4163596 0.3772438
v 0.0740777 -0.4098185 0.3740246
v 0.0776644 -0.4067197 0.3644825
v 0.0855381 -0.3978062 0.3590022
v 0.0941109 -0.3877795 0.3619944
v 0.0836449 -0.4010381 0.3695309
v 0.0853585 -0.3999854 0.3810901
v 0.1009254 -0.3791291 0.3438962
v 0.1033836 -0.3748898 0.3535498
v 0.1092286 -0.3677324 0.3478310
v 0.1129449 -0.3676469 0.3556256
v 0.1355380 -0.3383627 0.3320789
v 0.1121218 -0.3625559 0.3238696
v 0.1176268 -0.3604198 0.3356235
v 0.1236691 -0.3528676 0.3240427
v 0.1422319 -0.3291399 0.3047422
v 0.1361553 -0.3374530 0.3141072
v 0.1491387 -0.3271279 0.3271874
v 0.1471813 -0.3276387 0.3218345
v 0.1422086 -0.3315100 0.3286266
v 0.1650400 -0.3104632 0.3134277
v 0.1740192 -0.3019715 0.3097634
v 0.1694299 -0.3014743 0.2857636
v 0.1613704 -0.3126106 0.2967580
v 0.1848592 -0.2911229 0.3034494
v 0.1789930 -0.2985290 0.2965074
v 0.2089596 -0.2585399 0.2805247
v 0.1879791 -0.2743150 0.2596881
v 0.1813346 -0.2896611 0.2804978
v 0.1945104 -0.2659805 0.2550483
v 0.1959263 -0.2597161 0.2446349
v 0.2146548 -0.2367371 0.2486944
v 0.2093790 -0.2576732 0.2710405
v 0.0593083 -0.2905753 0.1861526
v 0.0417484 -0.2827432 0.1731032
v -0.0000339 -0.3002372 0.1902070
v 0.0222452 -0.2974114 0.1877375
v 0.0016837 -0.2907067 0.1783861
v 0.0169993 -0.2878102 0.1758097
v 0.0062163 -0.2813170 0.1679907
v 0.0011136 -0.2675680 0.1530555
v 0.0177972 -0.2782311 0.1650573
v 0.0357882 -0.2626375 0.1510676
v 0.0387105 -0.2727083 0.1618257
v 0.0604017 -0.2559559 0.1496517
v 0.0622860 -0.2671904 0.1614250
v 0.0036630 -0.1039828 0.3790691
v 0.0141175 -0.1112092 0.3821386
v 0.0201862 -0.1009033 0.3768778
v 0.0489184 -0.1171530 0.3839238
v 0.0406856 -0.1066233 0.3784312
v 0.0671477 -0.1006762 0.3741163
v 0.0463810 -0.0930030 0.3709062
v 0.0225985 -0.0877321 0.3701492
v -0.0035235 -0.0840595 0.3693379
v 0.1096177 -0.0430203 0.3283861
v 0.0963010 -0.0405090 0.3322099
v 0.1388950 -0.0608424 0.3202673
v 0.1357015 -0.0451148 0.3141964
v 0.1303793 -0.0220269 0.3059483
v 0.1035933 -0.0208550 0.3199895
v 0.0916523 -0.0149694 0.3214724
v 0.1664930 -0.0752640 0.2941306
v 0.1671616 -0.0539508 0.2752488
v 0.1677426 -0.0324782 0.2574978
v 0.1474545 -0.0207171 0.2883528
v 0.1847026 -0.0906921 0.2529183
v 0.1839012 -0.0817283 0.2396194
v 0.1845021 -0.0784801 0.2137298
v 0.1810558 -0.0559526 0.2125973
v 0.1834368 -0.0732031 0.2261904
v 0.1784628 -0.0540039 0.2367836
v 0.1758833 -0.0409965 0.2360647
v 0.1765552 -0.0590203 0.2502308
v 0.1911824 -0.1090914 0.2191401
v 0.1895898 -0.1097406 0.2064693
v 0.1878252 -0.1275195 0.1880590
v 0.1921014 -0.1222666 0.2011234
v 0.1862825 -0.1121000 0.1923125
v 0.1775512 -0.1001592 0.1688772
v 0.1748141 -0.0865994 0.1599269
v 0.1815124 -0.0759089 0.1896984
v 0.1802497 -0.0604918 0.1889874
v 0.1839925 -0.0836830 0.2015765
v 0.1762684 -0.1277074 0.1670085
v 0.1748266 -0.1135518 0.1617568
v 0.1712530 -0.1368824 0.1598367
v 0.1540923 -0.1298309 0.1286370
v 0.1570962 -0.1041526 0.1230909
v 0.1652078 -0.0991468 0.1366980
v 0.1682136 -0.1133518 0.1465651
v 0.1402998 -0.1590706 0.1265736
v 0.1481437 -0.1447446 0.1281500
v 0.1250227 -0.1921364 0.1317167
v 0.1178173 -0.1761295 0.1147489
v 0.1286668 -0.1673344 0.1189312
v 0.1072596 -0.1637794 0.1004818
v 0.0918853 -0.1513708 0.0856502
v 0.1148295 -0.1360731 0.0903292
v 0.1249035 -0.1508517 0.1065134
v 0.1266949 -0.1290862 0.0965407
v 0.1347960 -0.1428092 0.1112519
v 0.1372654 -0.1276174 0.1064520
v 0.0788735 -0.1716347 0.0917182
v 0.0962439 -0.1805484 0.1043643
v 0.0974431 -0.2002550 0.1180819
v 0.0836647 -0.2027929 0.1139447
v 0.0711225 -0.2357240 0.1349929
v 0.0917626 -0.2202845 0.1301695
v 0.0902980 -0.2103780 0.1224090
v 0.0611709 -0.1987885 0.1041889
v 0.2341252 -0.1882410 0.4123600
v 0.2382306 -0.1780050 0.4197643
v 0.2250996 -0.1861553 0.4347297
v 0.2261370 -0.1828031 0.4335600
v 0.2243803 -0.1814367 0.4386352
v 0.1874511 -0.1546309 0.4452637
v 0.2214589 -0.1803033 0.4469162
v 0.2378868 -0.2052107 0.4189082
v 0.2429239 -0.2271089 0.4016081
v 0.2422875 -0.2191045 0.3797618
v 0.2418931 -0.2201981 0.3544752
v 0.2154011 -0.2600039 0.3524552
v 0.1702461 -0.3004410 0.3756932
v 0.1354596 -0.3052721 0.4034632
v 0.1435427 -0.3056017 0.3937186
v 0.1811429 -0.2964610 0.3838041
v 0.1456590 -0.3060054 0.4081127
v 0.1577346 -0.3041706 0.4136545
v 0.1118431 -0.2825517 0.4342868
v 0.1164357 -0.2936756 0.4187250
v 0.1138981 -0.2950420 0.4161874
v 0.1232167 -0.2900426 0.4370077
v 0.1002041 -0.2806855 0.4452848
v 0.1103845 -0.2757174 0.4444911
v 0.1159913 -0.2661802 0.4534618
v 0.1245364 -0.2551240 0.4643038
v 0.1034453 -0.2903937 0.4316866
v 0.1042749 -0.2232097 0.4736472
v 0.0953347 -0.2302782 0.4659444
v 0.1495054 -0.2160027 0.4836732
v 0.0873422 -0.1406463 0.4113267
v 0.0855085 -0.1324256 0.4022492
v 0.0761642 -0.1262424 0.3938999
v 0.0622262 -0.1339174 0.3972341
v 0.0645509 -0.1449200 0.4064779
v 0.1236310 -0.1251327 0.3999440
v 0.0859238 -0.1169289 0.3864946
v 0.0988789 -0.1339260 0.4074464
v 0.0772893 -0.1086680 0.3793311
v 0.0723595 -0.1171276 0.3855117
v 0.2554540 0.0593015 0.0314418
v 0.2774741 0.0551435 0.0445301
v 0.2626390 0.0590474 0.0428709
v 0.2462424 0.0668553 0.0412118
v 0.2310170 0.0770056 0.0382838
v 0.3152936 -0.0020549 0.0371802
v 0.3064299 -0.0148980 0.0345507
v 0.2741399 -0.0112869 0.0353464
v 0.2999123 -0.0019156 0.0390544
v 0.3073348 0.0592230 0.0398523
v 0.3036053 0.0676817 0.0437910
v 0.2948855 0.0566310 0.0442846
v 0.2866485 0.0565098 0.0466773
v 0.3384520 0.0096154 0.0328755
v 0.3303028 -0.0023686 0.0334776
v 0.2694920 0.0052278 0.0340397
v 0.2771781 0.0166204 0.0365055
v 0.2720017 0.0299575 0.0248554
v 0.3307195 0.0410841 0.0368493
v 0.3231843 0.0131185 0.0387380
v 0.3078139 0.0105538 0.0408648
v 0.3347372 0.0255187 0.0366016
v 0.2995011 0.0237014 0.0411304
v 0.2852911 0.0271326 0.0361670
v 0.3168566 0.0422557 0.0386387
v 0.2922523 0.0121502 0.0407839
v 0.2841109 0.0016226 0.0387485
v 0.2909241 -0.0128726 0.0365078
v 0.3213763 0.0303950 0.0407481
v 0.3122526 0.0228151 0.0416717
v 0.3077488 0.0349131 0.0405007
v 0.2791823 0.0421354 0.0343270
v 0.2943149 0.0376877 0.0382957
v 0.2898811 0.0479773 0.0401231
v 0.2674091 0.0512488 0.0333509
v 0.3042642 0.0478224 0.0394915
v 0.4067749 -0.1043835 0.0186693
v 0.4001545 -0.1159234 0.0172134
v 0.4066235 -0.0928779 0.0262574
v 0.3888204 -0.1203621 0.0275087
v 0.3981889 -0.1076532 0.0315458
v 0.4067274 -0.1059650 0.0075866
v 0.3128082 0.0828446 0.0278042
v 0.3106658 0.0953197 0.0219110
v 0.3098179 0.0945924 0.0387701
v 0.3081737 0.0794417 0.0408328
v 0.3138936 0.0685356 0.0327459
v 0.3139768 0.0722345 0.0168098
v 0.3093320 0.0839399 0.0127529
v 0.3049166 0.0937351 0.0093686
v 0.3058763 0.1043003 0.0146489
v 0.3828104 -0.0890673 0.0410663
v 0.3781186 -0.0758870 0.0397477
v 0.3692431 -0.0706830 0.0381436
v 0.3915247 -0.0773828 0.0361528
v 0.3832983 -0.0653093 0.0323175
v 0.3966143 -0.0681996 0.0238005
v 0.3997062 -0.0690533 0.0094335
v 0.3907014 -0.0616202 0.0107422
v 0.4093159 -0.0916697 0.0116062
v 0.4064098 -0.0792086 0.0173191
v 0.4016619 -0.0816692 0.0302562
v 0.3957977 -0.0917827 0.0366934
v 0.3741605 -0.1015499 0.0417565
v 0.3837351 -0.0575019 0.0219481
v 0.3816544 -0.0542951 0.0116178
v 0.3719153 -0.0567524 0.0305679
v 0.3586005 -0.0646722 0.0361256
v 0.3656803 -0.0344870 0.0103330
v 0.3585660 -0.0251471 0.0214183
v 0.3443963 -0.0429474 0.0319923
v 0.3517454 -0.0332843 0.0289105
v 0.4438049 0.0239310 0.0226758
v 0.4383617 0.0395492 0.0219032
v 0.4420112 0.0005359 0.0100010
v 0.4339666 0.0135143 0.0306896
v 0.4430355 0.0100287 0.0204683
v 0.4365785 -0.0010339 0.0232203
v 0.4015063 0.0023842 0.0335213
v 0.4035068 0.0169437 0.0378683
v 0.3890500 0.0211420 0.0341085
v 0.3993128 0.0313792 0.0350726
v 0.3953107 0.0411342 0.0277046
v 0.4067119 0.0486380 0.0189906
v 0.3911863 0.0456548 0.0122930
v 0.4178413 0.0498441 0.0085248
v 0.4239145 0.0482697 0.0207750
v 0.4029791 0.0477082 0.0074326
v 0.4048249 -0.0119521 0.0110944
v 0.4024023 -0.0081115 0.0242323
v 0.4267492 -0.0072743 0.0251643
v 0.4169676 -0.0128580 0.0186991
v 0.4293780 -0.0101832 0.0115156
v 0.4171877 -0.0131951 0.0070919
v 0.4339112 0.0463777 0.0095313
v 0.4313379 0.0265568 0.0327821
v 0.4265325 0.0377938 0.0315918
v 0.4117010 0.0420495 0.0314095
v 0.4155884 0.0290983 0.0371574
v 0.4245284 0.0030257 0.0326378
v 0.4198482 0.0155475 0.0368101
v 0.4126986 0.0059267 0.0362372
v 0.4146031 -0.0043267 0.0307941
v 0.3911097 0.0102884 0.0330974
v 0.3912346 -0.0060783 0.0140826
v 0.3801192 -0.0025241 0.0082744
v 0.3568857 0.0319586 0.0305638
v 0.3686795 -0.0006378 0.0099234
v 0.3650355 0.0042346 0.0229132
v 0.3768838 0.0426581 0.0110502
v 0.3679524 0.0408933 0.0224184
v 0.3427993 -0.0051991 0.0243321
v 0.3348631 -0.0155057 0.0303852
v 0.3213688 -0.0148023 0.0329401
v 0.3364837 -0.0324384 0.0301243
v 0.3468699 -0.0200147 0.0271979
v 0.3523734 0.0436030 0.0221855
v 0.3457108 0.0467756 0.0139402
v 0.3444594 0.0366518 0.0315118
v 0.3476873 0.0210248 0.0324339
v 0.3602486 0.0171113 0.0303361
v 0.3762687 -0.1279744 0.0246673
v 0.3624804 -0.1302609 0.0212178
v 0.3733276 -0.1319133 0.0108253
v 0.3882734 -0.1266702 0.0136296
v 0.2523052 0.0619610 0.0185349
v 0.2425582 0.0693824 0.0275003
v 0.2304244 0.0791165 0.0253248
v 0.2174827 0.0885917 0.0230516
v 0.2488315 0.0803252 0.0050123
v 0.2553456 0.0672766 0.0068871
v 0.2445293 0.0917709 0.0026552
v 0.3455191 -0.0870687 0.0353428
v 0.3484191 -0.1016416 0.0365847
v 0.3587374 -0.0945685 0.0412291
v 0.3560352 -0.0799775 0.0390773
v 0.3330700 -0.0928469 0.0159467
v 0.3390692 -0.1165407 0.0125871
v 0.3388604 -0.1076829 0.0262377
v 0.3590823 -0.1311274 0.0098104
v 0.3495022 -0.1266381 0.0135559
v 0.3486926 -0.1227326 0.0251266
v 0.3513601 -0.1155796 0.0334271
v 0.3639066 -0.1227835 0.0326121
v 0.3625140 -0.1099043 0.0391227
v 0.3317732 -0.0766872 0.0134478
v 0.3338112 -0.0664829 0.0270821
v 0.3452237 -0.0723478 0.0338152
v 0.3228251 -0.0501949 0.0114134
v 0.3266203 -0.0554627 0.0233215
v 0.2272474 -0.0859318 0.0224160
v 0.2189592 -0.0739617 0.0175080
v 0.2229886 -0.0868852 0.0101334
v 0.2423890 -0.0993215 0.0095116
v 0.2522424 -0.1000810 0.0138168
v 0.2556789 -0.0940334 0.0284097
v 0.2396131 -0.0945198 0.0240809
v 0.2313678 -0.0946005 0.0114124
v 0.2581545 0.0063623 0.0236713
v 0.2643619 -0.0484341 0.0351468
v 0.2611618 -0.0628911 0.0371168
v 0.2719486 -0.0737071 0.0326818
v 0.2743426 -0.0600147 0.0322799
v 0.2489688 -0.0407124 0.0327441
v 0.2477251 -0.0554084 0.0371828
v 0.2283311 -0.0449628 0.0210958
v 0.2362394 -0.0486027 0.0316419
v 0.2241499 -0.0444121 0.0093386
v 0.2823453 -0.0674272 0.0081163
v 0.2828386 -0.0670559 0.0216090
v 0.2791762 -0.0816622 0.0222852
v 0.2806163 -0.0804411 0.0107026
v 0.2688518 -0.0883287 0.0277416
v 0.2752444 -0.0897073 0.0147937
v 0.2654794 -0.0964105 0.0149789
v 0.2184609 -0.0567150 0.0142289
v 0.2250395 -0.0595812 0.0276110
v 0.2368647 -0.0801344 0.0327920
v 0.2358154 -0.0643812 0.0351220
v 0.2471885 -0.0711470 0.0371451
v 0.2471512 -0.0844327 0.0337332
v 0.2586741 -0.0793816 0.0351814
v 0.2342048 -0.0360387 0.0116297
v 0.2428728 -0.0273756 0.0146206
v 0.2400329 -0.0363299 0.0244121
v 0.2720668 -0.0274915 0.0333934
v 0.2842724 -0.0232942 0.0336088
v 0.2854101 -0.0352931 0.0269200
v 0.2536597 -0.0061935 0.0206040
v 0.2588483 -0.0176714 0.0303578
v 0.2964525 -0.0237382 0.0267327
v 0.3260773 -0.0250262 0.0300778
v 0.3127285 -0.0271573 0.0262281
v 0.2619734 -0.0045580 0.0304674
v 0.3284753 0.0540558 0.0179101
v 0.3183793 0.0603867 0.0186073
v 0.3200783 0.0534798 0.0316674
v 0.3350695 0.0501024 0.0103527
v 0.3375756 0.0497011 0.0268622
v 0.2638096 0.0187485 0.0258924
v 0.2606333 0.0528461 0.0235648
v 0.2689055 0.0456143 0.0056697
v 0.3538536 -0.0135348 0.0162196
v 0.3510357 0.0087682 0.0249192
v 0.3155285 -0.0383300 0.0141379
v 0.3739133 -0.0482785 0.0062695
v 0.3728385 -0.0461962 0.0199057
v 0.3632227 -0.0366447 0.0236667
v 0.3587125 -0.0474655 0.0310165
v 0.3342021 -0.0504433 0.0306282
v 0.3452051 -0.0575012 0.0335108
v 0.3282391 -0.0637139 0.0121110
v 0.3835193 0.0302272 0.0319113
v 0.3808345 0.0406030 0.0242563
v 0.3772691 0.0129204 0.0307901
v 0.3784280 -0.0007249 0.0191722
v 0.2824362 -0.0540074 0.0102522
v 0.2716518 -0.0399782 0.0324870
v 0.2597056 -0.0330068 0.0328142
v 0.2491532 -0.0279458 0.0265581
v 0.2487151 -0.0173667 0.0172747
v 0.2309054 0.1296353 0.1384261
v 0.2201546 0.1571299 0.1382702
v 0.2075037 0.1483673 0.1359794
v 0.2179762 0.1295991 0.1380551
v 0.2231648 0.1425266 0.1382735
v 0.2072329 0.1084958 0.1314215
v 0.2187799 0.1000049 0.1333392
v 0.2216325 0.1169241 0.1378259
v 0.2070039 0.1221232 0.1349600
v 0.2382524 0.1167922 0.1380984
v 0.2532487 0.1138217 0.1394935
v 0.2860843 0.0926991 0.1322508
v 0.2896041 0.1081045 0.1333223
v 0.2904676 0.1660081 0.0195006
v 0.2981923 0.1439722 0.0194724
v 0.2989688 0.1518543 0.0405233
v 0.3030246 0.1356356 0.0426175
v 0.3024130 0.1438682 0.0312295
v 0.3079707 0.1227271 0.0344521
v 0.3101168 0.1084418 0.0285548
v 0.3044930 0.1185835 0.0175295
v 0.2951452 0.1214560 0.0071849
v 0.2893492 0.1423997 0.0087793
v 0.2904012 0.1552044 0.0143619
v 0.2971418 0.1314513 0.0126280
v 0.2820120 0.1536984 0.0058152
v 0.2983758 0.1100895 0.0069671
v 0.2344945 0.0988797 0.0031886
v 0.2221095 0.1081785 0.0018655
v 0.1589817 0.3424175 0.1213455
v 0.1716366 0.3471971 0.1283802
v 0.1954984 0.3556750 0.1252570
v 0.1817665 0.3614174 0.1274736
v 0.1838272 0.3470396 0.1316370
v 0.1968272 0.3427353 0.1309359
v 0.1804158 0.3938948 0.0338669
v 0.1854369 0.3938937 0.0474551
v 0.1885414 0.3821582 0.0398924
v 0.1907202 0.3807864 0.0571744
v 0.1960325 0.3691700 0.0448234
v 0.1992044 0.3579762 0.0350020
v 0.1905959 0.3701692 0.0308713
v 0.1647660 0.4077232 0.0194172
v 0.1727316 0.3921927 0.0196762
v 0.1823940 0.3811264 0.0261910
v 0.1763158 0.3781985 0.0153992
v 0.1922454 0.3588282 0.0234495
v 0.1832969 0.3695221 0.0191606
v 0.1106867 0.4044509 0.0684016
v 0.1113973 0.4195813 0.0730684
v 0.1055985 0.4035055 0.0563517
v 0.1072257 0.3907011 0.0508388
v 0.1028106 0.4153487 0.0496819
v 0.0993795 0.4162771 0.0359123
v 0.0999030 0.4005978 0.0407152
v 0.1037555 0.3874584 0.0388004
v 0.1155421 0.3635548 0.0436159
v 0.1107362 0.3773960 0.0449501
v 0.1144704 0.3820396 0.0595309
v 0.1033402 0.3874921 0.0064869
v 0.1058497 0.3741075 0.0076989
v 0.1748263 0.4146183 0.0693600
v 0.1719872 0.4170916 0.0469352
v 0.1680332 0.4237167 0.0593434
v 0.1693190 0.4190494 0.0813991
v 0.1686286 0.4149302 0.0345667
v 0.1620246 0.4276074 0.0450251
v 0.1413888 0.4367017 0.0374927
v 0.1514077 0.4348603 0.0446485
v 0.1547560 0.4345614 0.0566291
v 0.1437792 0.4386559 0.0681548
v 0.1581606 0.4285543 0.0805363
v 0.1277389 0.4386634 0.0339335
v 0.1298629 0.4407844 0.0494629
v 0.1138981 0.4365606 0.0316471
v 0.1174117 0.4379270 0.0466773
v 0.1183877 0.4377318 0.0611220
v 0.1053094 0.4281671 0.0335990
v 0.1117900 0.4292712 0.0644223
v 0.1186687 0.4223162 0.0852807
v 0.1230724 0.4316807 0.0866929
v 0.1207300 0.4349990 0.0740051
v 0.1337107 0.4380246 0.0798611
v 0.1033574 0.4275815 0.0170072
v 0.1133125 0.4330471 0.0172024
v 0.1358693 0.4341154 0.0218588
v 0.1232117 0.4359553 0.0212898
v 0.1439791 0.4242990 0.0103663
v 0.1553655 0.4210504 0.0206535
v 0.1558912 0.4114245 0.0091450
v 0.2752670 0.0468765 0.0523157
v 0.2626617 0.0413077 0.0573432
v 0.2630155 0.0510086 0.0493479
v 0.2222654 0.0632884 0.0505434
v 0.2233630 0.0726319 0.0444449
v 0.2346353 0.0623190 0.0474476
v 0.2759126 0.0547531 0.0453109
v 0.3002243 0.0898705 0.0568346
v 0.2997267 0.0719305 0.0538997
v 0.2962132 0.0602186 0.0507765
v 0.2948468 0.0621706 0.0480437
v 0.2987508 0.0727113 0.0509717
v 0.3005075 0.0853992 0.0523381
v 0.2878888 0.0433922 0.0580602
v 0.2862581 0.0551435 0.0466773
v 0.2948468 0.0623658 0.0480437
v 0.2909428 0.1433730 0.0599508
v 0.3022919 0.1370568 0.0705049
v 0.3032411 0.1218205 0.0665894
v 0.2946516 0.1273668 0.0593652
v 0.2986532 0.1056021 0.0584868
v 0.2956276 0.1295140 0.0538997
v 0.2913332 0.1449346 0.0535093
v 0.3005075 0.0994534 0.0533141
v 0.3022343 0.1194237 0.0482493
v 0.1296033 0.3633783 0.0805871
v 0.1268677 0.3797471 0.0823156
v 0.1216183 0.3744170 0.0695155
v 0.1239625 0.3605011 0.0657119
v 0.1246831 0.3946130 0.0858333
v 0.1313254 0.3984545 0.0969186
v 0.1176960 0.3904849 0.0726775
v 0.1177090 0.3695284 0.0560265
v 0.1384973 0.4061281 0.1051597
v 0.1521417 0.4138738 0.1055228
v 0.1365411 0.4182120 0.1025040
v 0.1285380 0.4250439 0.0950865
v 0.1497031 0.4297038 0.0886518
v 0.1883046 0.3916304 0.0847777
v 0.1856334 0.3868828 0.0722483
v 0.1733353 0.4121776 0.0920294
v 0.1605196 0.4211323 0.0933134
v 0.1958557 0.3779443 0.0843526
v 0.2033640 0.3657609 0.0849547
v 0.1915870 0.3694125 0.0734195
v 0.1888542 0.3783916 0.0757618
v 0.2019734 0.3577970 0.0768786
v 0.2034941 0.3465743 0.0738099
v 0.1972477 0.3539919 0.0695155
v 0.2019918 0.3506198 0.0593272
v 0.1957232 0.3644234 0.0598467
v 0.1894398 0.3719501 0.0671731
v 0.1994004 0.3316499 0.1344653
v 0.2047111 0.3137946 0.1383632
v 0.2089152 0.3230959 0.1344652
v 0.1861213 0.3325909 0.1348337
v 0.1930911 0.3084234 0.1387073
v 0.2307947 0.2866839 0.1379945
v 0.2234697 0.2999793 0.1369712
v 0.2174298 0.3377915 0.0786828
v 0.2091548 0.3350576 0.0710771
v 0.2163771 0.3219793 0.0677587
v 0.2136610 0.3282116 0.0605692
v 0.2058364 0.3381808 0.0650259
v 0.2297391 0.3132504 0.0734847
v 0.2321882 0.2923092 0.0630740
v 0.2243803 0.3075347 0.0654163
v 0.2297572 0.3016675 0.0563332
v 0.2217740 0.3147377 0.0582056
v 0.2370277 0.2987076 0.0474885
v 0.2289384 0.3119727 0.0494302
v 0.2204305 0.3253747 0.0510588
v 0.2108881 0.3401037 0.0524559
v 0.2086132 0.3437752 0.0370389
v 0.2160318 0.3286190 0.0293343
v 0.2244517 0.3208897 0.0394094
v 0.2317432 0.3030038 0.0278366
v 0.1944760 0.3475107 0.0171441
v 0.1976592 0.3346048 0.0106656
v 0.2008171 0.3490579 0.0269265
v 0.2054526 0.3386758 0.0232479
v 0.2238912 0.3033877 0.0166783
v 0.2087305 0.3277481 0.0172897
v 0.2046192 0.3215642 0.0082610
v 0.1082628 0.3610182 0.0082855
v 0.1131173 0.3336912 0.0033433
v 0.1104577 0.3464565 0.0079362
v 0.1152639 0.3530241 0.0328656
v 0.1201674 0.3503231 0.0459886
v 0.1205983 0.3583042 0.0542082
v 0.1290191 0.3495677 0.0734993
v 0.1246787 0.3466966 0.0592189
v 0.1748157 0.3369808 0.1309326
v 0.1837985 0.3176535 0.1356947
v 0.1558843 0.3093908 0.1190437
v 0.1629544 0.2993033 0.1239108
v 0.2562202 0.0828817 0.1363505
v 0.2323294 0.0905180 0.1347958
v 0.2292102 0.0761662 0.1274728
v 0.2509847 0.0581589 0.1221991
v 0.2532570 0.0696535 0.1297729
v 0.2069077 0.0955281 0.1246081
v 0.2171735 0.0741461 0.1179951
v 0.2062802 0.0732931 0.1060778
v 0.2173149 0.0549364 0.0939481
v 0.2169211 0.0637229 0.1067842
v 0.2273613 0.0541205 0.1058199
v 0.2486582 0.0368160 0.0996060
v 0.2690897 0.0298915 0.1003085
v 0.2599310 0.0380012 0.1071091
v 0.2638741 0.0488504 0.1171777
v 0.2493367 0.0467731 0.1124882
v 0.2442519 0.1021768 0.1375047
v 0.2788725 0.0661124 0.1263861
v 0.2836987 0.0324952 0.1074473
v 0.2741292 0.0402705 0.1119420
v 0.2897209 0.1399436 0.1332721
v 0.2871229 0.1553978 0.1342900
v 0.2888524 0.1241423 0.1348756
v 0.2992910 0.1409809 0.1204581
v 0.2953909 0.1509196 0.1249364
v 0.2985408 0.1006024 0.1233571
v 0.3053331 0.0875007 0.1131440
v 0.3055966 0.1361457 0.0883584
v 0.3018804 0.1506135 0.0946278
v 0.3059053 0.1296175 0.1017065
v 0.1526245 0.3539135 0.1152586
v 0.1435305 0.3525797 0.1048628
v 0.1576830 0.3688070 0.1177201
v 0.1651153 0.3579888 0.1236250
v 0.1506790 0.3778753 0.1122238
v 0.1852577 0.3752344 0.1204377
v 0.1804679 0.3857291 0.1160500
v 0.2072949 0.3476700 0.1214003
v 0.2089931 0.3588634 0.0986760
v 0.2044854 0.3591858 0.1134713
v 0.1951466 0.3675945 0.1179982
v 0.2095403 0.3347723 0.1286922
v 0.2220681 0.3231771 0.1254139
v 0.2182735 0.3364261 0.1176314
v 0.2364865 0.2958849 0.1291166
v 0.2298463 0.3092697 0.1276362
v 0.2396650 0.3030960 0.1167615
v 0.2173746 0.3125322 0.1351347
v 0.2399380 0.3086992 0.1005835
v 0.2327390 0.3159226 0.1154471
v 0.2268820 0.3263039 0.1130784
v 0.1470020 0.3128127 0.1087685
v 0.1534266 0.3253889 0.1169979
v 0.1435422 0.3257916 0.1037798
v 0.1475591 0.3396669 0.1101191
v 0.1386080 0.3415048 0.0952422
v 0.2639927 0.2172973 0.1378535
v 0.2731225 0.2178004 0.1278688
v 0.2716287 0.2061028 0.1352987
v 0.2791944 0.1924653 0.1333220
v 0.2810486 0.2134391 0.1125820
v 0.2759918 0.1786362 0.1399534
v 0.2948124 0.1766428 0.1015496
v 0.2773565 0.2247597 0.1041732
v 0.2873240 0.1977477 0.1118443
v 0.2921490 0.1836097 0.1122260
v 0.2914233 0.1883570 0.0997261
v 0.2864124 0.2024993 0.0991810
v 0.2698997 0.2317344 0.0686776
v 0.2801598 0.2077114 0.0695550
v 0.2871168 0.1845348 0.0666207
v 0.2800117 0.1820222 0.0585844
v 0.2819807 0.1874676 0.0483877
v 0.2762395 0.2028062 0.0490511
v 0.2717184 0.2175740 0.0483299
v 0.2926511 0.1638171 0.0657243
v 0.2866485 0.1601600 0.0533141
v 0.2912241 0.1615801 0.0482747
v 0.2896958 0.1815043 0.0388123
v 0.2698286 0.2041526 0.0123673
v 0.2744989 0.2148122 0.0248475
v 0.2683627 0.2268723 0.0232275
v 0.2861623 0.1875800 0.0266105
v 0.2779633 0.1904497 0.0150779
v 0.2790598 0.2105990 0.0383230
v 0.2919685 0.1730230 0.0276329
v 0.2852981 0.1772256 0.0174240
v 0.2584129 0.2134486 0.0065342
v 0.2755939 0.1777946 0.0082647
v 0.2146334 0.1828057 0.1385950
v 0.2166700 0.1971180 0.1408336
v 0.2057749 0.2053400 0.1378436
v 0.2041344 0.1906196 0.1360107
v 0.2026034 0.1771341 0.1347835
v 0.2304702 0.1643359 0.1421899
v 0.2631725 0.1810995 0.1450399
v 0.2575063 0.1914976 0.1456861
v 0.2685019 0.1929269 0.1414174
v 0.2317429 0.2024214 0.1462582
v 0.2498191 0.1835704 0.1472668
v 0.2512858 0.1438310 0.1433415
v 0.2397833 0.1734631 0.1461705
v 0.2845867 0.1693377 0.1345252
v 0.1693608 0.2682501 0.1261995
v 0.1894099 0.2690903 0.1371652
v 0.1783066 0.2774038 0.1321789
v 0.1922033 0.2376805 0.1362468
v 0.1974307 0.2269952 0.1374243
v 0.1880764 0.2527886 0.1357406
v 0.2066269 0.2339225 0.1415295
v 0.2045476 0.2466647 0.1416567
v 0.2386906 0.2729580 0.1379300
v 0.2361569 0.2584463 0.1430600
v 0.2012280 0.2782707 0.1417522
v 0.2025910 0.2618995 0.1418858
v 0.2357084 0.2197616 0.1470092
v 0.2196180 0.2559828 0.1451635
v 0.2626468 0.2295792 0.1350155
v 0.2316734 0.2474914 0.1456446
v 0.2518202 0.2193353 0.1440548
v 0.2500998 0.2743776 0.1259574
v 0.2573429 0.2630533 0.1208659
v 0.2475789 0.2878634 0.1171596
v 0.2503859 0.2597046 0.1344445
v 0.2728634 0.2374830 0.0973093
v 0.2665962 0.2510301 0.1031987
v 0.2628900 0.2609506 0.0970513
v 0.2641566 0.2520729 0.1163999
v 0.2462954 0.2956058 0.1047113
v 0.2548875 0.2752700 0.1117513
v 0.2608792 0.2631252 0.1076202
v 0.2396057 0.2761078 0.0617076
v 0.2470232 0.2606871 0.0605364
v 0.2544408 0.2442905 0.0595604
v 0.2551522 0.2568867 0.0495742
v 0.2448325 0.2840540 0.0453066
v 0.2438523 0.2819095 0.0292954
v 0.2460620 0.2690118 0.0210464
v 0.2533025 0.2483896 0.0166241
v 0.2268525 0.2887059 0.0112147
v 0.2369405 0.2630362 0.0083364
v 0.2085956 0.1137801 0.0013142
v 0.1795234 0.0858050 0.0560132
v 0.1706173 0.1066693 0.0446794
v 0.1925214 0.0817015 0.0502840
v 0.1740191 0.1162405 0.0380886
v 0.1851454 0.1076518 0.0384790
v 0.1980285 0.0990630 0.0388694
v 0.2118876 0.0894983 0.0384790
v 0.1984327 0.0704731 0.0571494
v 0.1648003 0.1791412 0.1310206
v 0.1802526 0.1595695 0.1308656
v 0.1682234 0.1548451 0.1265507
v 0.1758521 0.1308172 0.1218564
v 0.1865226 0.1316247 0.1281372
v 0.1941664 0.1194030 0.1279921
v 0.1963809 0.1281089 0.1321223
v 0.1950144 0.1399557 0.1328663
v 0.1918155 0.1685211 0.1319068
v 0.1647187 0.1297191 0.1138059
v 0.1744742 0.1182353 0.1144336
v 0.1844226 0.1048417 0.1131056
v 0.1634336 0.1177538 0.1043004
v 0.1777669 0.0874384 0.0861927
v 0.1729335 0.1059729 0.1036597
v 0.1828742 0.0924622 0.1010231
v 0.1961989 0.0741155 0.0939017
v 0.1949186 0.0937630 0.1136620
v 0.1658208 0.2323834 0.1183150
v 0.1591841 0.2374585 0.1169486
v 0.1623072 0.2245755 0.1216334
v 0.1685536 0.2185243 0.1208526
v 0.1712863 0.2052508 0.1247566
v 0.1769279 0.1902794 0.1286030
v 0.1923650 0.1971207 0.1328786
v 0.1844196 0.2267032 0.1318392
v 0.1946561 0.2140282 0.1350421
v 0.1133125 0.3268593 0.0011962
v 0.1207300 0.3336912 0.0453109
v 0.1242436 0.3331056 0.0451157
v 0.1260004 0.3338864 0.0609268
v 0.1258052 0.3331056 0.0568276
v 0.1232830 0.3403834 0.0486424
v 0.1343939 0.3264689 0.0829842
v 0.1353699 0.3223697 0.0892305
v 0.1363459 0.3211985 0.0900113
v 0.1371267 0.3135858 0.0946961
v 0.1386883 0.3130002 0.0964528
v 0.1375171 0.3215889 0.0911825
v 0.1357603 0.3270545 0.0843506
v 0.1421413 0.3058184 0.1017253
v 0.1499186 0.2968651 0.1106005
v 0.1482530 0.2786453 0.1069935
v 0.1527425 0.2647863 0.1101167
v 0.1592000 0.2730286 0.1178510
v 0.1564513 0.2511224 0.1130447
v 0.1683315 0.2420851 0.1223389
v 0.1783897 0.2401395 0.1296408
v 0.1625169 0.2563842 0.1190287
v 0.0920359 0.2802069 0.0970384
v 0.0930119 0.2731798 0.0927441
v 0.0980058 0.2663519 0.0991632
v 0.0963303 0.2579544 0.0873761
v 0.1032895 0.2310170 0.0887978
v 0.1087640 0.2343956 0.1029951
v 0.1036755 0.2515294 0.1018059
v 0.1132087 0.2477203 0.1126454
v 0.1085104 0.2638106 0.1107532
v 0.1063236 0.2903947 0.1095528
v 0.0935975 0.2915284 0.1028944
v 0.1001415 0.2773681 0.1061225
v 0.1105054 0.2782300 0.1135016
v 0.0820975 0.3813367 0.0400597
v 0.0928137 0.3737214 0.0389443
v 0.1094827 0.3310246 0.1016080
v 0.1135888 0.3401737 0.0928403
v 0.1091059 0.3509020 0.0868534
v 0.1140729 0.3546839 0.0754889
v 0.1024478 0.3623847 0.0788798
v 0.1063334 0.3162841 0.1080132
v 0.1024429 0.3033414 0.1040561
v 0.1147888 0.3031556 0.1115928
v 0.1599298 0.1023279 0.0809977
v 0.1765810 0.0839513 0.0715218
v 0.1868069 0.0765488 0.0812323
v 0.1860082 0.0766117 0.0642137
v 0.1954903 0.0676018 0.0720607
v 0.2074242 0.0584319 0.0796555
v 0.2639078 0.0261077 0.0844969
v 0.2501464 0.0303533 0.0831794
v 0.2335546 0.0391372 0.0823986
v 0.2356477 0.0419976 0.0656028
v 0.2496042 0.0392298 0.0623398
v 0.2249566 0.0459915 0.0701657
v 0.2409747 0.0490571 0.0552629
v 0.3104324 0.0797198 0.1035051
v 0.3093979 0.0495805 0.1056587
v 0.3141714 0.0393324 0.0890353
v 0.3147570 0.0528011 0.0978192
v 0.3143666 0.0436268 0.0995760
v 0.3156803 0.0481973 0.0832945
v 0.3129056 0.0683586 0.0691159
v 0.3155445 0.0781329 0.0811619
v 0.2862841 0.0266384 0.0770832
v 0.2938528 0.0340637 0.0679135
v 0.2990578 0.0396052 0.1091986
v 0.3034355 0.0313293 0.0999664
v 0.3043499 0.0592795 0.0594300
v 0.3016366 0.0450955 0.0636719
v 0.3108992 0.0837501 0.0676547
v 0.3100109 0.1129750 0.0852747
v 0.3076668 0.1239526 0.0784608
v 0.3022552 0.1493785 0.0799005
v 0.3121521 0.0936129 0.0767240
v 0.3097834 0.1082632 0.0983095
v 0.3090542 0.1093992 0.0736551
v 0.2822471 0.2137110 0.0978488
v 0.2904185 0.1926480 0.0868350
v 0.2927271 0.1849376 0.0771193
v 0.2851322 0.2079899 0.0846894
v 0.2792368 0.2212233 0.0764439
v 0.2997956 0.1604613 0.0871062
v 0.2985706 0.1629400 0.0760164
v 0.2540483 0.2815548 0.0867011
v 0.2611615 0.2660820 0.0876404
v 0.2677201 0.2458292 0.0749091
v 0.2680011 0.2503748 0.0892655
v 0.2530061 0.2670732 0.0694673
v 0.2381933 0.3011421 0.0734234
v 0.2174263 0.3452807 0.0942098
v 0.2229201 0.3356200 0.1047220
v 0.2325986 0.3216187 0.0983933
v 0.2105119 0.3526844 0.0840228
v 0.2378337 0.3112229 0.0849486
v 0.2282685 0.3238126 0.0804476
v 0.1940321 0.3793993 0.1083303
v 0.2019675 0.3676528 0.1063612
v 0.2014998 0.3728931 0.0959951
v 0.1946532 0.3839573 0.0953484
v 0.1752927 0.3964869 0.1097457
v 0.1876321 0.3916579 0.1024527
v 0.1811956 0.4018990 0.0970741
v 0.1604853 0.3999366 0.1110918
v 0.1633375 0.3852352 0.1171520
v 0.1487687 0.4012204 0.1095636
v 0.1401788 0.3931872 0.1048872
v 0.1507267 0.3899427 0.1110846
v 0.1370487 0.3573783 0.0946303
v 0.1346808 0.3713693 0.0934313
v 0.1446008 0.3662940 0.1068197
v 0.1414167 0.3806514 0.1042786
v 0.1327865 0.3857569 0.0945552
v 0.1335507 0.3505691 0.0854360
v 0.1327786 0.3394796 0.0805745
v 0.1328323 0.3316416 0.0746882
v 0.1297092 0.3321296 0.0701011
v 0.1302948 0.3346672 0.0669779
v 0.0933697 0.3728217 0.0717812
v 0.0969915 0.3752751 0.0606680
v 0.0836163 0.3811183 0.0646884
v 0.0909327 0.3795630 0.0515989
v 0.0771475 0.3862980 0.0527985
v 0.1334304 0.3023009 0.1025262
v 0.1282989 0.3137617 0.0987953
v 0.1480578 0.2708374 0.1099215
v 0.1402499 0.2948468 0.1017232
v 0.1437634 0.2833301 0.1056272
v 0.1300995 0.3335937 0.0806418
v 0.1361507 0.3105603 0.0953792
v 0.1242261 0.3438067 0.0699028
v 0.1187155 0.3453937 0.0545588
v 0.1079218 0.3507274 0.0358647
v 0.1289075 0.1413928 0.0530410
v 0.1394386 0.1327569 0.0465752
v 0.1454426 0.1219742 0.0526020
v 0.1316704 0.1422706 0.0403155
v 0.1329874 0.1429230 0.0282345
v 0.1451298 0.1347843 0.0347702
v 0.1546945 0.1300995 0.0363318
v 0.1516334 0.1267209 0.0425657
v 0.1638689 0.1234628 0.0373078
v 0.1594000 0.1139473 0.0464754
v 0.1522873 0.1103343 0.0589083
v 0.1360858 0.1346085 0.0845886
v 0.1286282 0.1436743 0.0806021
v 0.1338839 0.1324140 0.0730830
v 0.1419781 0.1230275 0.0794090
v 0.1268367 0.1423314 0.0672312
v 0.1349490 0.1313526 0.0595442
v 0.1419435 0.1209605 0.0660646
v 0.1502778 0.1107619 0.0728072
v 0.1517271 0.1146917 0.0861938
v 0.1313524 0.1677704 0.1049706
v 0.1376682 0.1556016 0.1052164
v 0.1289736 0.1591727 0.0961505
v 0.1348829 0.1448391 0.0938908
v 0.1447911 0.1295027 0.0933028
v 0.1541691 0.1204415 0.0966327
v 0.1542173 0.1299964 0.1051432
v 0.1560683 0.1418135 0.1136931
v 0.1379509 0.2106594 0.1252555
v 0.1490968 0.1829889 0.1262167
v 0.1380058 0.1808679 0.1173902
v 0.1479769 0.1674714 0.1203604
v 0.1588093 0.1670725 0.1267599
v 0.1518931 0.2340483 0.1250521
v 0.1390558 0.2363153 0.1263088
v 0.1531300 0.2107274 0.1296787
v 0.1017958 0.2893812 0.0964528
v 0.1019910 0.2997267 0.1005520
v 0.1079990 0.2499142 0.0900318
v 0.0954199 0.2748734 0.0856041
v 0.0898887 0.2983603 0.1003568
v 0.0922311 0.2911380 0.0892305
v 0.1043572 0.3045194 0.1156025
v 0.1006064 0.3124780 0.1036170
v 0.1064230 0.2906245 0.1102423
v 0.0914503 0.3057779 0.0972336
v 0.0945735 0.3128050 0.1013328
v 0.0559788 0.3921087 0.0403856
v 0.0620927 0.3837028 0.0259972
v 0.0528011 0.3938122 0.0458965
v 0.0563147 0.3955690 0.0525333
v 0.0629514 0.3932267 0.0513621
v 0.0641933 0.3809737 0.0837120
v 0.0851410 0.3587087 0.0949038
v 0.0889959 0.3662247 0.0832901
v 0.0918754 0.3455435 0.1011980
v 0.1032114 0.3440321 0.0968898
v 0.0970685 0.3552020 0.0904560
v 0.0878245 0.3433627 0.1134965
v 0.0971111 0.3319344 0.1050416
v 0.0999926 0.3210105 0.1167859
v 0.0994534 0.3223697 0.1048464
v 0.0978919 0.3252977 0.1046512
v 0.0970135 0.3353504 0.1021136
v 0.0600234 0.3936171 0.0601460
v 0.0691706 0.3885855 0.0636586
v 0.0039292 0.2439281 0.2138182
v 0.0099853 0.2325448 0.2194157
v 0.0108363 0.2625905 0.2041442
v 0.0182867 0.2538083 0.2079645
v 0.0025032 0.2854353 0.1926874
v 0.0316390 0.2448618 0.2109034
v 0.0429830 0.2644517 0.1982573
v 0.0328011 0.2597436 0.2030505
v 0.0413453 0.2774990 0.1913755
v 0.0318335 0.2745220 0.1952999
v 0.0410591 0.2996911 0.1788074
v 0.0299746 0.3037026 0.1794911
v 0.0326546 0.2898079 0.1867608
v 0.0201249 0.2998237 0.1834523
v 0.0104182 0.3108226 0.1783952
v -0.0015437 0.2951694 0.1875092
v 0.0089241 0.2968470 0.1863533
v 0.0586784 0.2382637 0.2072120
v 0.0545611 0.2550230 0.1995506
v 0.0649319 0.2487757 0.1985211
v 0.0542957 0.2704154 0.1906217
v 0.0731760 0.2396195 0.1997035
v 0.0843563 0.2423223 0.1910008
v 0.0872363 0.2536109 0.1808873
v 0.0683786 0.2686296 0.1841023
v 0.0735759 0.2793585 0.1735855
v 0.0639822 0.2908517 0.1727446
v 0.0599975 0.2819633 0.1806150
v 0.0533514 0.2955573 0.1758973
v 0.0934043 0.2440856 0.1825435
v 0.0955072 0.2610323 0.1684987
v 0.0857751 0.2721557 0.1692503
v 0.1155269 0.2512466 0.1525770
v 0.1060594 0.2720664 0.1490285
v 0.0955797 0.2748016 0.1593387
v 0.0911172 0.3103234 0.1425806
v 0.0837088 0.3001022 0.1545428
v 0.0916293 0.2885636 0.1546131
v 0.0834945 0.2847861 0.1633175
v 0.0078597 0.1167271 0.2773174
v 0.0343610 0.1238896 0.2720192
v 0.0198519 0.1462079 0.2627429
v 0.0450673 0.1151945 0.2746149
v 0.0488702 0.1495135 0.2568903
v 0.0551592 0.1625630 0.2486705
v 0.0435083 0.1841584 0.2402804
v 0.0261553 0.1708535 0.2500424
v 0.0208251 0.1819041 0.2448982
v 0.0016617 0.1680201 0.2527455
v 0.0665352 0.1196752 0.2669479
v 0.0908272 0.1237439 0.2556891
v 0.0742631 0.1440957 0.2519019
v 0.0987706 0.1131615 0.2573400
v 0.1135443 0.1267376 0.2414786
v 0.0981211 0.1487718 0.2384248
v 0.1099771 0.1599521 0.2245721
v 0.1000810 0.1807977 0.2191266
v 0.0779812 0.1781390 0.2323361
v 0.0763488 0.1657779 0.2396233
v 0.1225339 0.1163606 0.2404612
v 0.1243363 0.1271626 0.2329283
v 0.1397789 0.1074347 0.2296733
v 0.1323479 0.1305979 0.2233002
v 0.1307202 0.1435645 0.2170938
v 0.1529677 0.1060487 0.2109042
v 0.1581612 0.1018106 0.2018183
v 0.1546011 0.1167214 0.2004833
v 0.1479158 0.1199518 0.2109849
v 0.1408204 0.1339236 0.2114960
v 0.1361100 0.1590325 0.1995271
v 0.1210212 0.1783606 0.2034131
v 0.1284752 0.1558567 0.2114357
v 0.1118287 0.1727312 0.2156036
v 0.1187532 0.1618651 0.2165466
v 0.1622944 0.0945671 0.1923812
v 0.1620426 0.1005400 0.1695017
v 0.1557968 0.1267611 0.1705047
v 0.1649290 0.0839419 0.1662071
v 0.1640618 0.0768072 0.1518571
v 0.1567478 0.1078087 0.1418457
v 0.1597957 0.1036882 0.1547317
v 0.1582940 0.1151239 0.1628147
v 0.1512174 0.1383141 0.1502204
v 0.1483585 0.1061449 0.1116800
v 0.1496509 0.0664067 0.0994415
v 0.1462092 0.0583045 0.0899870
v 0.1473307 0.0815244 0.0984982
v 0.1375774 0.0976202 0.0838937
v 0.1329068 0.1169473 0.0832574
v 0.1263881 0.1406983 0.0820792
v 0.1312314 0.1457538 0.0937918
v 0.1392201 0.1194218 0.0966845
v 0.1406768 0.1493557 0.1177573
v 0.1482784 0.1284407 0.1249210
v 0.1350957 0.0746101 0.0735634
v 0.1284161 0.0527550 0.0618088
v 0.1199215 0.0485763 0.0521883
v 0.1097101 0.0452586 0.0424780
v 0.1042919 0.0680844 0.0381661
v 0.1163275 0.0720419 0.0497386
v 0.0969261 0.0910062 0.0335601
v 0.0959930 0.1084634 0.0342583
v 0.0931363 0.1350281 0.0349634
v 0.1029490 0.1370354 0.0458738
v 0.1075899 0.1114521 0.0454605
v 0.1194701 0.1394712 0.0693413
v 0.1255205 0.1146848 0.0693923
v 0.0984433 0.0415486 0.0333038
v 0.0922888 0.0646534 0.0287070
v 0.0882940 0.0402615 0.0257707
v 0.0743352 0.0875439 0.0169824
v 0.0683700 0.0563032 0.0124989
v 0.0713078 0.1197415 0.0173520
v 0.0637956 0.0924076 0.0107334
v 0.0814777 0.1303812 0.0251746
v -0.0063967 0.0750659 0.2962655
v 0.0072594 0.0521692 0.3062747
v 0.0372024 0.0586585 0.3013017
v 0.0216265 0.0812641 0.2927896
v 0.0462392 0.0477550 0.3048893
v 0.0507366 0.0863458 0.2868236
v 0.0614941 0.0955870 0.2800748
v 0.0257186 0.0953081 0.2861471
v 0.0025886 0.1024110 0.2841004
v 0.0686586 0.0550582 0.2966852
v 0.0983542 0.0563891 0.2850624
v 0.0800633 0.0785616 0.2821596
v 0.1062048 0.0451081 0.2866723
v 0.1092045 0.0837525 0.2661737
v 0.1201510 0.0923329 0.2550954
v 0.0829899 0.1011214 0.2701344
v 0.1486664 0.0458682 0.2507800
v 0.1379504 0.0726364 0.2503120
v 0.1558736 0.0353163 0.2449306
v 0.1565120 0.0746964 0.2237765
v 0.1382288 0.0960270 0.2377341
v 0.1673684 0.0236659 0.2235157
v 0.1680385 0.0444772 0.2097730
v 0.1670191 0.0586443 0.2034318
v 0.1719603 0.0311259 0.1800058
v 0.1691857 0.0395558 0.1587162
v 0.1703621 0.0414866 0.1711648
v 0.1651247 0.0796716 0.1915695
v 0.1695540 0.0156748 0.1509196
v 0.1690368 -0.0064742 0.1441049
v 0.1656734 -0.0078898 0.1321311
v 0.1596156 -0.0267818 0.1148984
v 0.1623939 0.0020019 0.1219772
v 0.1532827 0.0175440 0.1004852
v 0.1553292 0.0454167 0.1081179
v 0.1595503 0.0511997 0.1217004
v 0.1632093 0.0555181 0.1363068
v 0.1510357 -0.0100275 0.0958979
v 0.1473933 -0.0330650 0.0917623
v 0.1427270 -0.0135313 0.0824515
v 0.1387031 0.0083241 0.0754177
v 0.1466013 0.0128602 0.0876899
v 0.1393973 -0.0390404 0.0809517
v 0.1290800 -0.0441813 0.0698418
v 0.1236728 -0.0221507 0.0607355
v 0.1339121 -0.0179739 0.0712381
v 0.1191399 0.0004000 0.0534642
v 0.1296097 0.0042064 0.0639223
v 0.1143569 0.0231106 0.0471268
v 0.1250559 0.0265552 0.0578141
v 0.1342846 0.0304915 0.0691729
v 0.1419603 0.0356706 0.0809122
v 0.1174011 -0.0483131 0.0595700
v 0.1126091 -0.0256600 0.0511316
v 0.1042426 -0.0542427 0.0499050
v 0.1088823 -0.0388280 0.0501283
v 0.1011453 -0.0289837 0.0424282
v 0.0962968 -0.0052761 0.0350406
v 0.1081049 -0.0029775 0.0441186
v 0.0697134 -0.0677010 0.0294248
v 0.0839007 -0.0484614 0.0331492
v 0.0796487 -0.0631769 0.0343031
v 0.0749286 -0.0419265 0.0247982
v 0.0749408 -0.0120662 0.0199023
v 0.0879670 -0.0326660 0.0327171
v 0.0966028 -0.0426259 0.0412810
v 0.0911412 -0.0570425 0.0409140
v 0.0837651 0.0126606 0.0240449
v 0.0731444 0.0056511 0.0169170
v 0.0929639 0.0104023 0.0309069
v 0.1027919 0.0192911 0.0376362
v 0.0449429 0.3393896 0.1497916
v 0.0538306 0.3215355 0.1594193
v 0.0658749 0.3206937 0.1536351
v 0.0405058 0.3218650 0.1648103
v 0.0618663 0.3021013 0.1673082
v 0.0728815 0.2940688 0.1652159
v 0.0833996 0.3217692 0.1417629
v 0.0713397 0.3076727 0.1582825
v 0.0115077 0.3685763 0.1339377
v 0.0005199 0.3726715 0.1305099
v 0.0000874 0.3624590 0.1408108
v 0.0120427 0.3574732 0.1444008
v 0.0131136 0.3456823 0.1540447
v 0.0241994 0.3432241 0.1538603
v 0.0232021 0.3641611 0.1353939
v 0.0122997 0.3240817 0.1698395
v 0.0262352 0.3236626 0.1678598
v 0.0329535 0.3344631 0.1584253
v 0.0343172 0.3577003 0.1375259
v 0.0342507 0.3466956 0.1479828
v 0.0043812 0.4061035 0.0779440
v -0.0031527 0.4007241 0.0895972
v 0.0152455 0.3940206 0.0987612
v 0.0040129 0.3901491 0.1073202
v 0.0255767 0.3981776 0.0863064
v 0.0023827 0.3817845 0.1193125
v 0.0221480 0.3745631 0.1239581
v 0.0450844 0.3712563 0.1161435
v 0.0321703 0.3793803 0.1130598
v 0.0421955 0.3821061 0.1030808
v 0.0389270 0.3908937 0.0909314
v 0.0236936 0.3960749 0.0312777
v 0.0106169 0.3971637 0.0240075
v 0.0126020 0.4023959 0.0383489
v -0.0025800 0.4013078 0.0316297
v 0.0867199 0.1593724 0.0330721
v 0.0643287 0.1499850 0.0152570
v 0.0749029 0.1600512 0.0233502
v 0.0514481 0.1542196 0.0074528
v 0.0615929 0.1651056 0.0144780
v 0.1251351 0.1523364 0.0853370
v 0.1125177 0.1518950 0.0632165
v 0.1123668 0.1650113 0.0682160
v 0.1033649 0.1525127 0.0502851
v 0.0974328 0.1812707 0.0499511
v 0.1039143 0.1859315 0.0611621
v 0.1185056 0.1817939 0.0857698
v 0.1378429 0.1799076 0.1300470
v 0.1380105 0.1654096 0.1197584
v 0.1347136 0.1546805 0.1057531
v 0.1313097 0.1687965 0.1055051
v 0.1280964 0.1593335 0.0944195
v 0.1250400 0.1733046 0.0944724
v 0.1164591 0.1961273 0.0872384
v 0.1231868 0.1874191 0.0969707
v 0.1252908 0.2087330 0.1086734
v 0.1305291 0.2035356 0.1199300
v 0.1284289 0.1937681 0.1104859
v 0.1369271 0.1864867 0.1622703
v 0.1264753 0.2096485 0.1685580
v 0.1361017 0.1930843 0.1379733
v 0.1286303 0.2175806 0.1211286
v 0.1328370 0.2055688 0.1315102
v 0.1307313 0.2174579 0.1383427
v 0.1239951 0.2409631 0.1417955
v 0.1296842 0.2148816 0.1541920
v 0.1058417 0.1984946 0.2041302
v 0.1041294 0.2093311 0.1983204
v 0.0949654 0.2086578 0.2060097
v 0.1247752 0.1932429 0.1871183
v 0.1132875 0.2319510 0.1709276
v 0.1025654 0.2384325 0.1780696
v 0.0963941 0.2210062 0.1964548
v 0.0509540 0.2052026 0.2276371
v 0.0726287 0.2006679 0.2224848
v 0.0732059 0.2142894 0.2148405
v 0.0617935 0.2098435 0.2218896
v 0.0812721 0.1910517 0.2237079
v 0.0621579 0.2234601 0.2140212
v 0.0511587 0.2263296 0.2162786
v -0.0024000 0.1982250 0.2375221
v 0.0328146 0.1903311 0.2390986
v 0.0269171 0.2142716 0.2275543
v 0.0002515 0.2119287 0.2305103
v 0.0396353 0.2212460 0.2218549
v 0.0263564 0.2299394 0.2194837
v -0.0072259 0.2316745 0.2199056
v 0.0686086 0.3512097 0.1240888
v 0.0800634 0.3419078 0.1254134
v 0.0819637 0.3320609 0.1347207
v 0.0777265 0.3505339 0.1166813
v 0.0930183 0.3217779 0.1324826
v 0.0918168 0.3331895 0.1223174
v 0.0960511 0.2967183 0.1451051
v 0.1006158 0.3099315 0.1286300
v 0.1046076 0.2910587 0.1351115
v 0.1113285 0.2775239 0.1183591
v 0.1240878 0.2430850 0.1254185
v 0.1157155 0.2650123 0.1265604
v 0.1240361 0.2324436 0.1149117
v 0.1204092 0.2435493 0.1118497
v 0.1151466 0.2516882 0.1043107
v 0.1137798 0.2648031 0.1112065
v 0.1190444 0.2132326 0.0976450
v 0.1162101 0.2365349 0.0994123
v 0.1091207 0.2037056 0.0756207
v 0.1138449 0.2230289 0.0907034
v 0.1073069 0.2190221 0.0771177
v 0.0525173 0.3824819 0.0942126
v 0.0553949 0.3723705 0.1074923
v 0.0657085 0.3724259 0.0982183
v 0.0692059 0.3612457 0.1111366
v 0.0816391 0.3542127 0.1066813
v 0.0757815 0.3636657 0.1003750
v 0.0107561 0.4011873 0.0872658
v 0.0104563 0.4077280 0.0672885
v -0.0018926 0.4087738 0.0655619
v 0.0386604 0.3965253 0.0793296
v 0.0304754 0.4021125 0.0715010
v 0.0320590 0.4015891 0.0593679
v 0.0254209 0.4013142 0.0474724
v 0.0209216 0.4058344 0.0622073
v 0.0093063 0.4069690 0.0534765
v 0.0585047 0.3891011 0.0714926
v 0.0444561 0.3956024 0.0655434
v 0.0496779 0.3938122 0.0531189
v 0.0384721 0.3961145 0.0515510
v 0.0451884 0.3895179 0.0412118
v 0.0436268 0.3916651 0.0470677
v 0.0432364 0.3863947 0.0324279
v 0.0353657 0.3927970 0.0381499
v 0.1718145 0.1163216 0.0252607
v 0.1694992 0.1183299 0.0130858
v 0.1822970 0.1105497 0.0162125
v 0.1951275 0.1019826 0.0251111
v 0.1840341 0.1086103 0.0273822
v 0.1188523 0.3272920 0.0188184
v 0.1164357 0.3307632 0.0304759
v 0.1117509 0.3281280 0.0138840
v 0.1205349 0.3293968 0.0365270
v 0.0717204 0.3769189 0.0167338
v 0.0827837 0.3741193 0.0262120
v 0.1085621 0.3429691 0.0276337
v 0.1268109 0.1494031 0.0115668
v 0.1354970 0.1419403 0.0157347
v 0.1469228 0.1328759 0.0227745
v 0.1592075 0.1245258 0.0229549
v 0.0496779 0.3863947 0.0179832
v 0.0443100 0.3863947 0.0187640
v 0.0418700 0.3842475 0.0207160
v 0.0485067 0.3889323 0.0265719
v 0.0453331 0.1814572 0.0057557
v 0.0524662 0.1917797 0.0101804
v 0.0581085 0.1792869 0.0133805
v 0.0488787 0.1679978 0.0068621
v 0.0328726 0.3882465 0.0222216
v 0.0890104 0.2161819 0.0338918
v 0.0795216 0.2077805 0.0270932
v 0.0974710 0.1839415 0.0300902
v 0.0956427 0.1843538 0.0146409
v 0.0907777 0.2049491 0.0272186
v 0.0943116 0.1973359 0.0384549
v 0.0871866 0.2067484 0.0126132
v 0.0919219 0.1946551 0.0217800
v 0.1026617 0.1978741 0.0623741
v 0.1017490 0.2109787 0.0637962
v 0.0930119 0.2136444 0.0376982
v 0.0889127 0.2124732 0.0240343
v 0.1041382 0.2300410 0.0740051
v 0.1002067 0.2211878 0.0620711
v 0.1008360 0.2080053 0.0641326
v 0.1021262 0.2376194 0.0779652
v 0.1023814 0.2239899 0.0757618
v 0.1085788 0.2348945 0.0852997
v 0.1051142 0.2447785 0.0811298
v 0.0994534 0.2444857 0.0833745
v 0.0998438 0.2526839 0.0812274
v 0.1034876 0.1948956 0.0673897
v 0.1042016 0.2077603 0.0776015
v 0.1078491 0.1942581 0.0815272
v 0.1083473 0.2073881 0.0894356
v 0.0971269 0.2089108 0.0515815
v 0.0997626 0.1839758 0.0442810
v 0.1037006 0.1831952 0.0576108
v 0.0991553 0.1953306 0.0534847
v 0.0920359 0.2157915 0.0447253
v 0.0967207 0.2179387 0.0531189
v 0.0877509 0.2027403 0.0401364
v 0.0955878 0.2062877 0.0519039
v 0.0950716 0.1940849 0.0496758
v 0.0711351 0.1758771 0.0217788
v 0.0782875 0.1843614 0.0285056
v 0.0826160 0.1735847 0.0311569
v 0.0788646 0.1951119 0.0298302
v 0.0879338 0.1861980 0.0387772
v 0.0988847 0.1673015 0.0486485
v 0.0710023 0.2018177 0.0208135
v 0.0674799 0.1903971 0.0198052
v 0.1144405 0.2082165 0.1007773
v 0.1135081 0.1955491 0.0938508
v 0.1202687 0.1860860 0.0996742
v 0.1144619 0.1800150 0.0870383
v 0.1205249 0.1639428 0.0867463
v 0.1235930 0.1729769 0.0979054
v 0.1300523 0.1790812 0.1078021
v 0.1149174 0.2201899 0.1063900
v 0.1286970 0.2089494 0.1171368
v 0.1298711 0.2244980 0.1225870
v 0.1216760 0.2880861 0.1155076
v 0.1206469 0.2711965 0.1180724
v 0.1362085 0.2773819 0.1164808
v 0.1236649 0.2480819 0.1209126
v 0.1349954 0.2501056 0.1241689
v 0.1295834 0.2618841 0.1215781
v 0.1191194 0.3163378 0.1050708
v 0.1267472 0.3027906 0.1089275
v 0.1351040 0.2915164 0.1095854
v 0.1222281 0.3286826 0.0929809
v 0.1193162 0.3422340 0.0837283
v 0.1167248 0.3552416 0.0633013
v 0.1108161 0.3580678 0.0496071
v 0.0923910 0.3669303 0.0285012
v 0.1020575 0.3705550 0.0500611
v 0.1013005 0.3631389 0.0378670
v 0.0990511 0.3569649 0.0256230
v 0.1232349 0.1521574 0.0218234
v 0.1219933 0.1524937 0.0340427
v 0.1123726 0.1630310 0.0259791
v 0.1092400 0.1663646 0.0130880
v 0.1046602 0.1732266 0.0355326
v 0.1029267 0.1741706 0.0209364
v 0.1097733 0.1721056 0.0620328
v 0.1068296 0.1725073 0.0488840
v 0.1140817 0.1620132 0.0538323
v 0.1129651 0.1622230 0.0407996
v 0.1215945 0.1516420 0.0468617
v 0.1206583 0.1521299 0.0605133
v 0.1084914 0.1816987 0.0722350
v 0.1150616 0.1625763 0.0662184
v 0.1142439 0.1689183 0.0760619
v 0.1206223 0.1550767 0.0752652
v 0.3567915 -0.0214025 0.0071686
v 0.3619054 0.0415768 0.0108992
v 0.2208667 0.0916455 0.0076377
v 0.2321882 0.0830568 0.0095897
v 0.2415577 0.0752489 0.0113465
v 0.2605316 0.0136870 0.0103166
v 0.2524687 -0.0101036 0.0080042
v 0.2570045 0.0013127 0.0092660
v 0.3214712 0.0530154 0.0082008
v 0.2679094 0.0381612 0.0142744
v 0.2628343 0.0289869 0.0131032
v 0.2659574 0.0338669 0.0154456
v 0.3136820 0.0623803 0.0083754
v 0.2609586 0.0520607 0.0117894
v 0.2675696 0.0438157 0.0234212
v 0.1689254 0.3825956 0.0083117
v 0.1830407 0.3588745 0.0120901
v 0.1739590 0.3704583 0.0081511
v 0.1018934 0.3989850 0.0041241
v 0.0985955 0.3949967 0.0136884
v 0.0961985 0.4064524 0.0230439
v 0.1008198 0.4084521 0.0066617
v 0.1012945 0.3813770 0.0175984
v 0.0987581 0.3900423 0.0277672
v 0.1046418 0.3680648 0.0195783
v 0.1053507 0.3766546 0.0314177
v 0.1858688 0.3466292 0.0075227
v 0.2117876 0.3097043 0.0078993
v 0.1095173 0.3550995 0.0205715
v 0.1142299 0.3341191 0.0096791
v 0.1148047 0.3421235 0.0213274
v 0.1954909 0.1072614 0.0027577
v 0.1939294 0.1039430 0.0072473
v 0.2077884 0.0994534 0.0049049
v 0.2129611 0.0928167 0.0100777
v 0.1144837 0.3247121 0.0028553
v 0.1103845 0.3262737 0.0008058
v 0.0898487 0.1949210 0.0089242
v 0.1074326 0.3318829 0.0055801
v 0.1457154 0.1345891 0.0017817
v 0.1230724 0.1521569 0.0021721
v 0.1341987 0.1429826 0.0021721
v 0.0796408 0.2154987 0.0053929
v 0.0775913 0.2146204 0.0008058
v 0.0791979 0.2152959 0.0006106
v 0.0817880 0.2150107 0.0047097
v 0.0354285 0.3817100 0.0025625
v 0.0412150 0.3837948 0.0064938
v 0.0369900 0.3816124 0.0097849
v 0.0467499 0.3855163 0.0071497
v 0.0630350 0.0796403 0.0095310
v 0.0527088 0.0951949 0.0035904
v 0.0685388 0.0405066 0.0126090
v 0.0270050 -0.0439133 0.0022375
v 0.0049711 -0.0627661 0.0079018
v 0.0040328 -0.0488969 0.0031309
v 0.0407310 -0.0486743 0.0060270
v 0.0586918 -0.0354887 0.0112064
v 0.0605658 -0.0646380 0.0225507
v 0.0370191 -0.0843201 0.0245658
v 0.0218267 -0.0782807 0.0176560
v 0.0508498 -0.0584014 0.0147110
v 0.0222719 -0.0912065 0.0261088
v -0.0026708 -0.0801728 0.0174674
v 0.0535986 -0.0199651 0.0048005
v 0.0635565 -0.0075038 0.0106081
v 0.0519521 -0.0033012 0.0026171
v 0.0684169 0.2087644 0.0008058
v 0.0101726 0.3918948 0.0116184
v 0.0295171 0.3857391 0.0078827
v 0.0552509 0.1391110 0.0087307
v 0.0466271 0.1270232 0.0020645
v 0.0613268 0.2023818 0.0105439
v 0.1025767 0.1731408 0.0033433
v 0.1140933 0.1607456 0.0025625
v 0.0647893 0.0009364 0.3214160
v 0.0550674 0.0225230 0.3140538
v 0.0390651 0.0082622 0.3228094
v 0.0657326 0.0293848 0.3089308
v 0.0284603 0.0342968 0.3128304
v -0.0021097 0.0390514 0.3120860
v 0.0083249 0.0164127 0.3215944
v -0.0025207 0.0067508 0.3259917
v 0.1264516 -0.0019759 0.2980059
v 0.1186140 0.0199507 0.2917327
v 0.1017652 0.0056424 0.3080495
v 0.1274290 0.0276323 0.2814714
v 0.0896815 0.0309819 0.3007070
v 0.1663017 -0.0188343 0.2517332
v 0.1618879 0.0070942 0.2465715
v 0.1525825 -0.0041322 0.2708472
v 0.1653494 0.0150038 0.2342104
v 0.1451748 0.0235903 0.2656872
v 0.1428976 0.0036726 0.2794437
v 0.1789258 -0.0393668 0.1987290
v 0.1792760 -0.0415673 0.2110864
v 0.1777644 -0.0324721 0.1894898
v 0.1751115 -0.0149757 0.2167200
v 0.1761522 -0.0302209 0.2246989
v 0.1753034 -0.0054436 0.1924511
v 0.1740213 0.0004891 0.2075511
v 0.1704067 0.0080460 0.2225396
v 0.1713499 -0.0149672 0.2344339
v 0.1728974 -0.0732843 0.1540690
v 0.1683808 -0.0587009 0.1389907
v 0.1778160 -0.0550897 0.1769630
v 0.1685446 -0.0307603 0.1401920
v 0.1718753 -0.0250920 0.1532811
v 0.1740800 -0.0196714 0.1665624
v 0.1786929 -0.0462834 0.1874543
v 0.1539468 -0.0926251 0.1141832
v 0.1563383 -0.0687067 0.1126189
v 0.1602429 -0.0917012 0.1254224
v 0.1340144 -0.0664134 0.0801956
v 0.1445869 -0.0600018 0.0919396
v 0.1594456 -0.0452835 0.1155291
v 0.0883381 -0.1278747 0.0710189
v 0.0837352 -0.1074618 0.0569794
v 0.0931115 -0.1133081 0.0654430
v 0.1085664 -0.0931610 0.0662986
v 0.1242478 -0.1108026 0.0857110
v 0.0855184 -0.0722753 0.0418297
v 0.0733623 -0.0771449 0.0355250
v 0.0959908 -0.0665067 0.0470861
v 0.1036828 -0.0708123 0.0539364
v 0.0788474 -0.0871518 0.0441253
v 0.0867219 -0.0949064 0.0524904
v 0.1265069 -0.0574213 0.0698425
v 0.1232587 -0.0712012 0.0705510
v 0.1207228 -0.0869169 0.0732581
v 0.1145715 -0.0625006 0.0603959
v 0.1351214 -0.1040781 0.0935773
v 0.0247663 -0.1528549 0.0660243
v 0.0012164 -0.1504651 0.0628295
v -0.0054665 -0.1301800 0.0497497
v 0.0177077 -0.1323445 0.0519425
v -0.0021557 -0.1175961 0.0416278
v 0.0202706 -0.1188349 0.0436031
v 0.0410129 -0.1337525 0.0565296
v 0.0381557 -0.1469145 0.0645925
v 0.0212288 -0.1050361 0.0347228
v 0.0722977 -0.1015800 0.0478474
v 0.0585026 -0.1140737 0.0493746
v 0.0720095 -0.1155022 0.0558174
v 0.0635750 -0.0896834 0.0372663
v 0.0680601 -0.1502266 0.0749384
v 0.0598273 -0.2436454 0.1385618
v 0.0367854 -0.2356268 0.1271846
v 0.0616014 -0.2317479 0.1291755
v 0.0002082 -0.2554435 0.1416604
v 0.0220647 -0.2522869 0.1397701
v -0.0011349 -0.2437161 0.1313052
v 0.0236773 -0.2418335 0.1308921
v 0.0049984 -0.2268583 0.1174316
v 0.0249780 -0.2163724 0.1105780
v 0.0191037 -0.2256233 0.1170567
v 0.0375956 -0.2140536 0.1104188
v 0.0461980 -0.2049239 0.1053018
v 0.0436718 -0.1792490 0.0868110
v 0.0617171 -0.1886382 0.0974420
v 0.0193075 -0.2002005 0.0980149
v 0.0217656 -0.1788078 0.0830839
v -0.0000442 -0.1633371 0.0711952
v 0.0222966 -0.1658704 0.0743584
v 0.0439900 -0.1665320 0.0784046
v 0.0647739 -0.1712573 0.0869372
v 0.0953633 -0.2147154 0.4637538
v 0.1209340 -0.2068314 0.4819440
v 0.1289081 -0.1836092 0.4717660
v 0.1648554 -0.1647792 0.4634120
v 0.1599425 -0.1478611 0.4365198
v 0.1630193 -0.1744309 0.4759483
v 0.1713997 -0.1302359 0.4007795
v 0.1848599 -0.1436178 0.4212240
v 0.1933973 -0.1305220 0.3664531
v 0.1232773 -0.1394119 0.4206793
v 0.1427293 -0.1129581 0.3778771
v 0.2098887 -0.1462044 0.3457279
v 0.2209844 -0.1540301 0.3978242
v 0.2064845 -0.1664036 0.4604604
v 0.0707783 -0.2052111 0.4430754
v 0.1893920 -0.1243397 0.3263484
v 0.2030992 -0.2674740 0.2812531
v 0.1991284 -0.2676598 0.2662477
v 0.1909603 -0.2787791 0.2737723
v 0.2138396 -0.2558071 0.2840383
v 0.2134492 -0.2524888 0.2789631
v 0.2097404 -0.2581495 0.2859903
v 0.2088555 -0.2774835 0.3009038
v 0.2033446 -0.2581408 0.2568123
v 0.1921726 -0.2833301 0.3004349
v 0.1935066 -0.2805796 0.2856612
v 0.1885306 -0.2878077 0.2938379
v 0.1775327 -0.3082179 0.3188979
v 0.1697248 -0.3143666 0.3220580
v 0.1704724 -0.3074655 0.3029454
v 0.1541826 -0.3215395 0.3062682
v 0.1664113 -0.3052163 0.3376941
v 0.1531367 -0.3282747 0.3297544
v 0.1508373 -0.3312916 0.3332364
v 0.1269775 -0.3492135 0.3390227
v 0.1176642 -0.3455345 0.3009321
v 0.1564562 -0.3094247 0.2845775
v 0.2051417 -0.2482565 0.2438376
v 0.2231692 -0.2539297 0.2833556
v 0.2214383 -0.2240795 0.2523840
v 0.2286768 -0.2436364 0.2902861
v 0.2224642 -0.1994663 0.2736307
v 0.2255971 -0.2093942 0.2725523
v 0.2282878 -0.2212516 0.2690366
v 0.2255641 -0.2429407 0.3037334
v 0.2206044 -0.2523626 0.3121415
v 0.2037437 -0.2843892 0.3115321
v 0.1983504 -0.2836797 0.3215274
v 0.1885250 -0.2861690 0.3338682
v 0.1432409 -0.2346564 0.4740802
v 0.1552702 -0.2541811 0.4706236
v 0.1133125 -0.2926996 0.4187250
v 0.1232859 -0.2989002 0.4173129
v 0.1119956 -0.3025115 0.4085155
v 0.1178021 -0.2975796 0.4083795
v 0.1250244 -0.3003123 0.3990100
v 0.1193637 -0.3005075 0.4040851
v 0.1150630 -0.3070318 0.3970544
v 0.1271716 -0.3024595 0.3939348
v 0.1304899 -0.3018739 0.3964724
v 0.1328323 -0.3022643 0.3904212
v 0.1403688 -0.3097483 0.3683147
v 0.1595315 -0.2980014 0.3697829
v 0.1448424 -0.3011696 0.3785962
v 0.1748866 -0.2904217 0.3619049
v 0.1822577 -0.2912121 0.3703351
v 0.2105212 -0.2651767 0.3516744
v 0.2235349 -0.2501003 0.3544867
v 0.2146190 -0.2694736 0.3595974
v 0.2240693 -0.2509122 0.3412230
v 0.2348465 -0.2428533 0.3655463
v 0.2327639 -0.2395592 0.3461640
v 0.2381365 -0.2312904 0.3529913
v 0.2349156 -0.2300627 0.3626977
v 0.2320906 -0.2367753 0.3580183
v 0.1302947 -0.2464377 0.4693789
v 0.1531329 -0.2221355 0.4749595
v 0.1607457 -0.2144251 0.4746701
v 0.1711988 -0.2056701 0.4738925
v 0.1816319 -0.2013469 0.4695741
v 0.1950750 -0.1865195 0.4711957
v 0.1802655 -0.1966621 0.4722093
v 0.1865118 -0.1962717 0.4677197
v 0.1937264 -0.2051900 0.4666508
v 0.1917822 -0.1923678 0.4669389
v 0.1956861 -0.1923678 0.4636205
v 0.2052094 -0.1988606 0.4601557
v 0.1990045 -0.1894398 0.4628398
v 0.1991997 -0.1923678 0.4616686
v 0.2157186 -0.1775649 0.4571881
v 0.2283405 -0.1734362 0.4402668
v 0.2197199 -0.1837983 0.4413898
v 0.2276986 -0.1843646 0.4273137
v 0.2382063 -0.1927970 0.3991560
v 0.2344448 -0.1947668 0.4229712
v 0.2397435 -0.1685551 0.3976603
v 0.2443385 -0.2056997 0.3608575
v 0.2396106 -0.1981655 0.4095062
v 0.2407769 -0.1982237 0.3853461
v 0.2421457 -0.2034292 0.3960823
v 0.2400937 -0.2058364 0.3787094
v 0.2435303 -0.2159852 0.3926767
v 0.2374585 -0.2196955 0.3666071
v 0.2461175 -0.1976282 0.3734210
v 0.2392984 -0.2417109 0.3817659
v 0.2198342 -0.2705804 0.3716924
v 0.2089647 -0.2726552 0.3165483
v 0.2003535 -0.2756991 0.3302411
v 0.2279625 -0.2379732 0.3324032
v 0.2295255 -0.1595070 0.4049299
v 0.2076777 -0.1526141 0.4229305
v 0.2119194 -0.1569771 0.4360906
v 0.1453905 -0.1982264 0.4871136
v 0.1318576 -0.1947692 0.4829696
v 0.1591975 -0.2004194 0.4855945
v 0.2251853 -0.2373828 0.3175374
v 0.2239362 -0.2045742 0.2850618
v 0.0041968 -0.4367558 0.3883717
v 0.0010323 -0.4379989 0.4020597
v 0.1071962 -0.3677640 0.3663663
v 0.1031514 -0.3797867 0.3622020
v 0.2275063 -0.2214861 0.3166042
v 0.1907086 -0.2443880 0.4563007
v 0.1796770 -0.2348177 0.4672077
v 0.2045687 -0.2402459 0.4573609
v 0.1834140 -0.2587658 0.4593856
v 0.1906533 -0.2675632 0.4439580
v 0.1970525 -0.2625415 0.4393184
v 0.2005661 -0.2733750 0.4200914
v 0.1980285 -0.2696662 0.4284849
v 0.1978333 -0.2784501 0.4072083
v 0.2137924 -0.2732806 0.4093710
v 0.1930509 -0.2832325 0.3929588
v 0.2011900 -0.2827607 0.3823478
v 0.1872591 -0.2906164 0.3922882
v 0.1945398 -0.2852467 0.3693082
v 0.1883349 -0.2827393 0.3576262
v 0.1889474 -0.2890098 0.4046385
v 0.1805921 -0.2978128 0.3983600
v 0.1697742 -0.3031642 0.3906289
v 0.2144478 -0.2601897 0.4340888
v 0.2344617 -0.2519696 0.3758990
v 0.1571802 -0.3063442 0.3993628
v 0.1694230 -0.3022592 0.4056163
v 0.2413248 -0.2255345 0.4138140
v 0.2312171 -0.2057956 0.4324003
v 0.2308698 -0.2432278 0.4277696
v 0.2216200 -0.2709891 0.3866877
v 0.1558525 -0.2668535 0.4634796
v 0.2432133 -0.2291240 0.3880984
v 0.1345761 -0.2109546 0.4875874
v 0.1539006 -0.2389389 0.4759823
v 0.1242245 -0.2207289 0.4857870
v 0.1210857 -0.2493624 0.4758421
v 0.1423788 -0.2499589 0.4725655
v 0.1194456 -0.2752767 0.4509512
v 0.1010368 -0.2695514 0.4585776
v 0.1094817 -0.2733565 0.4503062
v 0.1144837 -0.2718134 0.4472239
v 0.1193790 -0.2829021 0.4437879
v 0.0959576 -0.2560153 0.4639551
v 0.1299191 -0.2807070 0.4500430
v 0.1140933 -0.2915284 0.4206769
v 0.1192707 -0.2936687 0.4265575
v 0.1340982 -0.3032123 0.4153211
v 0.1240484 -0.2993363 0.4048659
v 0.1251859 -0.3088293 0.3852994
v 0.2013153 -0.2767518 0.3557011
v 0.1942915 -0.2806537 0.3434335
v 0.2269720 -0.2580009 0.3637067
v 0.2403235 -0.2302591 0.3736761
v 0.1153674 -0.3135798 0.3864169
v 0.1327733 -0.3097076 0.3765605
v 0.2081311 -0.2796501 0.3698023
v 0.2133027 -0.2781905 0.3810633
v 0.2102063 -0.2787784 0.3948670
v 0.2061279 -0.2687484 0.4293963
v 0.2096002 -0.2515884 0.4460113
v 0.2175307 -0.2380649 0.4478402
v 0.1897643 -0.2215590 0.4660430
v 0.2033126 -0.2130487 0.4619586
v 0.1669493 -0.2445693 0.4719109
v 0.1783866 -0.2481732 0.4654623
v 0.1700249 -0.2684889 0.4594332
v 0.1835320 -0.2840208 0.4338820
v 0.1700759 -0.2784806 0.4512194
v 0.1768316 -0.2925048 0.4274902
v 0.1803899 -0.2960758 0.4130777
v 0.1684841 -0.2999341 0.4197224
v 0.1570102 -0.3048287 0.3837673
v 0.1503306 -0.3052852 0.3637738
v 0.2358619 -0.2250320 0.3400372
v 0.2417845 -0.2130548 0.4082439
v 0.2277721 -0.1597977 0.4172521
v 0.2202364 -0.1573858 0.4254256
v 0.2237900 -0.1624047 0.4358486
v 0.2368036 -0.1671309 0.4132688
v 0.2426147 -0.1778717 0.4066229
v 0.1327802 -0.2572926 0.4673352
v 0.1108712 -0.2594893 0.4694154
v 0.1716435 -0.1832640 0.4817892
v 0.1847440 -0.1821149 0.4782239
v 0.1879769 -0.1915886 0.4721527
v 0.2080943 -0.1859633 0.4557118
v 0.2057663 -0.1800399 0.4662382
v 0.2025298 -0.1584467 0.4479362
v 0.2183380 -0.1657084 0.4480581
v 0.2221517 -0.1848037 0.4386475
v 0.2328500 -0.1686185 0.4286456
v 0.2455759 -0.1818027 0.3912578
v 0.2458964 -0.1856849 0.3761283
v 0.2192044 -0.2516154 0.3266105
v 0.2050134 -0.2710375 0.3406786
v 0.1695269 -0.2974295 0.3492130
v 0.1793653 -0.2970541 0.3307503
v 0.1556441 -0.3075289 0.3501827
v 0.1268196 -0.2366015 0.4827474
v 0.0944290 -0.2443462 0.4659122
v 0.1146789 -0.2755222 0.4448816
v 0.0924141 -0.2902033 0.4366964
v 0.0926411 -0.2983988 0.4266839
v 0.1052567 -0.2987079 0.4184570
v 0.1213151 -0.3189857 0.3752662
v 0.1320643 -0.3180233 0.3655485
v 0.1432515 -0.3142406 0.3582549
v 0.1761799 -0.1709535 0.4740729
v 0.1559053 -0.1841611 0.4828426
v 0.1131863 -0.2168990 0.4801261
v 0.1804489 -0.1629733 0.4639447
v 0.1767080 -0.1580700 0.4538609
v 0.1915838 -0.1600040 0.4578042
v 0.2315121 -0.2125468 0.3292817
v 0.2294717 -0.2262055 0.3267171
v 0.2385765 -0.2090219 0.3441156
v 0.2321340 -0.1975785 0.3348122
v 0.2149470 -0.2608062 0.3173094
v 0.2263146 -0.2073923 0.3153098
v 0.1134485 -0.2280902 0.4813839
v 0.1618873 -0.1559232 0.4488494
v 0.1191607 -0.1950985 0.4739189
v 0.1486388 -0.1628974 0.4558084
v 0.1852912 -0.1489576 0.4323858
v 0.1387454 -0.1737033 0.4653567
v 0.1519529 -0.1728120 0.4703748
v 0.1733634 -0.1510478 0.4408103
v 0.1986589 -0.1530152 0.4348977
v 0.1247153 -0.1752516 0.4605626
v 0.1092892 -0.1947073 0.4661367
v 0.1164756 -0.1844974 0.4648871
v 0.1718769 -0.1425093 0.4261870
v 0.2167684 -0.1537241 0.4108459
v 0.1909689 -0.1414292 0.4108881
v 0.2033463 -0.1472934 0.4098072
v 0.2777086 0.0529854 0.1194947
v 0.2880843 0.0463493 0.1142461
v 0.3005226 0.0558142 0.1126848
v 0.2662339 0.0610797 0.1255692
v 0.2942612 0.0237166 0.0878641
v 0.3104626 0.0381612 0.1021136
v 0.2423528 0.0789426 0.1323887
v 0.3014979 0.0718431 0.1155421
v 0.2899782 0.0604556 0.1194993
v 0.2814017 0.0790790 0.1308261
v 0.2673917 0.0741250 0.1323819
v 0.3174897 0.0623389 0.0830877
v 0.3146821 0.0709845 0.0945898
v 0.3092017 0.0643034 0.1059976
v 0.1686363 0.4085171 0.1027903
v 0.2894383 0.0715000 0.1240646
v 0.2945050 0.0829626 0.1238828
v 0.3068887 0.1002318 0.1113114
v 0.3069180 0.1186876 0.1055268
v 0.3108339 0.0941417 0.1001195
v 0.3034627 0.1401027 0.1052723
v 0.2958705 0.1312617 0.1275308
v 0.3027808 0.1278322 0.1157292
v 0.2975546 0.1184789 0.1264576
v 0.2981442 0.1646815 0.0985262
v 0.2997754 0.1543210 0.1109614
v 0.2958052 0.1699655 0.1115633
v 0.2936035 0.1634097 0.1237822
v 0.2956217 0.1758161 0.0872019
v 0.2808823 0.2041762 0.1241047
v 0.2582641 0.2051993 0.1438865
v 0.2711036 0.2383169 0.1106774
v 0.2646724 0.2412488 0.1260623
v 0.2728171 0.2284276 0.1197992
v 0.2474215 0.2329210 0.1437923
v 0.2589341 0.2525435 0.1277439
v 0.2552149 0.2445044 0.1362540
v 0.2434634 0.2467801 0.1425884
v 0.2603637 0.0987981 0.1392843
v 0.2713062 0.0879401 0.1368572
v 0.2761767 0.1296741 0.1414484
v 0.2599176 0.1278414 0.1424327
v 0.2803195 0.1154392 0.1391653
v 0.2769969 0.1024570 0.1389645
v 0.2682139 0.1143463 0.1416076
v 0.2771449 0.1461479 0.1408952
v 0.2453029 0.1279640 0.1394536
v 0.2353963 0.1509211 0.1412421
v 0.2446320 0.1598427 0.1450334
v 0.2652372 0.1525539 0.1446229
v 0.2539344 0.1710534 0.1466800
v 0.2354544 0.1877665 0.1463426
v 0.2260670 0.1779043 0.1424759
v 0.2461939 0.1970199 0.1472516
v 0.2443129 0.2089432 0.1468073
v 0.2199839 0.2117174 0.1436601
v 0.2210151 0.2270357 0.1452734
v 0.2199611 0.2410226 0.1456497
v 0.2340149 0.2358704 0.1465047
v 0.2082863 0.2202238 0.1403733
v 0.2258692 0.2774023 0.1422294
v 0.2276933 0.2671664 0.1437217
v 0.2152749 0.2715914 0.1440053
v 0.2148550 0.2881337 0.1423034
v 0.1886120 0.2847548 0.1374836
v 0.1774744 0.2929024 0.1325102
v 0.1985279 0.2939675 0.1407361
v 0.1859254 0.3028191 0.1365883
v 0.1762359 0.3084426 0.1324260
v 0.1952190 0.3216816 0.1372945
v 0.0927771 -0.0807468 0.0500532
v -0.1978333 -0.1437635 0.1954183
v -0.2073980 -0.1439586 0.2016647
v -0.2054460 -0.1474722 0.2055686
v -0.1991997 -0.1437635 0.1961991
v -0.1908062 -0.1461058 0.1866344
v -0.1911966 -0.1459106 0.1870248
v -0.1980285 -0.1431779 0.1942471
v -0.1880734 -0.1459106 0.1854632
v -0.2064220 -0.1470818 0.2042022
v -0.1781183 -0.1546946 0.1755081
v -0.1777280 -0.1580129 0.1729705
v -0.1845599 -0.1515714 0.1794121
v -0.1790943 -0.1500098 0.1766793
v -0.1792766 -0.1397076 0.1743503
v -0.1629979 -0.1418856 0.1484267
v -0.1663525 -0.1508359 0.1586258
v -0.1882738 -0.1359581 0.1869118
v -0.2180292 -0.1834993 0.2151822
v -0.2148712 -0.1853502 0.2269781
v -0.2152276 -0.1981534 0.2211523
v -0.2140348 -0.1580129 0.2129861
v -0.2109199 -0.1522564 0.2190195
v -0.2149165 -0.1694421 0.2208701
v -0.2153115 -0.1992549 0.2345208
v -0.2156059 -0.1861638 0.2399284
v -0.1672848 -0.1687488 0.1637962
v -0.1630881 -0.1685537 0.1618442
v -0.1620911 -0.1609036 0.1576673
v -0.1577706 -0.1803331 0.1571728
v -0.1468506 -0.1808050 0.1478806
v -0.1534994 -0.1687461 0.1491662
v -0.1417329 -0.1749907 0.1377404
v -0.1579313 -0.1551124 0.1479761
v -0.1313698 -0.2261785 0.1615575
v -0.1384009 -0.2137309 0.1580389
v -0.1214852 -0.2232807 0.1530979
v -0.1020234 -0.2221991 0.1374079
v -0.0910991 -0.2427977 0.1492346
v -0.1040395 -0.2412482 0.1552965
v -0.1197959 -0.2079307 0.1390418
v -0.1246450 -0.1953129 0.1337412
v -0.1644725 -0.2683303 0.2006871
v -0.1750171 -0.2685942 0.2130379
v -0.1876780 -0.2583404 0.2093779
v -0.1987449 -0.2466634 0.2068182
v -0.1961742 -0.2511131 0.2191698
v -0.1765297 -0.2751349 0.2372978
v -0.1865177 -0.2701404 0.2468879
v -0.1873529 -0.2649170 0.2341767
v -0.1780771 -0.2704927 0.2260608
v -0.1534303 -0.2805828 0.2168385
v -0.1528947 -0.2863997 0.2301057
v -0.2110515 -0.2237292 0.2163496
v -0.2046303 -0.2382296 0.2169698
v -0.2091533 -0.2304559 0.2277266
v -0.2154247 -0.2091867 0.2139584
v -0.2133118 -0.2139487 0.2282027
v -0.2137708 -0.2254832 0.2398189
v -0.1960429 -0.2598164 0.2452102
v -0.2053286 -0.2501702 0.2473614
v -0.1980520 -0.2529953 0.2329871
v -0.1270358 -0.2401755 0.1688539
v -0.1413075 -0.2360707 0.1687710
v -0.1145238 -0.2457818 0.1661890
v -0.1122829 -0.2552554 0.1732541
v -0.1505757 -0.2567798 0.1817971
v -0.1378804 -0.2489707 0.1766303
v -0.1167671 -0.2632608 0.1829076
v -0.0836311 -0.2813344 0.1842029
v -0.0855680 -0.2908874 0.1957544
v -0.1069863 -0.2732701 0.1875924
v -0.1037018 -0.2633623 0.1758373
v -0.0818441 -0.2714458 0.1725823
v -0.0796115 -0.2612053 0.1612174
v -0.1509914 -0.2666200 0.1928256
v -0.1231100 -0.2730199 0.1938610
v -0.1651958 -0.2612520 0.1885659
v -0.1323587 -0.2893685 0.2186577
v -0.1415073 -0.2817324 0.2108633
v -0.1280899 -0.2822196 0.2059935
v -0.1082999 -0.2928108 0.2089056
v -0.2872439 -0.2154052 0.0671672
v -0.2848860 -0.2201272 0.0545288
v -0.3003065 -0.2148203 0.0697012
v -0.2906595 -0.2083739 0.0789554
v -0.2753347 -0.2120490 0.0645806
v -0.3418374 -0.2771160 0.0304352
v -0.3539390 -0.2706484 0.0344291
v -0.3264107 -0.2732107 0.0341023
v -0.3049343 -0.2044602 0.0794323
v -0.3190505 -0.1955685 0.0751314
v -0.3829397 -0.2576418 0.0313079
v -0.3751057 -0.2506355 0.0392231
v -0.3679914 -0.2628218 0.0361982
v -0.3780564 -0.2159930 0.0404598
v -0.3818066 -0.2300070 0.0400029
v -0.3842829 -0.2435025 0.0361905
v -0.3966874 -0.2498318 0.0277146
v -0.3628148 -0.2492016 0.0444261
v -0.3511567 -0.2586043 0.0426787
v -0.3315354 -0.2378639 0.0509095
v -0.3395031 -0.2490554 0.0478406
v -0.3191906 -0.2380891 0.0483324
v -0.3215105 -0.2277180 0.0533550
v -0.3068415 -0.2315007 0.0495530
v -0.3521363 -0.2149551 0.0528025
v -0.3507580 -0.2461677 0.0480781
v -0.3342949 -0.2597063 0.0420499
v -0.3252478 -0.2486388 0.0457840
v -0.3188306 -0.2590657 0.0394999
v -0.3661824 -0.2246911 0.0483540
v -0.3098937 -0.2451739 0.0417275
v -0.3444189 -0.2366888 0.0518923
v -0.3572717 -0.2366649 0.0494298
v -0.3376934 -0.2242238 0.0545157
v -0.3517105 -0.2269796 0.0527399
v -0.2934725 -0.2281933 0.0458705
v -0.3104966 -0.2210083 0.0601723
v -0.2969382 -0.2229038 0.0583094
v -0.3243161 -0.2156797 0.0589225
v -0.3379358 -0.2093280 0.0550668
v -0.3275884 -0.2033541 0.0630431
v -0.3144109 -0.2100613 0.0686519
v -0.4424925 -0.3832076 0.0089254
v -0.4379387 -0.3852608 0.0196274
v -0.4279562 -0.3909511 0.0227178
v -0.4327695 -0.3950642 0.0105489
v -0.3282757 -0.1765337 0.0596745
v -0.3204839 -0.1672315 0.0696043
v -0.3222541 -0.1806300 0.0728012
v -0.3157317 -0.1720613 0.0830696
v -0.3155947 -0.1835712 0.0828107
v -0.3235469 -0.1642328 0.0541574
v -0.3253960 -0.1639176 0.0385974
v -0.3161477 -0.1542645 0.0639701
v -0.3248699 -0.1686628 0.0237299
v -0.3139738 -0.1674463 0.0170189
v -0.3071869 -0.1597305 0.0237522
v -0.2930714 -0.1461993 0.0371232
v -0.2936031 -0.1572151 0.0259850
v -0.3053325 -0.1508995 0.0344546
v -0.3147438 -0.1522954 0.0463611
v -0.4150417 -0.3620284 0.0332573
v -0.4245181 -0.3507428 0.0287655
v -0.4084326 -0.3482288 0.0311643
v -0.4317685 -0.3433580 0.0186941
v -0.4343451 -0.3421062 0.0072072
v -0.4420701 -0.3731409 0.0228820
v -0.4462524 -0.3662416 0.0113092
v -0.4413464 -0.3508925 0.0107207
v -0.4386097 -0.3568584 0.0228947
v -0.4329647 -0.3786950 0.0276048
v -0.4300978 -0.3659852 0.0301100
v -0.4195868 -0.3788952 0.0314610
v -0.4130459 -0.3237590 0.0123502
v -0.4068736 -0.3134541 0.0076420
v -0.4236477 -0.3347075 0.0101770
v -0.4043052 -0.3264595 0.0256949
v -0.4016344 -0.3376930 0.0293092
v -0.4164416 -0.3367162 0.0240599
v -0.3963414 -0.3175152 0.0276293
v -0.3876239 -0.3294515 0.0291132
v -0.4032223 -0.3025408 0.0117856
v -0.3975773 -0.2900849 0.0073392
v -0.3855868 -0.3112106 0.0292299
v -0.3964347 -0.3045586 0.0252260
v -0.3846057 -0.2955989 0.0268216
v -0.4944408 -0.2299144 0.0089713
v -0.4918550 -0.2464367 0.0217008
v -0.4985441 -0.2421161 0.0107088
v -0.4870625 -0.2570608 0.0241021
v -0.4845281 -0.2693807 0.0203276
v -0.4881485 -0.2722916 0.0090257
v -0.4951931 -0.2594652 0.0131789
v -0.3830481 -0.2091656 0.0299087
v -0.3928429 -0.2159706 0.0158319
v -0.4517378 -0.2617773 0.0287240
v -0.4438094 -0.2505760 0.0296970
v -0.4575853 -0.2482844 0.0311986
v -0.4521437 -0.2370329 0.0276368
v -0.4478224 -0.2281840 0.0206777
v -0.4561971 -0.2194086 0.0123642
v -0.4482542 -0.2735699 0.0161343
v -0.4763565 -0.2791048 0.0120753
v -0.4716467 -0.2725371 0.0243167
v -0.4605259 -0.2712544 0.0251981
v -0.4626530 -0.2794428 0.0140797
v -0.4849816 -0.2220502 0.0124140
v -0.4704893 -0.2180926 0.0135587
v -0.4795284 -0.2441247 0.0278443
v -0.4892668 -0.2332821 0.0206373
v -0.4753641 -0.2287103 0.0232118
v -0.4660505 -0.2375272 0.0283224
v -0.4763542 -0.2594552 0.0286306
v -0.4691775 -0.2492735 0.0306800
v -0.4647501 -0.2605914 0.0302064
v -0.4300039 -0.2508761 0.0287459
v -0.4261227 -0.2628358 0.0221142
v -0.4422157 -0.2239039 0.0108099
v -0.4330783 -0.2286225 0.0209623
v -0.4384456 -0.2374066 0.0270058
v -0.4139255 -0.2533392 0.0267262
v -0.4076318 -0.2393828 0.0295235
v -0.4174060 -0.2283409 0.0243876
v -0.3797410 -0.2723307 0.0270923
v -0.3724611 -0.2855122 0.0270391
v -0.3849990 -0.2834997 0.0243117
v -0.3823575 -0.2106981 0.0068298
v -0.4034781 -0.2258929 0.0260102
v -0.3951653 -0.2352660 0.0330110
v -0.4030257 -0.4029522 0.0154175
v -0.4201807 -0.4012361 0.0132772
v -0.2597322 -0.1924763 0.0419716
v -0.2668059 -0.2055678 0.0461508
v -0.2750522 -0.2140999 0.0501903
v -0.2646925 -0.2068343 0.0606059
v -0.2719032 -0.1733337 0.0282364
v -0.2816938 -0.1826535 0.0216807
v -0.2701456 -0.1865277 0.0294260
v -0.2707590 -0.1994797 0.0332849
v -0.3000966 -0.1697732 0.0154606
v -0.2915993 -0.1791283 0.0161864
v -0.2851565 -0.1689786 0.0223118
v -0.3884791 -0.3694309 0.0305984
v -0.4045624 -0.3729070 0.0332113
v -0.3993298 -0.3579567 0.0326755
v -0.3702745 -0.3681334 0.0123740
v -0.3759849 -0.3759692 0.0223555
v -0.3725541 -0.3831048 0.0105221
v -0.3784907 -0.3904482 0.0158024
v -0.3850791 -0.3834241 0.0262407
v -0.3905961 -0.3939674 0.0234481
v -0.3960755 -0.3828963 0.0301958
v -0.4021680 -0.3930750 0.0264581
v -0.4140479 -0.3939670 0.0251117
v -0.4076791 -0.3849899 0.0306183
v -0.3715319 -0.3523332 0.0122224
v -0.3779858 -0.3445823 0.0246204
v -0.3926311 -0.3459333 0.0302015
v -0.3610721 -0.3163990 0.0103812
v -0.3660049 -0.3244575 0.0180827
v -0.3625886 -0.3082401 0.0234266
v -0.3744570 -0.3179949 0.0273879
v -0.3734603 -0.3018371 0.0279718
v -0.2537986 -0.3367260 0.0278635
v -0.2537332 -0.3203422 0.0294278
v -0.2437437 -0.3271838 0.0209994
v -0.2395639 -0.3209437 0.0098394
v -0.2447051 -0.3416649 0.0158254
v -0.2492548 -0.3506554 0.0104185
v -0.2607920 -0.3573646 0.0132445
v -0.2711347 -0.3530998 0.0264146
v -0.2559773 -0.3497820 0.0218548
v -0.2910658 -0.2560858 0.0225541
v -0.2918292 -0.3085619 0.0347691
v -0.2971848 -0.3214718 0.0327577
v -0.2696184 -0.3013030 0.0304380
v -0.2834356 -0.2970161 0.0323362
v -0.3086689 -0.3223544 0.0230353
v -0.3156636 -0.3108319 0.0076387
v -0.2994519 -0.3352934 0.0266170
v -0.2946784 -0.3474411 0.0219249
v -0.3037584 -0.3429884 0.0136283
v -0.2855905 -0.3457005 0.0304587
v -0.3103117 -0.3327412 0.0125945
v -0.2446122 -0.3116793 0.0179276
v -0.2564714 -0.3059583 0.0263204
v -0.2642593 -0.3139106 0.0329289
v -0.2670780 -0.3272066 0.0347452
v -0.2783881 -0.3131256 0.0358729
v -0.2843387 -0.3241120 0.0361376
v -0.2754698 -0.3381741 0.0343381
v -0.2991310 -0.2936119 0.0321796
v -0.3054908 -0.3092604 0.0293891
v -0.3141142 -0.3123966 0.0182092
v -0.2745783 -0.2819367 0.0091054
v -0.2806263 -0.2771339 0.0194552
v -0.3429575 -0.2947855 0.0104075
v -0.3657091 -0.2750269 0.0299354
v -0.3560542 -0.2828770 0.0271956
v -0.3441661 -0.2866985 0.0218503
v -0.3534262 -0.2954022 0.0214814
v -0.2836554 -0.2676685 0.0115262
v -0.2894272 -0.2702613 0.0243150
v -0.3102171 -0.2697896 0.0334344
v -0.2989476 -0.2773888 0.0303788
v -0.2988577 -0.2631876 0.0296612
v -0.3119872 -0.2838804 0.0311495
v -0.3492824 -0.1884768 0.0239719
v -0.3598851 -0.1976666 0.0349258
v -0.3500502 -0.2020560 0.0478097
v -0.2977729 -0.2471629 0.0320797
v -0.2927038 -0.2316037 0.0322671
v -0.2849768 -0.2221665 0.0399335
v -0.2925559 -0.2300722 0.0196198
v -0.2962714 -0.2220154 0.0116374
v -0.3728460 -0.2024024 0.0114919
v -0.3622617 -0.1952011 0.0179319
v -0.3722349 -0.2051297 0.0367631
v -0.3724821 -0.2012909 0.0260163
v -0.2952768 -0.2375737 0.0081479
v -0.2916599 -0.2412697 0.0215797
v -0.3356501 -0.1786931 0.0189874
v -0.3228411 -0.1759234 0.0113645
v -0.3324668 -0.1730324 0.0313350
v -0.3393300 -0.1819040 0.0349672
v -0.3320103 -0.1739434 0.0447143
v -0.3383694 -0.1969142 0.0536336
v -0.3458560 -0.1921456 0.0411774
v -0.3364180 -0.1853183 0.0501101
v -0.3301020 -0.1898170 0.0632232
v -0.2882831 -0.2186313 0.0245086
v -0.2772050 -0.2118501 0.0357639
v -0.2813725 -0.2069428 0.0252252
v -0.2810427 -0.1961327 0.0224146
v -0.2917469 -0.1906748 0.0146048
v -0.3904649 -0.2637154 0.0204168
v -0.3925156 -0.2775059 0.0162593
v -0.3952819 -0.2907079 0.0204545
v -0.4027860 -0.2668245 0.0090524
v -0.4035068 -0.2601395 0.0191115
v -0.3537821 -0.3045639 0.0116205
v -0.3269751 -0.2846129 0.0253417
v -0.4060531 -0.3137054 0.0195607
v -0.3704559 -0.3378175 0.0117772
v -0.3732121 -0.3314212 0.0232079
v -0.4264547 -0.2256877 0.0097886
v -0.4225344 -0.2387713 0.0290424
v -0.3153397 -0.2985939 0.0260008
v -0.2870987 -0.2836112 0.0279575
v -0.2790482 -0.2092291 0.0757507
v -0.2796941 -0.2028436 0.0879308
v -0.2664261 -0.2048230 0.0769384
v -0.3076996 -0.1925130 0.0875151
v -0.2979274 -0.1894362 0.0975235
v -0.3086911 -0.1797505 0.0932887
v -0.2873145 -0.1958282 0.0972124
v -0.2946676 -0.1997751 0.0890763
v -0.3093834 -0.1483454 0.0909199
v -0.3140872 -0.1584968 0.0805800
v -0.3091395 -0.1656751 0.0962448
v -0.3001482 -0.1774902 0.1048054
v -0.3043909 -0.1323462 0.0706998
v -0.3076006 -0.1376674 0.0836729
v -0.3110109 -0.1453216 0.0742477
v -0.2895664 -0.1275757 0.0612362
v -0.2742455 -0.1260448 0.0614357
v -0.2791811 -0.1345368 0.0505858
v -0.2911655 -0.1371090 0.0483866
v -0.2992941 -0.1350038 0.0565319
v -0.3022225 -0.1424839 0.0466044
v -0.2834120 -0.1423341 0.0411434
v -0.2457377 -0.1917277 0.0651456
v -0.2541405 -0.1994234 0.0706471
v -0.2403889 -0.1809706 0.0600596
v -0.2508477 -0.1899737 0.0519832
v -0.2562806 -0.1993323 0.0558022
v -0.2398892 -0.1663476 0.0545111
v -0.2487446 -0.1786109 0.0474476
v -0.2525618 -0.1622200 0.0422215
v -0.2444002 -0.1507493 0.0504845
v -0.2633961 -0.1651821 0.0343244
v -0.2596492 -0.1763348 0.0365271
v -0.2662794 -0.1535008 0.0368497
v -0.2581316 -0.1453781 0.0450301
v -0.2657205 -0.1344053 0.0517137
v -0.2721348 -0.1431109 0.0420200
v -0.2272655 -0.2034864 0.1318818
v -0.2115173 -0.1955423 0.1187707
v -0.2252249 -0.1954515 0.1175380
v -0.2493950 -0.1899747 0.1540324
v -0.2379923 -0.2012596 0.1406721
v -0.2568843 -0.1839533 0.1461500
v -0.2515832 -0.1539753 0.1646540
v -0.2570727 -0.1742760 0.1564941
v -0.2610889 -0.1594341 0.1565493
v -0.2585565 -0.1323244 0.1527169
v -0.2683902 -0.1449210 0.1514958
v -0.2441093 -0.1298041 0.1567745
v -0.2363795 -0.1215634 0.1501707
v -0.2493389 -0.1406289 0.1616728
v -0.2181919 -0.1175316 0.1339952
v -0.2073906 -0.1229403 0.1292587
v -0.2230068 -0.1222883 0.1534462
v -0.2268962 -0.1171191 0.1415800
v -0.2289534 -0.1120887 0.1270999
v -0.2172161 -0.1160771 0.1226228
v -0.2134883 -0.1873943 0.1097089
v -0.1934134 -0.1656163 0.1167201
v -0.1992713 -0.1575579 0.1089250
v -0.2041786 -0.1472346 0.1008163
v -0.2075958 -0.1620619 0.0978408
v -0.1977178 -0.1423390 0.1165062
v -0.2099209 -0.1202281 0.1122583
v -0.2032941 -0.1293316 0.1185023
v -0.2043680 -0.1329826 0.1065357
v -0.2157615 -0.2111530 0.1375710
v -0.2053300 -0.2182319 0.1433416
v -0.2030410 -0.2092139 0.1330237
v -0.1943222 -0.2151214 0.1392073
v -0.2274898 -0.2095911 0.1454567
v -0.2420732 -0.1926567 0.1688272
v -0.2393944 -0.2017510 0.1559019
v -0.2342823 -0.2056411 0.1689085
v -0.2267412 -0.2142580 0.1603226
v -0.2418056 -0.1594550 0.1762098
v -0.2484443 -0.1829870 0.1647849
v -0.2506966 -0.1682438 0.1668400
v -0.2344629 -0.1460570 0.1779914
v -0.2230966 -0.1347194 0.1760311
v -0.2433838 -0.1480835 0.1700918
v -0.2310042 -0.1285830 0.1623366
v -0.1963881 -0.1361413 0.1599776
v -0.2099129 -0.1254993 0.1570331
v -0.2132018 -0.1210079 0.1442398
v -0.2192496 -0.1272102 0.1641445
v -0.2012394 -0.1278682 0.1447191
v -0.2013570 -0.1998141 0.1253572
v -0.1902386 -0.2061119 0.1333597
v -0.1879540 -0.1927471 0.1276146
v -0.1915870 -0.1785486 0.1202497
v -0.1805033 -0.1807325 0.1310523
v -0.2013693 -0.1886566 0.1172613
v -0.1847778 -0.1673744 0.1274151
v -0.1846914 -0.1567627 0.1360268
v -0.1871679 -0.1487913 0.1433018
v -0.1910030 -0.1447815 0.1316147
v -0.1925733 -0.1389020 0.1442666
v -0.1937404 -0.2333494 0.1591119
v -0.1936614 -0.2240970 0.1481222
v -0.1811994 -0.2288717 0.1530408
v -0.1717150 -0.2218729 0.1508702
v -0.2065470 -0.2259919 0.1552378
v -0.2147524 -0.2273954 0.1772464
v -0.2248480 -0.2162741 0.1761315
v -0.2057522 -0.2323658 0.1680610
v -0.2250949 -0.1808401 0.2038701
v -0.2325400 -0.1792843 0.1923840
v -0.2241139 -0.2106112 0.1910905
v -0.2369916 -0.1896822 0.1817857
v -0.2261039 -0.1449389 0.1864098
v -0.2316987 -0.1555489 0.1878664
v -0.2226611 -0.1505077 0.1962568
v -0.2159867 -0.1396643 0.1893671
v -0.2350475 -0.1676202 0.1875527
v -0.1882927 -0.1492400 0.1681588
v -0.1967405 -0.1406677 0.1767813
v -0.2093132 -0.1351952 0.1811542
v -0.2085559 -0.1310594 0.1701351
v -0.1692187 -0.2109359 0.1470181
v -0.1820341 -0.2161386 0.1432846
v -0.1684420 -0.1979347 0.1442420
v -0.1767309 -0.1915143 0.1357065
v -0.1783273 -0.2026421 0.1378186
v -0.1712575 -0.1847796 0.1424690
v -0.1773029 -0.1697537 0.1415537
v -0.1755609 -0.1666486 0.1542499
v -0.1820700 -0.1579628 0.1488353
v -0.1808585 -0.1585975 0.1612840
v -0.1876111 -0.1481189 0.1546828
v -0.2199300 -0.1685874 0.2105056
v -0.2167675 -0.1546946 0.2074230
v -0.2205148 -0.1947580 0.2088642
v -0.2266714 -0.1650691 0.1991851
v -0.2031317 -0.1396701 0.1894439
v -0.1462512 -0.2220885 0.1619670
v -0.1504134 -0.2067037 0.1567222
v -0.1466842 -0.1914844 0.1530913
v -0.1606631 -0.1925289 0.1522558
v -0.1527366 -0.2456323 0.1722038
v -0.1558560 -0.2332590 0.1637930
v -0.1597441 -0.2192962 0.1558914
v -0.1608468 -0.2061081 0.1515506
v -0.1689058 -0.2319344 0.1582884
v -0.1789466 -0.2555705 0.1864705
v -0.1802850 -0.2394915 0.1634365
v -0.1931223 -0.2410256 0.1713524
v -0.1672714 -0.2433413 0.1677219
v -0.2081715 -0.2334391 0.2049166
v -0.2014534 -0.2423876 0.1946601
v -0.2041864 -0.2372611 0.1812411
v -0.1921192 -0.2472505 0.1844849
v -0.2161454 -0.2192097 0.2018401
v -0.2664240 -0.1704038 0.1468097
v -0.2734180 -0.1568342 0.1462055
v -0.2732544 -0.1311262 0.1464593
v -0.2392768 -0.1141756 0.1374203
v -0.2508068 -0.1190359 0.1451137
v -0.2506107 -0.1089392 0.1324933
v -0.2644859 -0.1212025 0.1457359
v -0.2634493 -0.1107165 0.1376957
v -0.2621784 -0.1015377 0.1258256
v -0.2487975 -0.1033937 0.1210203
v -0.2451691 -0.0998475 0.1077331
v -0.2357601 -0.1058935 0.1151773
v -0.2298960 -0.1045194 0.1003211
v -0.2094631 -0.1223848 0.0971355
v -0.2077496 -0.1368409 0.0918994
v -0.2166206 -0.1124734 0.1022279
v -0.2195259 -0.1134886 0.0885750
v -0.2143601 -0.1267719 0.0827968
v -0.2111223 -0.1512070 0.0874691
v -0.2167435 -0.1652529 0.0868517
v -0.2243973 -0.1708044 0.0791542
v -0.2267374 -0.1858028 0.1035070
v -0.2153762 -0.1762625 0.0987504
v -0.2258190 -0.1786173 0.0896825
v -0.2405249 -0.1951582 0.1257598
v -0.2389307 -0.1902376 0.1093864
v -0.2671729 -0.1804913 0.1354913
v -0.2550754 -0.1893600 0.1305229
v -0.2973779 -0.1423294 0.1184020
v -0.3007192 -0.1321158 0.1097122
v -0.3037159 -0.1447394 0.1056820
v -0.2991078 -0.1543148 0.1150243
v -0.2896381 -0.1655222 0.1240894
v -0.2998058 -0.1660297 0.1108126
v -0.2893466 -0.1774835 0.1158010
v -0.2917890 -0.1084920 0.1032882
v -0.2950000 -0.1125848 0.0897910
v -0.2836689 -0.1125622 0.0809186
v -0.2958806 -0.1186408 0.1140286
v -0.3008837 -0.1215349 0.0999434
v -0.3056155 -0.1350177 0.0959423
v -0.3035198 -0.1255895 0.0860745
v -0.2952548 -0.1197785 0.0759389
v -0.2477505 -0.1139388 0.0765724
v -0.2576448 -0.1186757 0.0722635
v -0.2707054 -0.1174504 0.0736037
v -0.2718688 -0.1065266 0.0859181
v -0.2829827 -0.1201862 0.0701802
v -0.2459502 -0.1257536 0.0657695
v -0.2376083 -0.1392373 0.0592251
v -0.2512047 -0.1358102 0.0543145
v -0.2323382 -0.1538878 0.0610317
v -0.2309012 -0.1691799 0.0672508
v -0.2437610 -0.1919572 0.0782060
v -0.2539960 -0.1970316 0.0870549
v -0.2344122 -0.1824679 0.0758426
v -0.2671571 -0.2001005 0.0910673
v -0.2620271 -0.1963830 0.0983098
v -0.2769562 -0.1876951 0.1142126
v -0.2883323 -0.1876507 0.1062185
v -0.2754398 -0.1955175 0.1013327
v -0.2595553 -0.0966038 0.1119973
v -0.2739767 -0.0980066 0.1144698
v -0.2766107 -0.1054913 0.1286259
v -0.2849199 -0.1301302 0.1359269
v -0.2764232 -0.1182225 0.1393372
v -0.2879755 -0.1175005 0.1274779
v -0.2939782 -0.1307419 0.1232876
v -0.2868095 -0.1059734 0.1158359
v -0.2807764 -0.1005119 0.1049440
v -0.2433147 -0.1000119 0.0947514
v -0.2503246 -0.1031856 0.0866041
v -0.2354477 -0.1088066 0.0827493
v -0.2552150 -0.0967429 0.0997836
v -0.2615193 -0.1011426 0.0902551
v -0.2603585 -0.1098319 0.0808649
v -0.2260929 -0.1209107 0.0762221
v -0.2221295 -0.1315873 0.0732907
v -0.2374007 -0.1197642 0.0728410
v -0.2319375 -0.1298794 0.0677077
v -0.2212590 -0.1560700 0.0738588
v -0.2155258 -0.1404765 0.0782496
v -0.2260362 -0.1417359 0.0672394
v -0.2390259 -0.1887883 0.0922035
v -0.2521938 -0.1911468 0.1155928
v -0.2512821 -0.1931448 0.1014971
v -0.2637558 -0.1926798 0.1090041
v -0.2779150 -0.1687817 0.1362994
v -0.2782511 -0.1793421 0.1257700
v -0.2651622 -0.1876270 0.1221308
v -0.2803406 -0.1436811 0.1417872
v -0.2850347 -0.1558462 0.1344142
v -0.2898605 -0.1427041 0.1303211
v -0.3013569 -0.2092620 0.0057771
v -0.3536005 -0.1912760 0.0095752
v -0.3003001 -0.1949870 0.0069487
v -0.3009397 -0.1827689 0.0084104
v -0.3122194 -0.1772399 0.0038314
v -0.0183131 -0.0794574 0.3664675
v -0.0324329 -0.0507386 0.3510296
v -0.0330083 -0.0746953 0.3627978
v -0.0382557 -0.0409275 0.3456331
v -0.0440701 -0.0807701 0.3645998
v -0.0512330 -0.0422628 0.3441337
v -0.0758679 -0.0433890 0.3396052
v -0.0447696 -0.0064506 0.3283449
v -0.0657613 -0.0202839 0.3307099
v -0.0199980 -0.0163187 0.3357317
v -0.0183097 -0.0270636 0.3408732
v -0.1338028 -0.1180850 0.3889301
v -0.1403311 -0.1258049 0.4011773
v -0.1173120 -0.1169828 0.3882427
v -0.1501015 -0.1201289 0.3890222
v -0.1581024 -0.1161531 0.3766664
v -0.1710184 -0.1196595 0.3730157
v -0.1512086 -0.1091110 0.3664756
v -0.1359794 -0.1048884 0.3673868
v -0.1200658 -0.1014428 0.3680851
v -0.1268320 -0.1101593 0.3779784
v -0.1104176 -0.1086038 0.3784887
v -0.1816583 -0.1229350 0.3666632
v -0.1807897 -0.1185102 0.3447099
v -0.1639629 -0.1049624 0.3405893
v -0.1510529 -0.0976789 0.3444808
v -0.1579032 -0.1066675 0.3542781
v -0.1645714 -0.1137831 0.3642485
v -0.1316680 -0.0657372 0.3293090
v -0.1529644 -0.0832891 0.3236297
v -0.1451275 -0.0865735 0.3349870
v -0.1242230 -0.0836443 0.3475920
v -0.1194332 -0.0689591 0.3386137
v -0.1021089 -0.0778935 0.3525795
v -0.1130868 -0.0895115 0.3578811
v -0.2007488 -0.1369876 0.3388754
v -0.1940219 -0.1290059 0.3169631
v -0.2057296 -0.1447491 0.3295463
v -0.1850346 -0.1174069 0.3172020
v -0.1762110 -0.1059286 0.3160185
v -0.1748956 -0.1115862 0.3356990
v -0.2012779 -0.1412267 0.2987095
v -0.2021265 -0.1417263 0.3144380
v -0.1971525 -0.1336395 0.3062167
v -0.1907052 -0.1230873 0.3051255
v -0.1738388 -0.0896674 0.2925785
v -0.1864320 -0.1065587 0.2765857
v -0.1757767 -0.0995314 0.3036008
v -0.1602855 -0.0813596 0.3112702
v -0.2087971 -0.1593359 0.2950294
v -0.2046237 -0.1486569 0.2913858
v -0.2112315 -0.1675751 0.2860872
v -0.2144832 -0.1779847 0.2772748
v -0.2062773 -0.1539293 0.2816861
v -0.2043624 -0.1476916 0.2685603
v -0.2094679 -0.1634776 0.2699560
v -0.2047849 -0.1423037 0.2447709
v -0.1951208 -0.1217812 0.2551447
v -0.2184548 -0.1886681 0.2677904
v -0.2170327 -0.1872262 0.2536653
v -0.2209472 -0.1973071 0.2597899
v -0.2138422 -0.1754652 0.2471406
v -0.2115112 -0.1627679 0.2407140
v -0.2139247 -0.1765225 0.2619334
v -0.2187311 -0.1984820 0.2478112
v -0.2137161 -0.1734059 0.2336974
v -0.1982123 -0.1306413 0.2123080
v -0.2088591 -0.1490825 0.2340254
v -0.2357911 -0.2069691 0.4239039
v -0.2136904 -0.2056972 0.4541334
v -0.2225949 -0.2177459 0.4453611
v -0.2371109 -0.2222440 0.4252630
v -0.2411319 -0.2272416 0.4154038
v -0.2403627 -0.2412163 0.3951791
v -0.2343649 -0.2392997 0.4236148
v -0.2293554 -0.2386572 0.2768744
v -0.2290941 -0.2306744 0.2884728
v -0.2032619 -0.2672287 0.2815457
v -0.2085692 -0.2630295 0.2898942
v -0.2161819 -0.2495608 0.2725216
v -0.2210795 -0.2221094 0.2513589
v -0.2171971 -0.2118904 0.2432103
v -0.2235570 -0.2098817 0.2585166
v -0.2202518 -0.2413386 0.2628482
v -0.2194627 -0.1914374 0.2817947
v -0.2273340 -0.2182615 0.2872650
v -0.2240983 -0.2051043 0.2848633
v -0.2267442 -0.2136148 0.2740689
v -0.1580761 -0.3028097 0.2740126
v -0.1703031 -0.2935241 0.2716166
v -0.1620483 -0.2944821 0.2622096
v -0.1751438 -0.2852592 0.2615950
v -0.1288212 -0.3078608 0.2500414
v -0.1380386 -0.3069253 0.2578035
v -0.1387526 -0.3006839 0.2463001
v -0.1382411 -0.2943162 0.2322463
v -0.1761932 -0.2799899 0.2501798
v -0.1870107 -0.2757733 0.2609756
v -0.1120436 -0.3194185 0.2532662
v -0.1056492 -0.3159124 0.2416938
v -0.1259919 -0.3036942 0.2389722
v -0.0805295 -0.3289033 0.2445059
v -0.0978932 -0.3107382 0.2284414
v -0.0842620 -0.3089758 0.2183819
v -0.0972521 -0.3020610 0.2153394
v -0.1100077 -0.3008355 0.2213583
v -0.0526108 -0.3281582 0.2330169
v -0.0586845 -0.3187273 0.2222169
v -0.0414744 -0.3208795 0.2211397
v -0.0352021 -0.3316504 0.2341214
v -0.0267186 -0.3170232 0.2139909
v -0.0262108 -0.3081268 0.2018749
v -0.0395347 -0.3113745 0.2080607
v -0.0399632 -0.3025232 0.1965909
v -0.0639831 -0.2992096 0.1979484
v -0.0612999 -0.3096725 0.2105610
v -0.1727457 -0.2398824 0.4706582
v -0.1587314 -0.2351894 0.4762256
v -0.1377433 -0.2571431 0.4687408
v -0.0150684 -0.4386398 0.4002287
v -0.0420480 -0.4287725 0.3984932
v -0.0290283 -0.4341521 0.3992945
v -0.0210188 -0.4290138 0.4081250
v -0.0089040 -0.4317644 0.4086555
v -0.0336594 -0.4236873 0.4076718
v -0.0555339 -0.3658989 0.4200914
v -0.0221974 -0.4276710 0.3508528
v -0.0084932 -0.4294973 0.3524395
v -0.0358463 -0.4241342 0.3493662
v -0.0316881 -0.4315840 0.3621340
v -0.0167741 -0.4343036 0.3632820
v -0.0011776 -0.4355527 0.3643659
v -0.0749155 -0.3877702 0.4001693
v -0.0556104 -0.4098971 0.4065864
v -0.0654890 -0.3990548 0.4039947
v -0.0805157 -0.3933777 0.3910506
v -0.0849787 -0.3998904 0.3817371
v -0.0768823 -0.4059585 0.3878456
v -0.0662152 -0.4120328 0.3946373
v -0.0614333 -0.4180169 0.3571831
v -0.0843615 -0.3981016 0.3527582
v -0.0265876 -0.3916541 0.3003477
v -0.0327628 -0.3827987 0.2916598
v -0.0404990 -0.3733848 0.2830549
v -0.0757660 -0.3733212 0.3007036
v -0.0832770 -0.3776161 0.3132408
v -0.0865586 -0.3696314 0.3042777
v -0.0832568 -0.3643157 0.2942368
v -0.0956167 -0.3616560 0.3010803
v -0.0559883 -0.3858859 0.3044571
v -0.0696064 -0.3671926 0.2886709
v -0.0779986 -0.3588215 0.2833775
v -0.0855544 -0.3435829 0.2683293
v -0.1079586 -0.3527569 0.3005655
v -0.0947031 -0.3536569 0.2891623
v -0.1171372 -0.3527757 0.3128205
v -0.0935138 -0.3765522 0.3229120
v -0.1053510 -0.3618123 0.3126753
v -0.1321634 -0.3382734 0.3529271
v -0.1228423 -0.3349888 0.3630670
v -0.1330109 -0.3270603 0.3579489
v -0.1438043 -0.3197654 0.3524386
v -0.1228023 -0.3576342 0.3491671
v -0.1315494 -0.3484700 0.3420453
v -0.1409255 -0.3400809 0.3386449
v -0.1419660 -0.3318513 0.3466728
v -0.1571857 -0.3178614 0.3204516
v -0.1648282 -0.3186571 0.3283943
v -0.1531068 -0.3282677 0.3297472
v -0.1575631 -0.3006654 0.4251940
v -0.1459634 -0.3024860 0.4216263
v -0.0558004 -0.3536939 0.2652634
v -0.0376698 -0.3563936 0.2634413
v -0.0439310 -0.3469272 0.2539013
v -0.0142131 -0.3538498 0.2577681
v -0.0350084 -0.3404270 0.2447481
v -0.0479006 -0.3374565 0.2435777
v -0.1118834 -0.3347978 0.2773201
v -0.1328373 -0.3347878 0.3021902
v -0.1361659 -0.3209894 0.2813776
v -0.1475251 -0.3186558 0.2907021
v -0.1248117 -0.3324070 0.2877131
v -0.1468039 -0.3117945 0.2774378
v -0.1684339 -0.3013609 0.2843267
v -0.1937342 -0.2943588 0.3110732
v -0.1679680 -0.3089010 0.3158246
v -0.1857311 -0.3010931 0.3174171
v -0.2196887 -0.2633126 0.2993011
v -0.2283780 -0.2602704 0.4081242
v -0.2351568 -0.2531334 0.3877812
v -0.2280177 -0.2632607 0.3927283
v -0.1898175 -0.2203604 0.4663152
v -0.1940157 -0.2351436 0.4614400
v -0.2023311 -0.2109851 0.4623753
v -0.1432789 -0.2852257 0.4485968
v -0.1325298 -0.2976470 0.4292311
v -0.1347991 -0.2903386 0.4410490
v -0.1485521 -0.2957302 0.4360028
v -0.0565099 -0.3637517 0.4189202
v -0.0547531 -0.3643373 0.4195058
v -0.0539723 -0.3625805 0.4200914
v -0.0563147 -0.3616045 0.4195058
v -0.0541675 -0.3612141 0.4228241
v -0.0565099 -0.3602382 0.4214578
v -0.0325645 -0.2516245 0.4301750
v -0.0328045 -0.2686665 0.4305877
v -0.0057487 -0.2512333 0.4272145
v -0.0168034 -0.2744407 0.4293936
v -0.0232812 -0.3021155 0.4292503
v -0.0194449 -0.2891349 0.4294968
v -0.0284634 -0.2828030 0.4300857
v -0.0447203 -0.2821962 0.4315107
v -0.0340568 -0.2941630 0.4297147
v -0.1559829 -0.2657799 0.4642198
v -0.1789242 -0.2742928 0.4510184
v -0.1643756 -0.2578880 0.4670187
v -0.1724255 -0.2858325 0.4414390
v -0.1664140 -0.2790817 0.4517649
v -0.1583462 -0.2871985 0.4455953
v -0.1532871 -0.2762477 0.4564783
v -0.1900634 -0.2842095 0.4198754
v -0.2205072 -0.2643627 0.4182297
v -0.2294157 -0.2316778 0.4369428
v -0.2228570 -0.2458771 0.4369542
v -0.2273965 -0.2532301 0.4230310
v -0.2341306 -0.2493981 0.4133817
v -0.2126454 -0.2224317 0.4554473
v -0.1850320 -0.1543680 0.4452901
v -0.2052871 -0.1540586 0.4326835
v -0.2038291 -0.1510379 0.4214406
v -0.2023032 -0.1449022 0.4041670
v -0.1914290 -0.1461233 0.4213520
v -0.1897618 -0.1405175 0.4101049
v -0.1701705 -0.1428896 0.4271357
v -0.1806513 -0.1410982 0.4190128
v -0.2137817 -0.1475268 0.3719116
v -0.2072432 -0.1432543 0.3854137
v -0.1944479 -0.1376059 0.3968682
v -0.2154453 -0.1554242 0.4244041
v -0.1934777 -0.1306447 0.3670098
v -0.2063134 -0.1407654 0.3607491
v -0.1812035 -0.1253534 0.3782519
v -0.1815022 -0.1294783 0.3911150
v -0.1939168 -0.1332994 0.3818966
v -0.2035519 -0.1388998 0.3730491
v -0.1485143 -0.1330687 0.4131518
v -0.1663703 -0.1347211 0.4130387
v -0.1807703 -0.1346946 0.4051564
v -0.1669475 -0.1229946 0.3872448
v -0.2333604 -0.1662624 0.3685675
v -0.2378487 -0.1785507 0.3579649
v -0.2224554 -0.1669635 0.3386798
v -0.2314067 -0.1796202 0.3443730
v -0.2246768 -0.1572891 0.3691329
v -0.2244661 -0.1805237 0.3291102
v -0.2163880 -0.1655011 0.3236231
v -0.2392284 -0.1913561 0.3504114
v -0.2118874 -0.1625898 0.3090737
v -0.2135226 -0.1553126 0.3328239
v -0.2172131 -0.1519567 0.3578060
v -0.2181945 -0.1567322 0.3455322
v -0.2187401 -0.1852258 0.3058210
v -0.2272679 -0.2244488 0.3004512
v -0.2267276 -0.2157660 0.3122717
v -0.2075866 -0.2678210 0.3303497
v -0.2144173 -0.2615878 0.3398818
v -0.2229000 -0.2450856 0.3143713
v -0.2263481 -0.2320654 0.3160612
v -0.1570545 -0.3029150 0.3594851
v -0.1183607 -0.3139393 0.3829831
v -0.1161656 -0.3072114 0.3960220
v -0.0594378 -0.3625805 0.4200914
v -0.0590474 -0.3649229 0.4195058
v -0.0857425 -0.2694013 0.4498467
v -0.0716602 -0.2642071 0.4423283
v -0.0737350 -0.2787793 0.4394727
v -0.0872934 -0.2847245 0.4413377
v -0.0693588 -0.2490215 0.4436571
v -0.0602044 -0.2604353 0.4375076
v -0.0595360 -0.2736708 0.4357985
v -0.0805184 -0.2567785 0.4501719
v -0.0834365 -0.2460192 0.4542446
v -0.0609271 -0.2887508 0.4333726
v -0.0761409 -0.2934695 0.4336484
v -0.0255661 -0.2294972 0.4261419
v -0.0152735 -0.2185931 0.4222411
v -0.0530565 -0.2289167 0.4347602
v -0.0291255 -0.2171162 0.4246943
v -0.0525134 -0.2155810 0.4329586
v -0.0548933 -0.1823364 0.4252284
v -0.0641598 -0.1740585 0.4264666
v -0.0454615 -0.2038735 0.4275293
v -0.0427208 -0.1848015 0.4204361
v -0.0305688 -0.1817124 0.4146773
v -0.0135955 -0.1964554 0.4158557
v -0.0229949 -0.1712028 0.4087338
v -0.0627670 -0.1626362 0.4187789
v -0.0519237 -0.1696320 0.4174791
v -0.0547147 -0.1548176 0.4094579
v -0.0400209 -0.1509190 0.4030375
v -0.0377753 -0.1712486 0.4124151
v -0.0472961 -0.1291085 0.3911563
v -0.0340851 -0.1385057 0.3952376
v -0.0311862 -0.1271475 0.3892656
v -0.0183528 -0.1421662 0.3959661
v -0.1055036 -0.1881145 0.4601752
v -0.1035885 -0.2001531 0.4645162
v -0.1252586 -0.1577149 0.4434893
v -0.1345183 -0.1659262 0.4546869
v -0.1078886 -0.1754951 0.4531602
v -0.1610958 -0.1463413 0.4342574
v -0.1422757 -0.1562483 0.4460262
v -0.1424157 -0.1726167 0.4656520
v -0.1149429 -0.1335431 0.4108603
v -0.1032427 -0.1419864 0.4183618
v -0.1253259 -0.1471019 0.4312092
v -0.1391630 -0.1409580 0.4255131
v -0.0954798 -0.1821885 0.4505750
v -0.0934844 -0.1962589 0.4564991
v -0.0938104 -0.1510307 0.4246776
v -0.0754730 -0.2321344 0.4482663
v -0.0639348 -0.2220901 0.4399127
v -0.0741366 -0.2148788 0.4471911
v -0.0883121 -0.2352041 0.4602163
v -0.0847857 -0.2212184 0.4567460
v -0.0946730 -0.2262567 0.4648279
v -0.0828368 -0.2056612 0.4529182
v -0.0679417 -0.1882838 0.4364359
v -0.0639772 -0.2072388 0.4383733
v -0.0323991 -0.3873830 0.4258470
v -0.0210629 -0.3941921 0.4262741
v -0.0254245 -0.3679032 0.4299994
v -0.0193466 -0.3802409 0.4297765
v -0.0071949 -0.3714390 0.4313593
v -0.0085220 -0.3861670 0.4297472
v -0.0067138 -0.4008604 0.4261994
v -0.0540791 -0.3941407 0.4139294
v -0.0441882 -0.4074903 0.4131173
v -0.0161293 -0.3451717 0.4289279
v -0.0113718 -0.3582590 0.4303555
v -0.0334303 -0.3470056 0.4280446
v -0.0294399 -0.3341491 0.4284335
v -0.0848697 -0.3679405 0.3951794
v -0.0840509 -0.3540296 0.4011002
v -0.0929021 -0.3582669 0.3877997
v -0.0751299 -0.3477304 0.4135741
v -0.0901860 -0.3460721 0.3954826
v -0.0421687 -0.3374500 0.4280872
v -0.0553608 -0.3340998 0.4269874
v -0.0673405 -0.3391332 0.4226614
v -0.0845079 -0.3405497 0.4054997
v -0.0773781 -0.3332608 0.4157954
v -0.0594501 -0.3775604 0.4172208
v -0.0662306 -0.3846437 0.4092052
v -0.0626989 -0.3642046 0.4205051
v -0.0681820 -0.3703015 0.4129856
v -0.0631466 -0.3598478 0.4253617
v -0.0766700 -0.3624658 0.4071440
v -0.0555339 -0.3591645 0.4290705
v -0.0481796 -0.3479799 0.4272307
v -0.0598282 -0.3584814 0.4284849
v -0.0398882 -0.3590778 0.4279826
v -0.0472380 -0.3650205 0.4283873
v -0.0415716 -0.3705184 0.4273427
v -0.0476152 -0.3816546 0.4219954
v -0.0761674 -0.3751955 0.4033225
v -0.1395012 -0.2754384 0.4565654
v -0.1265752 -0.2790567 0.4506109
v -0.1110753 -0.3267301 0.3796531
v -0.1070078 -0.3182263 0.3901290
v -0.0972499 -0.3440645 0.3864698
v -0.1064483 -0.3412144 0.3761759
v -0.1147596 -0.3448157 0.3655931
v -0.1150708 -0.3336943 0.3713671
v -0.1006222 -0.3645376 0.3754514
v -0.0835778 -0.3805325 0.3927144
v -0.1239114 -0.3476687 0.3569419
v -0.1159737 -0.3573850 0.3607287
v -0.1082400 -0.3548367 0.3695881
v -0.0741884 -0.4016972 0.3415118
v -0.0849665 -0.3845549 0.3252827
v -0.0971425 -0.3806627 0.3355607
v -0.0854660 -0.3913354 0.3378768
v -0.0047179 -0.4183426 0.3332579
v -0.0065048 -0.4109862 0.3225744
v -0.0210043 -0.4079271 0.3199407
v -0.0235051 -0.3996893 0.3095562
v -0.0375196 -0.4030634 0.3180281
v -0.0316115 -0.4123273 0.3288957
v -0.0401427 -0.4164669 0.3382072
v -0.0131834 -0.3126420 0.4291068
v -0.0274943 -0.3184768 0.4290367
v -0.0430820 -0.3229537 0.4288029
v -0.0385164 -0.3074966 0.4292248
v -0.0691053 -0.3264312 0.4236389
v -0.0712636 -0.3156593 0.4255343
v -0.0585368 -0.3192234 0.4279229
v -0.0797172 -0.3066049 0.4261484
v -0.0636154 -0.3046061 0.4300221
v -0.0506776 -0.3102736 0.4292258
v -0.0914541 -0.3094309 0.4163116
v -0.0815384 -0.3196262 0.4175731
v -0.0860560 -0.3295113 0.4083075
v -0.0162517 -0.4091657 0.4211610
v -0.0124516 -0.4216529 0.4151237
v -0.0294728 -0.4040211 0.4202537
v -0.0617236 -0.4227776 0.3870497
v -0.0543352 -0.4215832 0.3977672
v -0.0450529 -0.4191630 0.4058588
v -0.0266157 -0.4202588 0.3394525
v -0.0137114 -0.4228176 0.3410874
v -0.0477704 -0.4264934 0.3611859
v -0.0406088 -0.4335259 0.3730337
v -0.0499249 -0.4184987 0.3475561
v -0.0624879 -0.3911110 0.3146234
v -0.0549546 -0.3998443 0.3214126
v -0.0717455 -0.3944520 0.3265198
v -0.0746376 -0.3863757 0.3173605
v -0.0609136 -0.4049742 0.3330421
v -0.0520993 -0.4123349 0.3382448
v -0.0463605 -0.4084515 0.3289337
v -0.0265175 -0.4367740 0.3748136
v -0.0216300 -0.4352246 0.3867429
v -0.0530379 -0.4268074 0.3767532
v -0.0659776 -0.4163584 0.3772450
v -0.0384382 -0.4319803 0.3851383
v -0.0603969 -0.4225162 0.3676663
v -0.0721152 -0.4151029 0.3842010
v -0.0740777 -0.4098185 0.3740246
v -0.0811053 -0.4041581 0.3718767
v -0.0700736 -0.4139123 0.3679316
v -0.0913184 -0.3896737 0.3786739
v -0.1087216 -0.3704577 0.3374940
v -0.1029332 -0.3704829 0.3249657
v -0.1178827 -0.3594371 0.3371904
v -0.1129445 -0.3676475 0.3556252
v -0.1064374 -0.3756372 0.3601614
v -0.1000390 -0.3840523 0.3642647
v -0.1269274 -0.3491952 0.3390248
v -0.1356346 -0.3383904 0.3320999
v -0.1242652 -0.3526579 0.3250023
v -0.1464154 -0.3264343 0.3050092
v -0.1386227 -0.3355360 0.3143381
v -0.1491105 -0.3271213 0.3271806
v -0.1471954 -0.3276213 0.3218345
v -0.1422086 -0.3315095 0.3286893
v -0.1650399 -0.3104628 0.3134822
v -0.1584621 -0.3164223 0.3009765
v -0.1740192 -0.3019715 0.3097678
v -0.1685792 -0.3081839 0.2980735
v -0.1975192 -0.2760503 0.2949770
v -0.2089596 -0.2585399 0.2805247
v -0.1821208 -0.2854900 0.2728963
v -0.1944154 -0.2662319 0.2553579
v -0.2183462 -0.2339380 0.2511485
v -0.2134796 -0.2431732 0.2521918
v -0.2123036 -0.2501472 0.2603492
v -0.0625104 -0.2883649 0.1843830
v -0.0400407 -0.2929433 0.1847219
v -0.0618267 -0.2778104 0.1722982
v -0.0396912 -0.2824848 0.1725388
v -0.0398148 -0.2714968 0.1607340
v -0.0397110 -0.2611478 0.1501578
v -0.0599564 -0.2545949 0.1482408
v -0.0611507 -0.2665058 0.1603858
v -0.0232171 -0.1146845 0.3833682
v -0.0126198 -0.1038697 0.3786536
v -0.0264583 -0.1014964 0.3768318
v -0.0415181 -0.1013697 0.3756799
v -0.0565832 -0.0980576 0.3728780
v -0.0486718 -0.0901809 0.3692472
v -0.0322329 -0.0884463 0.3696528
v -0.1085203 -0.0555161 0.3355794
v -0.0876424 -0.0447998 0.3371267
v -0.1109562 -0.0457942 0.3292045
v -0.1324577 -0.0533556 0.3206913
v -0.1101006 -0.0104106 0.3119367
v -0.1348526 -0.0279458 0.3059463
v -0.1089801 -0.0345131 0.3242704
v -0.0905692 -0.0116729 0.3203453
v -0.1661430 -0.0663404 0.2870572
v -0.1524026 -0.0519957 0.3004861
v -0.1765676 -0.0767538 0.2695172
v -0.1719593 -0.0774227 0.2834392
v -0.1637242 -0.0548606 0.2831170
v -0.1530731 -0.0399109 0.2918750
v -0.1792423 -0.0742883 0.2558392
v -0.1900945 -0.1052081 0.2211999
v -0.1847259 -0.0821355 0.2338589
v -0.1873825 -0.0927105 0.2260908
v -0.1824940 -0.0652202 0.2158426
v -0.1847860 -0.0798180 0.2181553
v -0.1804722 -0.0570080 0.2256386
v -0.1773196 -0.0620225 0.2503080
v -0.1890125 -0.1075702 0.2066186
v -0.1867915 -0.0940368 0.2119919
v -0.1879237 -0.1235009 0.1892717
v -0.1919062 -0.1206477 0.2019887
v -0.1857183 -0.1100318 0.1922082
v -0.1815178 -0.1132288 0.1794982
v -0.1746985 -0.0894828 0.1595897
v -0.1815145 -0.0993189 0.1819853
v -0.1818132 -0.0864915 0.1869138
v -0.1798784 -0.0643410 0.1855329
v -0.1840995 -0.0839461 0.2021675
v -0.1762149 -0.1294601 0.1670738
v -0.1771210 -0.1171716 0.1677114
v -0.1710673 -0.1374798 0.1596840
v -0.1663947 -0.1270954 0.1476580
v -0.1539430 -0.1055670 0.1189384
v -0.1653185 -0.1003239 0.1371349
v -0.1480834 -0.1604897 0.1373133
v -0.1507845 -0.1367909 0.1274797
v -0.1274741 -0.1667011 0.1174839
v -0.1186881 -0.1766234 0.1157034
v -0.1143648 -0.1407775 0.0924344
v -0.0917409 -0.1519004 0.0858895
v -0.1154132 -0.1667066 0.1080031
v -0.1312046 -0.1448948 0.1090773
v -0.1407856 -0.1416412 0.1176467
v -0.1369834 -0.1299850 0.1073013
v -0.1459099 -0.1305142 0.1178344
v -0.0786860 -0.1746872 0.0936304
v -0.0968765 -0.1843831 0.1073221
v -0.1034533 -0.1937880 0.1169232
v -0.0902343 -0.1962400 0.1120342
v -0.0983441 -0.2049563 0.1220727
v -0.0935639 -0.2160990 0.1280296
v -0.0844057 -0.2085752 0.1183536
v -0.0696221 -0.2124608 0.1163132
v -0.0597881 -0.1956843 0.1017315
v -0.2048020 -0.1975108 0.4602717
v -0.2066172 -0.1864142 0.4565934
v -0.2382312 -0.1927382 0.3991413
v -0.2261370 -0.1828031 0.4335600
v -0.2249791 -0.1861221 0.4347324
v -0.2363667 -0.1643178 0.3960094
v -0.2422273 -0.2085680 0.3864203
v -0.2435056 -0.2157971 0.3944717
v -0.2430884 -0.2293508 0.3878926
v -0.2428620 -0.2272773 0.4021387
v -0.2373579 -0.1673493 0.3810621
v -0.2453183 -0.1850750 0.3953173
v -0.2182064 -0.2571446 0.3534724
v -0.1538923 -0.3049471 0.3851525
v -0.1916845 -0.2813781 0.3567495
v -0.1871950 -0.2856725 0.3676806
v -0.1788414 -0.2979933 0.3838690
v -0.1575066 -0.3042279 0.4134446
v -0.1428235 -0.3051968 0.3931855
v -0.1563584 -0.3063002 0.3994490
v -0.1649577 -0.3026387 0.3783686
v -0.1339309 -0.3032522 0.4151611
v -0.1453946 -0.3061061 0.4074414
v -0.1138981 -0.2950420 0.4161874
v -0.1164357 -0.2936756 0.4187250
v -0.1021675 -0.3105525 0.4032642
v -0.1227817 -0.2883383 0.4390545
v -0.1103846 -0.2757174 0.4444911
v -0.1311207 -0.2673198 0.4609476
v -0.1152191 -0.2619744 0.4627793
v -0.1026975 -0.2922077 0.4292032
v -0.1084896 -0.2961589 0.4195892
v -0.1035207 -0.2228840 0.4727080
v -0.1001368 -0.2381105 0.4717933
v -0.1531329 -0.2221355 0.4749514
v -0.0692444 -0.1527822 0.4148089
v -0.0644923 -0.1435567 0.4054312
v -0.0899459 -0.1421641 0.4138151
v -0.0845886 -0.1337558 0.4034525
v -0.0626271 -0.1318592 0.3958701
v -0.0769791 -0.1265704 0.3944333
v -0.0852327 -0.1170389 0.3865294
v -0.0988664 -0.1332470 0.4066699
v -0.0792664 -0.1074410 0.3785518
v -0.0652108 -0.1082283 0.3790174
v -0.2709772 0.0503112 0.0349412
v -0.2626390 0.0590474 0.0428709
v -0.2774741 0.0551435 0.0445301
v -0.2310170 0.0770056 0.0382838
v -0.2462424 0.0668553 0.0412118
v -0.3110487 -0.0203108 0.0313306
v -0.3137844 -0.0070716 0.0360073
v -0.2631413 0.0009706 0.0305823
v -0.2759457 -0.0008976 0.0364462
v -0.2997016 -0.0236898 0.0249480
v -0.2982190 -0.0123878 0.0363032
v -0.2882973 -0.0245712 0.0318466
v -0.2828080 -0.0125669 0.0364407
v -0.3032601 0.0665775 0.0438113
v -0.2959568 0.0549394 0.0430982
v -0.2866485 0.0565098 0.0466773
v -0.3420655 -0.0061265 0.0258486
v -0.3342975 0.0064730 0.0338791
v -0.3279821 -0.0045014 0.0336798
v -0.3409445 0.0175815 0.0336790
v -0.2749094 0.0119590 0.0363634
v -0.3355254 0.0305732 0.0363612
v -0.3182254 0.0075917 0.0388039
v -0.3017329 0.0130069 0.0414652
v -0.2763025 0.0251460 0.0324378
v -0.3248581 0.0380288 0.0393510
v -0.3176059 0.0485395 0.0360299
v -0.3042526 0.0010018 0.0393979
v -0.2892064 0.0031579 0.0397270
v -0.3135898 0.0239960 0.0416107
v -0.3276712 0.0202279 0.0387711
v -0.2878636 0.0185829 0.0394822
v -0.2997975 0.0277798 0.0407675
v -0.3097720 0.0395764 0.0396188
v -0.2845764 0.0476364 0.0388009
v -0.2752644 0.0384520 0.0288593
v -0.2980603 0.0430243 0.0393055
v -0.3080169 0.0550787 0.0391718
v -0.4021573 -0.1146056 0.0125185
v -0.4046828 -0.1068925 0.0238811
v -0.3827890 -0.1248257 0.0261145
v -0.3962789 -0.1166505 0.0250606
v -0.3915125 -0.1248229 0.0121387
v -0.4085913 -0.1010298 0.0118019
v -0.3141069 0.0766302 0.0246313
v -0.3109910 0.0989595 0.0271190
v -0.3115339 0.0891860 0.0219638
v -0.3119123 0.0854375 0.0322649
v -0.3084680 0.0945117 0.0415693
v -0.3074241 0.0796523 0.0422677
v -0.3116765 0.0708167 0.0357124
v -0.3090846 0.0832529 0.0118629
v -0.3055134 0.0986722 0.0121284
v -0.3808337 -0.0785855 0.0400808
v -0.3665046 -0.0815593 0.0413044
v -0.3916599 -0.0759657 0.0353502
v -0.3713011 -0.0677570 0.0369700
v -0.3838365 -0.0656659 0.0323892
v -0.3581180 -0.0702942 0.0371941
v -0.3959750 -0.0686088 0.0254197
v -0.3980131 -0.0671146 0.0113539
v -0.4088994 -0.0861208 0.0101805
v -0.4077127 -0.0917750 0.0235262
v -0.4052236 -0.0772175 0.0176363
v -0.3854558 -0.1130073 0.0354883
v -0.3983612 -0.1033153 0.0336864
v -0.3867657 -0.1004034 0.0398963
v -0.4006087 -0.0867430 0.0328865
v -0.3932888 -0.0898787 0.0381201
v -0.3736719 -0.1051987 0.0408936
v -0.3770632 -0.0919449 0.0421878
v -0.3755327 -0.0490017 0.0086204
v -0.3855121 -0.0573601 0.0159817
v -0.3734846 -0.0479326 0.0216383
v -0.3755787 -0.0573351 0.0293848
v -0.3634866 -0.0547271 0.0324863
v -0.3689221 -0.0398370 0.0104278
v -0.3626812 -0.0281622 0.0128880
v -0.3437518 -0.0350847 0.0309219
v -0.3542894 -0.0298763 0.0270656
v -0.4420935 0.0230716 0.0246755
v -0.4418949 0.0397498 0.0098288
v -0.4387349 0.0087309 0.0259659
v -0.4466693 0.0123354 0.0133366
v -0.4302698 -0.0053769 0.0249864
v -0.4401429 -0.0012639 0.0136058
v -0.3998892 0.0032949 0.0333012
v -0.3999546 0.0175519 0.0371777
v -0.3995964 0.0314908 0.0352885
v -0.3986826 0.0411105 0.0288026
v -0.4119500 0.0405092 0.0325003
v -0.4066707 0.0482399 0.0204057
v -0.4158849 0.0499308 0.0100299
v -0.4010256 0.0475289 0.0083240
v -0.4021690 -0.0086856 0.0229973
v -0.4309357 -0.0095521 0.0115454
v -0.4151331 -0.0032508 0.0314715
v -0.4187580 -0.0126823 0.0179609
v -0.4298680 0.0282599 0.0332638
v -0.4397298 0.0373637 0.0227404
v -0.4251941 0.0379263 0.0321875
v -0.4147889 0.0263256 0.0375751
v -0.4257986 0.0060801 0.0334071
v -0.4276167 0.0172241 0.0343401
v -0.4134001 0.0105259 0.0371938
v -0.3844813 0.0108644 0.0313173
v -0.3955379 -0.0079374 0.0107112
v -0.3924328 0.0452775 0.0185786
v -0.3894702 0.0447576 0.0075011
v -0.3856663 0.0358794 0.0298160
v -0.3882222 0.0234095 0.0338614
v -0.3652411 -0.0006171 0.0101113
v -0.3651963 0.0411095 0.0088993
v -0.3533078 -0.0024601 0.0148793
v -0.3331279 -0.0160966 0.0307633
v -0.3537603 0.0424934 0.0098360
v -0.3520792 0.0424420 0.0243611
v -0.3630520 0.0418047 0.0204347
v -0.3476867 0.0303882 0.0321449
v -0.3612955 0.0289594 0.0311548
v -0.3533231 0.0158639 0.0302701
v -0.3672537 0.0132787 0.0295645
v -0.3671227 -0.1300360 0.0230211
v -0.3629673 -0.1318646 0.0097547
v -0.3770350 -0.1313184 0.0123407
v -0.2533854 0.0607999 0.0188959
v -0.2506843 0.0628955 0.0315008
v -0.2434975 0.0700927 0.0195510
v -0.2373733 0.0733023 0.0284186
v -0.2490830 0.0773813 0.0060025
v -0.2339233 0.0969396 0.0039714
v -0.2465444 0.0903756 0.0023696
v -0.3386631 -0.0896023 0.0298154
v -0.3485755 -0.1002844 0.0368582
v -0.3621242 -0.0957580 0.0417413
v -0.3524195 -0.0849708 0.0387303
v -0.3352164 -0.1082392 0.0124543
v -0.3332440 -0.0953798 0.0157545
v -0.3417172 -0.1199172 0.0084724
v -0.3421969 -0.1185990 0.0211852
v -0.3517401 -0.1279448 0.0150064
v -0.3473859 -0.1126020 0.0322889
v -0.3551243 -0.1223296 0.0304329
v -0.3594198 -0.1099969 0.0386286
v -0.3703152 -0.1188951 0.0355711
v -0.3337773 -0.0853193 0.0075729
v -0.3329423 -0.0688381 0.0248815
v -0.3438076 -0.0730484 0.0330737
v -0.3207140 -0.0455806 0.0107595
v -0.3262353 -0.0573505 0.0212716
v -0.3233977 -0.0400633 0.0251802
v -0.3353374 -0.0450392 0.0308839
v -0.2214992 -0.0676966 0.0249089
v -0.2290292 -0.0842069 0.0258956
v -0.2195633 -0.0769180 0.0166515
v -0.2232346 -0.0876061 0.0086749
v -0.2481690 -0.0998781 0.0135301
v -0.2549434 -0.0958806 0.0264669
v -0.2606901 0.0148571 0.0108513
v -0.2568369 -0.0535847 0.0370867
v -0.2568121 -0.0684954 0.0373910
v -0.2690305 -0.0760812 0.0333505
v -0.2298810 -0.0432468 0.0209011
v -0.2324106 -0.0372079 0.0087474
v -0.2218856 -0.0472168 0.0096839
v -0.2798694 -0.0809088 0.0080270
v -0.2797855 -0.0673515 0.0275280
v -0.2796290 -0.0812118 0.0214455
v -0.2832450 -0.0618747 0.0129686
v -0.2675384 -0.0910293 0.0258058
v -0.2727450 -0.0915808 0.0105389
v -0.2613683 -0.0984771 0.0128786
v -0.2165607 -0.0611448 0.0108899
v -0.2218240 -0.0550376 0.0208270
v -0.2324612 -0.0551071 0.0321901
v -0.2338886 -0.0705200 0.0341291
v -0.2444103 -0.0624141 0.0373387
v -0.2444671 -0.0785557 0.0354295
v -0.2563349 -0.0835031 0.0340936
v -0.2695651 -0.0476004 0.0335802
v -0.2426330 -0.0272027 0.0080398
v -0.2402378 -0.0322787 0.0186131
v -0.2758746 -0.0266354 0.0335275
v -0.2810985 -0.0402611 0.0280736
v -0.2890324 -0.0326815 0.0082394
v -0.2572346 -0.0145641 0.0286287
v -0.2528304 -0.0065994 0.0180703
v -0.2637979 -0.0262085 0.0329453
v -0.3023274 -0.0305725 0.0119651
v -0.3226739 -0.0256911 0.0295474
v -0.3219879 -0.0148240 0.0328783
v -0.2566105 0.0057427 0.0193588
v -0.2700436 -0.0123927 0.0343687
v -0.3274173 0.0520705 0.0289223
v -0.3213365 0.0558182 0.0158199
v -0.2688504 0.0289791 0.0227208
v -0.2721286 0.0395890 0.0058053
v -0.3397440 0.0434186 0.0311244
v -0.2637700 0.0184167 0.0260750
v -0.3140993 0.0684592 0.0136024
v -0.3179935 0.0613349 0.0284641
v -0.2607210 0.0536112 0.0278928
v -0.2623199 0.0497689 0.0114648
v -0.3452812 0.0067065 0.0248803
v -0.3543339 -0.0150700 0.0174297
v -0.3441430 -0.0213886 0.0284064
v -0.3590405 0.0053492 0.0218864
v -0.3129525 -0.0323951 0.0190688
v -0.2909934 -0.0327397 0.0193996
v -0.3508928 -0.0599415 0.0346330
v -0.3638916 -0.0399528 0.0252194
v -0.3395853 -0.0582944 0.0320321
v -0.3305267 -0.0712290 0.0124586
v -0.3773418 0.0430680 0.0152831
v -0.3724488 0.0352445 0.0289058
v -0.3878960 -0.0014011 0.0233203
v -0.3807384 -0.0027792 0.0093203
v -0.3731805 0.0020222 0.0219926
v -0.2844125 -0.0461470 0.0139241
v -0.2571357 -0.0395844 0.0337358
v -0.2708222 -0.0369430 0.0328011
v -0.2475264 -0.0200839 0.0177439
v -0.2506120 -0.0281731 0.0277020
v -0.2430397 0.1375677 0.1405333
v -0.2327158 0.1446360 0.1397082
v -0.2411083 0.1515001 0.1427035
v -0.2141065 0.1598428 0.1368838
v -0.2286416 0.1587979 0.1407488
v -0.2319987 0.1328423 0.1386352
v -0.2450539 0.1238338 0.1388474
v -0.2037511 0.1495880 0.1352351
v -0.2184949 0.1444824 0.1378889
v -0.2074461 0.1080998 0.1314055
v -0.2070259 0.1215905 0.1348790
v -0.2184966 0.0995417 0.1331387
v -0.2310368 0.1040011 0.1373158
v -0.2295276 0.0895931 0.1336778
v -0.2192784 0.1140895 0.1372320
v -0.2323015 0.1188409 0.1381817
v -0.2465132 0.1076452 0.1378597
v -0.2420119 0.0924604 0.1365763
v -0.2776645 0.1455511 0.1407128
v -0.2698104 0.1239254 0.1422645
v -0.2586647 0.1170175 0.1409179
v -0.2803179 0.1309720 0.1398034
v -0.2532990 0.1450206 0.1436822
v -0.2616350 0.1041390 0.1400262
v -0.2896794 0.0908044 0.1295310
v -0.2830538 0.1027408 0.1365490
v -0.2817781 0.1159530 0.1385717
v -0.2938058 0.1582968 0.0205455
v -0.2999631 0.1455375 0.0238567
v -0.2994748 0.1528596 0.0329753
v -0.3039881 0.1388347 0.0333007
v -0.3020350 0.1193714 0.0485232
v -0.3096361 0.1093134 0.0363535
v -0.2965218 0.1234720 0.0092570
v -0.2930633 0.1446862 0.0131999
v -0.3066956 0.1142673 0.0190316
v -0.2206830 0.1066267 0.0024529
v -0.1674556 0.3624609 0.1240974
v -0.1549957 0.3395253 0.1185021
v -0.1649683 0.3492692 0.1246352
v -0.1807441 0.3578413 0.1286485
v -0.1871956 0.3365715 0.1343521
v -0.1904434 0.3479488 0.1309223
v -0.1804072 0.3936049 0.0334315
v -0.1858254 0.3932020 0.0480931
v -0.1885760 0.3816030 0.0391161
v -0.1819895 0.3807914 0.0252310
v -0.1870262 0.3892456 0.0616285
v -0.1820458 0.4034471 0.0589045
v -0.1920109 0.3790863 0.0536218
v -0.2027947 0.3559239 0.0480952
v -0.1958792 0.3645704 0.0594515
v -0.1960809 0.3690346 0.0440519
v -0.1642070 0.4114662 0.0222864
v -0.1734507 0.3910702 0.0199074
v -0.1902321 0.3697985 0.0296615
v -0.1819106 0.3685746 0.0168240
v -0.1818738 0.3564586 0.0091620
v -0.1742170 0.3782014 0.0128328
v -0.1086892 0.4096967 0.0656763
v -0.1152747 0.4015298 0.0751831
v -0.1053634 0.4031215 0.0555251
v -0.1070483 0.3913084 0.0509093
v -0.1001494 0.4039176 0.0432713
v -0.0983153 0.4156871 0.0302350
v -0.1041265 0.4153984 0.0539017
v -0.1026338 0.3882904 0.0370891
v -0.1106045 0.3785760 0.0459473
v -0.1177984 0.3697450 0.0565354
v -0.1003268 0.3827223 0.0233369
v -0.1772462 0.4106338 0.0726620
v -0.1693106 0.4223934 0.0655568
v -0.1678959 0.4204779 0.0811367
v -0.1659860 0.4179128 0.0334573
v -0.1682474 0.4220177 0.0489626
v -0.1342001 0.4401015 0.0458340
v -0.1579075 0.4286740 0.0390038
v -0.1587315 0.4303470 0.0733806
v -0.1138981 0.4365606 0.0318423
v -0.1297092 0.4406598 0.0609268
v -0.1053094 0.4281671 0.0335990
v -0.1093381 0.4286291 0.0545484
v -0.1140839 0.4187652 0.0788151
v -0.1186060 0.4367111 0.0641459
v -0.1230724 0.4316807 0.0866929
v -0.1351747 0.4357798 0.0855218
v -0.1322468 0.4402694 0.0742003
v -0.1202503 0.4296797 0.0087909
v -0.1076488 0.4235623 0.0088971
v -0.1074566 0.4141128 0.0011962
v -0.0980871 0.4166504 0.0166168
v -0.1033574 0.4275815 0.0181784
v -0.1133125 0.4330471 0.0173976
v -0.1345415 0.4315467 0.0149339
v -0.1236384 0.4361733 0.0217662
v -0.1555106 0.4229513 0.0233683
v -0.1573848 0.4115551 0.0112734
v -0.2628306 0.0419280 0.0566644
v -0.2627492 0.0503545 0.0499284
v -0.2741224 0.0473048 0.0519588
v -0.2228443 0.0603934 0.0533526
v -0.2336623 0.0636538 0.0469053
v -0.2759126 0.0547531 0.0453109
v -0.3005075 0.0846184 0.0562420
v -0.2997267 0.0719305 0.0538997
v -0.2962132 0.0602186 0.0507765
v -0.2987508 0.0727113 0.0509717
v -0.2948468 0.0621706 0.0480437
v -0.3005075 0.0853992 0.0523381
v -0.2862581 0.0551435 0.0466773
v -0.2948468 0.0623658 0.0480437
v -0.3001594 0.1401871 0.0679262
v -0.2897716 0.1479602 0.0597556
v -0.2946516 0.1273668 0.0593652
v -0.2956276 0.1295140 0.0538997
v -0.2913332 0.1449346 0.0535093
v -0.3005075 0.0994534 0.0533141
v -0.3024017 0.1323139 0.0449806
v -0.1268415 0.3785921 0.0817960
v -0.1219688 0.3733651 0.0694610
v -0.1241852 0.3612728 0.0666659
v -0.1300146 0.3995723 0.0957134
v -0.1326842 0.3851192 0.0942576
v -0.1240308 0.3930271 0.0841136
v -0.1211726 0.4075853 0.0869707
v -0.1186575 0.3867093 0.0718823
v -0.1146748 0.3815905 0.0595971
v -0.1278443 0.4133296 0.0963988
v -0.1377689 0.4074176 0.1045613
v -0.1517782 0.4025754 0.1101197
v -0.1526027 0.4189057 0.1018676
v -0.1365411 0.4182120 0.1025040
v -0.1445616 0.4277941 0.0946198
v -0.1285380 0.4250439 0.0950865
v -0.1663470 0.4166141 0.0944842
v -0.1905662 0.3882737 0.0858926
v -0.1856334 0.3868828 0.0722483
v -0.1752788 0.4118291 0.0866381
v -0.1569916 0.4259973 0.0878478
v -0.2006494 0.3691719 0.0838512
v -0.1888542 0.3783916 0.0757618
v -0.1915870 0.3694125 0.0734195
v -0.2034941 0.3465743 0.0738099
v -0.2039480 0.3579662 0.0786307
v -0.1972477 0.3539919 0.0695155
v -0.2017822 0.3511787 0.0592193
v -0.1894398 0.3719501 0.0671731
v -0.1864014 0.3107307 0.1367185
v -0.2009094 0.3102317 0.1393456
v -0.2114430 0.3195746 0.1348400
v -0.1905209 0.2844629 0.1382929
v -0.2128772 0.3061291 0.1389067
v -0.2255322 0.3013938 0.1352875
v -0.2155760 0.2930642 0.1414120
v -0.2091548 0.3350576 0.0710771
v -0.2163771 0.3219793 0.0677587
v -0.2058364 0.3381808 0.0650259
v -0.2143945 0.3285826 0.0582697
v -0.2321882 0.2923092 0.0630740
v -0.2243803 0.3075347 0.0654163
v -0.2225153 0.3139794 0.0577325
v -0.2302959 0.3006621 0.0563542
v -0.2299310 0.3102346 0.0495290
v -0.2374243 0.2981059 0.0469615
v -0.2094543 0.3424389 0.0525297
v -0.2014998 0.3471273 0.0261064
v -0.2079100 0.3458729 0.0390634
v -0.2168685 0.3285200 0.0308375
v -0.2166538 0.3338047 0.0442807
v -0.2313301 0.3022433 0.0263322
v -0.2243973 0.3157845 0.0288795
v -0.1933782 0.3463239 0.0150219
v -0.1949090 0.3353758 0.0085033
v -0.2055562 0.3348888 0.0196414
v -0.2148404 0.3202629 0.0183693
v -0.2079599 0.3154893 0.0077550
v -0.1126394 0.3487215 0.0050332
v -0.1070218 0.3582611 0.0133144
v -0.1131173 0.3336912 0.0033433
v -0.1147816 0.3645348 0.0424097
v -0.1155333 0.3522123 0.0329577
v -0.1206381 0.3394646 0.0370053
v -0.1207228 0.3591157 0.0553565
v -0.1293580 0.3518470 0.0752937
v -0.1233484 0.3406973 0.0493615
v -0.1202948 0.3507602 0.0467977
v -0.1248500 0.3480021 0.0605874
v -0.1767370 0.3416500 0.1312617
v -0.1654676 0.3182671 0.1265169
v -0.1653218 0.3330532 0.1261846
v -0.1584471 0.2965789 0.1203830
v -0.1566586 0.3095479 0.1197709
v -0.1778979 0.2962067 0.1329191
v -0.1663070 0.3033727 0.1265215
v -0.1746004 0.3106717 0.1317005
v -0.2511524 0.0824927 0.1354864
v -0.2273709 0.0791031 0.1281109
v -0.2445175 0.0625515 0.1238374
v -0.2582024 0.0586191 0.1234535
v -0.2538736 0.0707783 0.1304717
v -0.2069241 0.0956303 0.1246720
v -0.2185119 0.0736459 0.1186953
v -0.2172073 0.0632469 0.1064684
v -0.2280018 0.0535860 0.1057514
v -0.2520138 0.0340138 0.0952743
v -0.2577015 0.0390944 0.1075669
v -0.2501555 0.0499429 0.1157882
v -0.2786079 0.0783312 0.1317966
v -0.2900869 0.0744001 0.1245414
v -0.2674378 0.0675447 0.1291306
v -0.2760792 0.0922225 0.1369653
v -0.2735800 0.0355373 0.1080101
v -0.2890541 0.0320995 0.1073545
v -0.2983024 0.0411482 0.1099363
v -0.2892533 0.0623308 0.1206136
v -0.2704792 0.0579308 0.1232186
v -0.3081249 0.0790850 0.1081532
v -0.2998082 0.0831802 0.1191813
v -0.3059262 0.0521139 0.1084276
v -0.2917581 0.1227962 0.1324416
v -0.2994137 0.1402673 0.1203778
v -0.2951912 0.1505082 0.1253715
v -0.3063649 0.0908814 0.1120008
v -0.3067506 0.1176719 0.1068550
v -0.3013127 0.1149683 0.1205254
v -0.3012872 0.1518826 0.1003755
v -0.2994943 0.1518641 0.1142030
v -0.1547901 0.3614528 0.1164905
v -0.1618109 0.3743469 0.1189707
v -0.1770398 0.3725215 0.1240925
v -0.1714173 0.3864141 0.1175991
v -0.1968542 0.3560323 0.1242519
v -0.1915255 0.3674164 0.1210034
v -0.2086668 0.3473929 0.1201849
v -0.2130934 0.3509170 0.1045181
v -0.1983902 0.3715364 0.1098637
v -0.2234071 0.3230506 0.1237388
v -0.2186610 0.3375026 0.1150448
v -0.2105344 0.3331868 0.1289253
v -0.2378938 0.2967013 0.1271004
v -0.2318451 0.3092066 0.1247166
v -0.2338627 0.3152003 0.1133564
v -0.2215576 0.3125978 0.1328749
v -0.2457717 0.2982750 0.0970783
v -0.2358775 0.3153576 0.1022995
v -0.2282862 0.3263156 0.1085074
v -0.2225711 0.3372548 0.0995374
v -0.1476817 0.3143143 0.1098994
v -0.1496865 0.3293628 0.1130419
v -0.1430489 0.3258350 0.1028522
v -0.1443548 0.3426061 0.1058164
v -0.1388993 0.3362269 0.0951774
v -0.2685772 0.2235134 0.1310558
v -0.2624323 0.2177365 0.1385708
v -0.2720265 0.2089471 0.1337980
v -0.2857904 0.1923512 0.1233173
v -0.2914733 0.1860156 0.1120807
v -0.2814450 0.2055696 0.1215042
v -0.2712778 0.2315118 0.1205567
v -0.2869052 0.1550139 0.1345787
v -0.2894784 0.1788383 0.1248030
v -0.2911722 0.1891357 0.0993845
v -0.2702534 0.2267706 0.0667301
v -0.2718134 0.2034941 0.0585844
v -0.2864344 0.1857663 0.0664216
v -0.2732800 0.2061787 0.0509773
v -0.2832802 0.1832306 0.0485128
v -0.2862581 0.1617216 0.0591700
v -0.2866485 0.1601600 0.0533141
v -0.2953146 0.1572956 0.0448804
v -0.2895666 0.1710069 0.0463035
v -0.2718680 0.2189254 0.0476213
v -0.2741902 0.2013265 0.0157845
v -0.2768119 0.2103075 0.0255858
v -0.2741856 0.2228736 0.0352458
v -0.2836566 0.1895241 0.0224208
v -0.2946350 0.1678909 0.0331991
v -0.2889258 0.1750969 0.0219309
v -0.2594670 0.2118919 0.0067986
v -0.2652820 0.1993210 0.0070566
v -0.2725528 0.1879743 0.0090934
v -0.2233914 0.2278773 0.1458581
v -0.2087076 0.1903425 0.1373898
v -0.2203220 0.1979368 0.1423777
v -0.1902813 0.2094197 0.1329765
v -0.1952898 0.2219684 0.1360345
v -0.1991369 0.1795225 0.1340299
v -0.2104506 0.1751146 0.1367472
v -0.2206941 0.1707771 0.1396316
v -0.2582616 0.2046953 0.1439851
v -0.2510745 0.2189105 0.1444346
v -0.2444222 0.2082101 0.1468283
v -0.2696925 0.1937687 0.1404665
v -0.2208933 0.2125520 0.1440283
v -0.2324954 0.1890902 0.1456853
v -0.2440197 0.1798930 0.1471139
v -0.2545493 0.1719568 0.1466203
v -0.2414084 0.1650522 0.1455059
v -0.1881741 0.2694295 0.1366530
v -0.1660714 0.2880986 0.1251729
v -0.1809331 0.2469897 0.1316812
v -0.1764445 0.2791478 0.1311807
v -0.1861539 0.2342026 0.1331456
v -0.1932205 0.2427742 0.1371621
v -0.2278834 0.2657281 0.1439412
v -0.2211885 0.2513341 0.1452927
v -0.2358904 0.2556617 0.1432820
v -0.2493747 0.2552439 0.1370355
v -0.2184468 0.2776881 0.1433511
v -0.2360388 0.2196052 0.1470092
v -0.2585036 0.2290786 0.1383014
v -0.2542824 0.2424583 0.1375757
v -0.2421089 0.2449714 0.1436341
v -0.2519988 0.2729566 0.1238358
v -0.2593992 0.2593466 0.1207393
v -0.2534261 0.2618506 0.1294368
v -0.2645348 0.2578064 0.0937095
v -0.2585078 0.2669698 0.1124735
v -0.2761492 0.2276148 0.1048849
v -0.2526920 0.2840925 0.0943003
v -0.2591613 0.2688142 0.1003006
v -0.2396057 0.2761078 0.0617076
v -0.2470232 0.2606871 0.0605364
v -0.2438138 0.2751840 0.0538040
v -0.2544408 0.2442905 0.0595604
v -0.2631117 0.2443874 0.0458948
v -0.2515827 0.2678644 0.0476989
v -0.2454211 0.2833086 0.0440488
v -0.2367421 0.2869221 0.0213135
v -0.2446850 0.2820080 0.0312380
v -0.2621118 0.2476812 0.0310401
v -0.2563952 0.2482512 0.0204347
v -0.2436069 0.2443357 0.0059751
v -0.1656040 0.1054094 0.0485641
v -0.1752808 0.0923042 0.0524677
v -0.1779593 0.1020580 0.0439357
v -0.1884130 0.0843996 0.0504874
v -0.1740192 0.1162405 0.0380886
v -0.2118876 0.0894983 0.0384790
v -0.1999152 0.0850433 0.0449611
v -0.1969049 0.0733927 0.0554294
v -0.1760911 0.1746929 0.1312723
v -0.1760250 0.1299439 0.1216225
v -0.1652780 0.1522292 0.1243639
v -0.1858515 0.1326148 0.1281252
v -0.1962913 0.1149378 0.1274781
v -0.1952851 0.1274824 0.1316769
v -0.1938735 0.1402057 0.1324991
v -0.1898807 0.1691805 0.1316637
v -0.1661130 0.1246683 0.1116639
v -0.1768579 0.1190025 0.1166402
v -0.1739670 0.1109394 0.1090103
v -0.1863565 0.1087173 0.1173057
v -0.1735728 0.0921657 0.0876487
v -0.1632635 0.1136190 0.1006227
v -0.1726934 0.1019051 0.0997164
v -0.1836773 0.0919627 0.1013590
v -0.1971174 0.0730516 0.0935303
v -0.1941458 0.0946205 0.1136310
v -0.1623073 0.2245755 0.1216334
v -0.1591841 0.2374585 0.1169486
v -0.1658208 0.2323834 0.1183150
v -0.1685536 0.2185243 0.1208526
v -0.1712864 0.2052508 0.1247566
v -0.1877760 0.1837217 0.1307720
v -0.1841686 0.1985326 0.1291529
v -0.1820925 0.2227940 0.1301443
v -0.1792954 0.2120400 0.1273438
v -0.1133125 0.3305680 0.0049049
v -0.1133125 0.3268593 0.0011962
v -0.1207301 0.3336912 0.0453109
v -0.1145027 0.3454781 0.0446542
v -0.1242436 0.3331056 0.0451157
v -0.1260004 0.3338864 0.0609268
v -0.1258052 0.3331056 0.0568276
v -0.1353699 0.3223697 0.0892305
v -0.1343939 0.3264689 0.0829842
v -0.1363459 0.3211985 0.0900113
v -0.1386883 0.3130002 0.0964528
v -0.1371267 0.3135858 0.0946961
v -0.1375171 0.3215889 0.0911825
v -0.1357603 0.3270545 0.0843506
v -0.1497225 0.2965876 0.1103084
v -0.1423893 0.3055134 0.1020738
v -0.1482530 0.2786453 0.1069935
v -0.1527425 0.2647863 0.1101167
v -0.1564513 0.2511224 0.1130447
v -0.1702539 0.2471935 0.1246060
v -0.1569826 0.2719184 0.1153692
v -0.0920359 0.2802069 0.0970384
v -0.0996528 0.2643918 0.1009412
v -0.0930119 0.2731798 0.0927441
v -0.0963303 0.2579544 0.0873761
v -0.1030946 0.2469289 0.0983446
v -0.1057077 0.2315020 0.0957588
v -0.1075315 0.2520881 0.1072515
v -0.0935975 0.2915284 0.1028944
v -0.1017660 0.2788680 0.1078386
v -0.1108925 0.2654414 0.1130702
v -0.1127108 0.2806457 0.1146261
v -0.0697346 0.3847862 0.0359260
v -0.0845813 0.3821920 0.0458890
v -0.0950042 0.3741702 0.0427992
v -0.0839893 0.3762131 0.0320101
v -0.1119773 0.3325213 0.0995190
v -0.1062930 0.3456481 0.0940900
v -0.1122688 0.3526061 0.0808003
v -0.0989129 0.3570813 0.0879034
v -0.0888659 0.3677287 0.0815937
v -0.1047148 0.3238395 0.1057846
v -0.0975015 0.3143666 0.1071887
v -0.1614041 0.0997939 0.0776462
v -0.1812960 0.0806282 0.0777668
v -0.1613885 0.0989615 0.0627885
v -0.1826805 0.0800834 0.0619778
v -0.2078040 0.0579229 0.0720011
v -0.2092828 0.0581201 0.0845599
v -0.2684950 0.0246925 0.0849361
v -0.2501464 0.0303533 0.0831794
v -0.2335546 0.0391372 0.0823986
v -0.2194398 0.0486129 0.0806568
v -0.2182563 0.0528686 0.0640383
v -0.2394135 0.0450302 0.0593676
v -0.2712605 0.0359445 0.0613630
v -0.3133635 0.0773677 0.0959455
v -0.3143666 0.0436268 0.0995760
v -0.3141714 0.0393324 0.0890353
v -0.3126851 0.0492035 0.0736701
v -0.3142422 0.0645610 0.0714988
v -0.3162372 0.0729360 0.0838598
v -0.2834762 0.0255262 0.0784557
v -0.2858847 0.0329407 0.0664088
v -0.2967801 0.0309225 0.0759404
v -0.3034355 0.0313293 0.0999664
v -0.3050399 0.0576997 0.0603194
v -0.2998208 0.0420353 0.0649970
v -0.3104104 0.0912442 0.0704813
v -0.3014145 0.1541501 0.0851780
v -0.3046708 0.1390456 0.0925146
v -0.3080187 0.1230090 0.0938793
v -0.3069574 0.1289000 0.0794334
v -0.3097644 0.1142619 0.0849489
v -0.3034481 0.1441304 0.0783051
v -0.3121883 0.1008705 0.0825957
v -0.3080108 0.1141536 0.0727950
v -0.3016553 0.1266774 0.0656316
v -0.2814702 0.2163693 0.0927147
v -0.2863968 0.2027967 0.0965158
v -0.2831158 0.2081744 0.0732338
v -0.2859506 0.2056633 0.0842397
v -0.2976893 0.1676372 0.0800451
v -0.2948596 0.1782860 0.0893864
v -0.2981034 0.1652069 0.0939323
v -0.2463822 0.2948908 0.0833225
v -0.2588773 0.2705519 0.0851982
v -0.2516880 0.2809824 0.0778608
v -0.2702049 0.2451655 0.0893307
v -0.2563314 0.2679819 0.0743789
v -0.2428938 0.2870799 0.0704695
v -0.2316414 0.3237388 0.0931855
v -0.2234008 0.3346053 0.0870352
v -0.2401971 0.3090205 0.0899901
v -0.2269080 0.3250476 0.0792379
v -0.2148978 0.3472281 0.0871739
v -0.2171430 0.3361108 0.0767389
v -0.2057302 0.3632609 0.1034416
v -0.2020810 0.3718061 0.0962538
v -0.2082430 0.3600968 0.0920766
v -0.1939211 0.3846934 0.1003550
v -0.1813072 0.3935606 0.1082241
v -0.1869746 0.3808134 0.1154533
v -0.1868429 0.3950262 0.0969588
v -0.1669071 0.3993144 0.1104358
v -0.1764131 0.4055763 0.0993548
v -0.1540200 0.3886568 0.1130645
v -0.1403623 0.3932575 0.1050294
v -0.1382240 0.3528959 0.0962030
v -0.1436204 0.3648546 0.1056625
v -0.1506127 0.3733665 0.1125460
v -0.1418982 0.3790968 0.1045199
v -0.1345279 0.3688396 0.0923221
v -0.1330938 0.3559880 0.0857132
v -0.1340064 0.3428566 0.0845301
v -0.1287577 0.3646514 0.0789415
v -0.1328323 0.3316416 0.0746882
v -0.1309780 0.3309585 0.0731266
v -0.1291956 0.3401856 0.0702733
v -0.1302948 0.3346672 0.0669779
v -0.1014771 0.3648706 0.0763024
v -0.0830358 0.3826203 0.0605356
v -0.1355700 0.2926304 0.1083864
v -0.1335076 0.3029228 0.1017852
v -0.1480578 0.2708374 0.1099215
v -0.1402499 0.2948468 0.1017232
v -0.1437635 0.2833301 0.1056272
v -0.1300996 0.3335937 0.0806418
v -0.1285179 0.3140068 0.0982691
v -0.1361507 0.3105603 0.0953792
v -0.1244309 0.3436432 0.0718992
v -0.1201482 0.3481120 0.0615020
v -0.0981388 0.3589636 0.0266555
v -0.1071924 0.3517768 0.0355049
v -0.1289992 0.1413143 0.0526998
v -0.1350565 0.1311421 0.0598305
v -0.1395642 0.1329019 0.0461476
v -0.1452401 0.1224633 0.0522284
v -0.1451298 0.1347843 0.0347702
v -0.1325415 0.1420424 0.0358699
v -0.1514787 0.1272234 0.0423206
v -0.1546945 0.1300995 0.0363318
v -0.1638689 0.1234628 0.0373078
v -0.1581407 0.1171262 0.0450874
v -0.1344852 0.1319460 0.0743048
v -0.1270169 0.1421359 0.0679938
v -0.1439302 0.1210582 0.0804982
v -0.1423009 0.1205099 0.0660545
v -0.1522519 0.1110921 0.0572257
v -0.1511777 0.1093647 0.0709569
v -0.1530151 0.1170216 0.0913848
v -0.1321156 0.1665452 0.1051264
v -0.1429955 0.1635167 0.1144458
v -0.1389478 0.1533656 0.1051910
v -0.1291503 0.1561614 0.0948098
v -0.1366344 0.1429446 0.0947980
v -0.1446815 0.1298054 0.0934702
v -0.1545448 0.1264067 0.1024140
v -0.1525418 0.1495145 0.1150412
v -0.1567567 0.1362255 0.1111482
v -0.1387835 0.2111975 0.1258076
v -0.1464585 0.1872976 0.1257271
v -0.1336546 0.1896095 0.1167251
v -0.1499335 0.1718147 0.1232825
v -0.1628766 0.1659095 0.1279687
v -0.1608086 0.1955815 0.1307728
v -0.1370139 0.2546846 0.1235761
v -0.1498531 0.2332323 0.1258887
v -0.1340617 0.2331683 0.1253181
v -0.1071151 0.2802323 0.1046449
v -0.1017958 0.2893812 0.0964528
v -0.1019910 0.2997267 0.1005520
v -0.1048361 0.2698460 0.0941744
v -0.1060025 0.2547149 0.0886600
v -0.1108702 0.2587320 0.0999066
v -0.0998439 0.2526839 0.0812274
v -0.0965255 0.2694710 0.0843506
v -0.0898888 0.2983603 0.1003568
v -0.0922311 0.2911380 0.0892305
v -0.1018979 0.3140496 0.1177150
v -0.1050816 0.3011553 0.1163265
v -0.1006065 0.3124780 0.1036170
v -0.1077009 0.2899660 0.1159775
v -0.0914503 0.3057779 0.0972336
v -0.0945735 0.3128050 0.1013328
v -0.0532891 0.3908843 0.0354534
v -0.0609019 0.3934219 0.0482389
v -0.0563147 0.3955690 0.0525333
v -0.0528011 0.3938122 0.0458965
v -0.0754286 0.3712913 0.0887816
v -0.0641016 0.3813760 0.0830639
v -0.0772424 0.3786778 0.0747030
v -0.0929249 0.3484861 0.0978171
v -0.0822374 0.3542724 0.1057288
v -0.0970135 0.3353504 0.1021136
v -0.0971111 0.3319344 0.1050416
v -0.0984462 0.3255523 0.1164314
v -0.0994535 0.3223697 0.1048464
v -0.0978919 0.3252977 0.1046512
v -0.0600234 0.3936171 0.0601460
v -0.0684874 0.3872972 0.0676381
v -0.0094649 0.2461861 0.2125004
v -0.0211104 0.2497933 0.2097760
v -0.0079286 0.2775258 0.1967458
v -0.0399337 0.2570980 0.2029253
v -0.0396092 0.2365621 0.2137543
v -0.0322989 0.2697331 0.1977897
v -0.0430077 0.2763405 0.1915515
v -0.0318818 0.3158522 0.1716488
v -0.0379896 0.3040464 0.1771515
v -0.0405717 0.2890600 0.1851684
v -0.0257815 0.2937583 0.1859114
v -0.0230936 0.3090935 0.1776451
v -0.0115313 0.3155582 0.1753128
v -0.0539287 0.2325089 0.2120080
v -0.0534158 0.2574194 0.1986351
v -0.0649228 0.2491709 0.1982953
v -0.0552078 0.2703244 0.1902344
v -0.0769232 0.2523149 0.1893573
v -0.0876009 0.2422816 0.1885395
v -0.0668208 0.2705051 0.1838382
v -0.0734325 0.2786759 0.1740955
v -0.0605417 0.2813054 0.1807097
v -0.0520572 0.2942764 0.1773410
v -0.0968442 0.2331199 0.1876305
v -0.0871447 0.2551942 0.1798875
v -0.0953157 0.2568668 0.1715850
v -0.0865417 0.2689351 0.1706788
v -0.1056119 0.2711323 0.1504322
v -0.1051188 0.2515755 0.1654810
v -0.0943963 0.2770448 0.1589493
v -0.0816505 0.2963911 0.1580832
v -0.0964331 0.2985385 0.1436562
v -0.0905964 0.2908221 0.1542165
v -0.0834712 0.2842588 0.1636606
v -0.0735853 0.2923577 0.1657600
v -0.0216772 0.1105926 0.2795662
v -0.0166243 0.1535872 0.2594181
v -0.0300390 0.1511515 0.2592740
v -0.0556069 0.1429298 0.2588053
v -0.0475068 0.1128269 0.2751951
v -0.0428212 0.1470158 0.2593921
v -0.0506000 0.1701125 0.2458992
v -0.0396535 0.1611561 0.2528949
v -0.0254646 0.1643667 0.2533654
v -0.0786453 0.1128832 0.2660921
v -0.0809885 0.1277013 0.2578635
v -0.0669656 0.1499322 0.2514814
v -0.0891469 0.1503072 0.2422103
v -0.1099247 0.1429490 0.2346084
v -0.1090729 0.1165108 0.2497489
v -0.0989046 0.1401910 0.2428566
v -0.0894333 0.1760983 0.2278760
v -0.1102014 0.1700011 0.2184383
v -0.0771263 0.1705843 0.2367376
v -0.0762103 0.1827200 0.2305945
v -0.0633184 0.1772055 0.2385082
v -0.1281606 0.1015242 0.2442205
v -0.1369203 0.1304032 0.2187007
v -0.1432169 0.1051667 0.2265775
v -0.1198716 0.1466195 0.2251420
v -0.1545391 0.1189019 0.1989384
v -0.1579337 0.1024360 0.2020977
v -0.1515258 0.1031566 0.2156745
v -0.1418397 0.1404862 0.2059035
v -0.1351941 0.1763390 0.1837320
v -0.1224348 0.1589020 0.2150826
v -0.1099482 0.1833462 0.2106140
v -0.1650413 0.0838882 0.1845888
v -0.1547461 0.1267267 0.1857105
v -0.1571455 0.1214316 0.1736273
v -0.1589160 0.0987105 0.1442317
v -0.1644345 0.0796575 0.1569937
v -0.1600211 0.1035814 0.1558049
v -0.1576172 0.1165528 0.1587983
v -0.1558168 0.1141576 0.1429083
v -0.1473361 0.1528100 0.1514677
v -0.1458558 0.1522178 0.1388386
v -0.1450905 0.1608959 0.1620974
v -0.1565954 0.0683135 0.1187055
v -0.1547127 0.1045938 0.1306915
v -0.1460570 0.0587381 0.0896928
v -0.1469747 0.0844878 0.0987117
v -0.1422972 0.0994157 0.0940653
v -0.1362073 0.1410026 0.1016524
v -0.1261545 0.1452137 0.0837825
v -0.1322202 0.1187874 0.0827317
v -0.1418485 0.1542651 0.1241114
v -0.1473291 0.1297439 0.1230811
v -0.1358530 0.0772515 0.0753293
v -0.1276845 0.0523885 0.0609798
v -0.1302753 0.0914209 0.0699325
v -0.1210277 0.0927359 0.0573580
v -0.1055247 0.0680464 0.0392295
v -0.1092424 0.0455687 0.0420575
v -0.1198259 0.0475935 0.0520926
v -0.1145227 0.0701317 0.0477197
v -0.1114882 0.0922024 0.0465758
v -0.1003903 0.0916663 0.0363303
v -0.1058577 0.1381108 0.0496830
v -0.1065521 0.1144934 0.0449255
v -0.0996387 0.0449357 0.0342040
v -0.0952466 0.0652653 0.0308567
v -0.0908293 0.0866481 0.0284660
v -0.0698873 0.0804281 0.0137662
v -0.0608907 0.0698422 0.0078230
v -0.0795877 0.0334778 0.0203297
v -0.0758826 0.1048919 0.0190476
v -0.0724726 0.1196638 0.0181142
v -0.0665429 0.0954402 0.0126351
v -0.0895703 0.1354490 0.0321756
v -0.0851993 0.1133125 0.0262846
v -0.0220632 0.0508898 0.3062574
v -0.0154854 0.0853952 0.2914031
v -0.0672857 0.0742416 0.2883478
v -0.0546812 0.0540988 0.3004900
v -0.0399745 0.0749389 0.2937549
v -0.0519530 0.1006809 0.2799800
v -0.0362732 0.1037957 0.2811524
v -0.0837931 0.0453767 0.2962770
v -0.0934760 0.0697632 0.2810156
v -0.1239976 0.0703644 0.2633001
v -0.1117566 0.0485667 0.2818465
v -0.0983786 0.0796249 0.2739335
v -0.0916736 0.1022632 0.2659798
v -0.1395684 0.0385354 0.2647511
v -0.1458395 0.0642083 0.2462129
v -0.1287216 0.0805940 0.2546700
v -0.1593985 0.0354209 0.2377712
v -0.1512937 0.0714750 0.2349352
v -0.1574122 0.0891034 0.2124502
v -0.1431002 0.0928149 0.2343922
v -0.1695761 0.0256616 0.2148739
v -0.1709110 0.0404328 0.1903114
v -0.1725565 0.0204898 0.2008896
v -0.1661373 0.0613352 0.2049644
v -0.1690685 0.0565901 0.1894529
v -0.1735534 0.0041572 0.1734181
v -0.1719935 0.0307045 0.1798484
v -0.1703139 0.0460540 0.1781019
v -0.1687549 0.0431857 0.1577643
v -0.1672879 0.0662300 0.1649782
v -0.1676054 0.0696706 0.1797448
v -0.1692373 0.0173564 0.1498650
v -0.1696945 -0.0083956 0.1466860
v -0.1665555 0.0300583 0.1413244
v -0.1631863 0.0292873 0.1282529
v -0.1568693 -0.0035893 0.1076395
v -0.1619051 0.0016817 0.1206827
v -0.1528526 0.0189161 0.0997883
v -0.1465823 0.0431298 0.0899627
v -0.1641312 0.0552332 0.1397565
v -0.1502589 -0.0086369 0.0944302
v -0.1427618 -0.0134985 0.0824946
v -0.1472314 -0.0359807 0.0920037
v -0.1464362 0.0131485 0.0874065
v -0.1386517 0.0083916 0.0753407
v -0.1241762 -0.0227908 0.0613922
v -0.1289823 -0.0446210 0.0697891
v -0.1386592 -0.0398734 0.0801827
v -0.1342366 -0.0179789 0.0716636
v -0.1296186 0.0042741 0.0639312
v -0.1191749 0.0004948 0.0534930
v -0.1138632 0.0235725 0.0466374
v -0.1247282 0.0267260 0.0574258
v -0.1339368 0.0310066 0.0686572
v -0.1410896 0.0363334 0.0794965
v -0.1206179 -0.0374204 0.0605446
v -0.1080223 -0.0408809 0.0498932
v -0.1011508 -0.0539733 0.0475056
v -0.0998318 -0.0284638 0.0413444
v -0.1078758 -0.0030914 0.0439335
v -0.0956121 -0.0054126 0.0345290
v -0.0749674 -0.0579394 0.0292533
v -0.0827735 -0.0452496 0.0315149
v -0.0711536 -0.0478949 0.0233056
v -0.0730621 -0.0349146 0.0219384
v -0.0838813 -0.0079085 0.0260002
v -0.0727570 -0.0103802 0.0180522
v -0.0872194 -0.0320686 0.0320545
v -0.0955910 -0.0419673 0.0403432
v -0.0889534 -0.0550509 0.0386904
v -0.0923851 0.0162560 0.0298728
v -0.0463451 0.3407603 0.1481297
v -0.0552477 0.3204713 0.1595315
v -0.0677848 0.3207645 0.1525477
v -0.0429731 0.3174528 0.1670803
v -0.0627299 0.3009565 0.1674590
v -0.0647159 0.2896845 0.1729968
v -0.0739625 0.3066878 0.1573911
v -0.0801336 0.3182416 0.1466248
v -0.0117264 0.3685919 0.1338577
v -0.0144150 0.3564065 0.1448680
v -0.0276715 0.3544645 0.1430383
v -0.0232235 0.3356870 0.1600108
v -0.0245841 0.3643648 0.1346939
v -0.0224508 0.3228346 0.1692681
v -0.0358787 0.3588449 0.1358628
v -0.0093903 0.3866438 0.1116530
v -0.0171329 0.3983732 0.0904141
v -0.0223566 0.3744380 0.1240378
v -0.0312937 0.3800728 0.1125589
v -0.0312956 0.3949940 0.0891425
v -0.0179139 0.4006761 0.0379434
v -0.0713829 0.1329157 0.0184518
v -0.0648623 0.1435814 0.0150744
v -0.0561173 0.1383736 0.0092054
v -0.0518460 0.1536176 0.0076679
v -0.0625729 0.1643673 0.0150333
v -0.1209020 0.1580151 0.0801334
v -0.1136811 0.1562467 0.0669184
v -0.1157731 0.1710004 0.0764948
v -0.0955421 0.1586625 0.0421789
v -0.1053251 0.1527646 0.0530049
v -0.0932116 0.1727213 0.0425804
v -0.1001765 0.1920863 0.0567840
v -0.0997732 0.1789451 0.0528606
v -0.1068303 0.1795994 0.0640873
v -0.1177323 0.1812496 0.0841631
v -0.1115477 0.1878395 0.0748816
v -0.1386825 0.1704063 0.1261288
v -0.1315436 0.1635990 0.1036167
v -0.1336602 0.1819895 0.1175765
v -0.1295525 0.1764526 0.1053673
v -0.1366711 0.1853710 0.1307043
v -0.1291520 0.1544822 0.0942283
v -0.1161212 0.1954371 0.0863268
v -0.1275988 0.1921506 0.1081165
v -0.1320366 0.1993423 0.1221112
v -0.1254345 0.2084129 0.1089257
v -0.1320129 0.2030302 0.1596402
v -0.1352171 0.1965921 0.1500528
v -0.1351027 0.1975095 0.1377712
v -0.1290552 0.2168582 0.1221031
v -0.1324889 0.2083962 0.1330428
v -0.1299835 0.2219465 0.1377631
v -0.1231440 0.2249731 0.1611044
v -0.1229730 0.2428421 0.1428104
v -0.0988864 0.1924389 0.2132029
v -0.1085361 0.1960483 0.2036446
v -0.1162820 0.2011443 0.1920500
v -0.0934398 0.2146327 0.2032498
v -0.1265784 0.1911468 0.1861218
v -0.1206340 0.2102947 0.1783988
v -0.1164009 0.2254675 0.1718782
v -0.0590485 0.1999430 0.2279691
v -0.0551754 0.2123408 0.2225688
v -0.0698397 0.2150627 0.2158230
v -0.0871561 0.1892319 0.2219574
v -0.0673484 0.2260507 0.2103541
v -0.0458603 0.2241894 0.2189189
v -0.0111335 0.2172651 0.2272274
v -0.0264779 0.2103514 0.2296517
v -0.0428353 0.2047240 0.2298782
v -0.0340653 0.2273483 0.2196811
v -0.0679149 0.3513485 0.1245122
v -0.0775450 0.3405914 0.1290763
v -0.0910234 0.3136090 0.1405059
v -0.0956869 0.3211660 0.1285029
v -0.0907270 0.3351995 0.1215396
v -0.0804197 0.3476234 0.1177503
v -0.0904250 0.3427744 0.1097541
v -0.1060465 0.2909248 0.1317213
v -0.1005899 0.3067255 0.1316823
v -0.1140902 0.2641543 0.1400412
v -0.1110542 0.2789663 0.1196561
v -0.1201665 0.2539932 0.1323236
v -0.1242329 0.2429510 0.1273931
v -0.1227927 0.2365223 0.1139491
v -0.1198411 0.2512157 0.1174879
v -0.1165964 0.2471020 0.1048929
v -0.1184792 0.2183346 0.0979050
v -0.1162809 0.2341219 0.0986841
v -0.1091304 0.2023811 0.0752104
v -0.0522563 0.3845952 0.0903879
v -0.0608584 0.3689381 0.1077101
v -0.0630610 0.3756397 0.0959996
v -0.0705144 0.3591225 0.1127210
v -0.0733715 0.3652592 0.1009044
v -0.0107066 0.4054642 0.0775869
v -0.0384998 0.3975489 0.0754714
v -0.0248213 0.4024788 0.0766085
v -0.0184037 0.4044347 0.0500728
v -0.0312064 0.4021157 0.0610702
v -0.0162998 0.4069889 0.0636326
v -0.0060800 0.4074422 0.0540154
v -0.0527248 0.3905491 0.0753414
v -0.0496779 0.3938122 0.0531189
v -0.0449925 0.3953074 0.0631628
v -0.0397096 0.3960909 0.0536920
v -0.0451884 0.3895179 0.0412118
v -0.0436268 0.3916651 0.0470677
v -0.0432364 0.3863947 0.0324279
v -0.0326520 0.3936422 0.0362508
v -0.1828954 0.1101862 0.0158644
v -0.1725811 0.1165178 0.0124949
v -0.1949406 0.1029217 0.0180185
v -0.1845787 0.1082486 0.0273720
v -0.1709398 0.1168890 0.0242117
v -0.2061943 0.0960267 0.0189583
v -0.1978292 0.0999697 0.0289026
v -0.1197335 0.3281178 0.0268616
v -0.1164357 0.3307632 0.0304759
v -0.1128359 0.3388759 0.0325463
v -0.1205349 0.3293968 0.0365270
v -0.0580207 0.3828862 0.0172668
v -0.1036503 0.3475396 0.0221515
v -0.1386957 0.1394871 0.0126608
v -0.1281857 0.1482959 0.0113554
v -0.1312088 0.1450115 0.0212640
v -0.1436570 0.1351928 0.0250392
v -0.1569460 0.1260035 0.0245791
v -0.0482469 0.3857045 0.0125898
v -0.0449934 0.3867309 0.0197904
v -0.0454413 0.1856317 0.0068238
v -0.0597544 0.1806056 0.0144677
v -0.0305302 0.3896451 0.0221798
v -0.0029983 0.4052261 0.0434011
v -0.0920674 0.1976015 0.0279852
v -0.0969509 0.1849551 0.0296892
v -0.0936996 0.2062942 0.0397253
v -0.0884475 0.2027794 0.0142730
v -0.1017139 0.2065284 0.0626318
v -0.0930119 0.2136444 0.0376982
v -0.0889128 0.2124732 0.0240343
v -0.1041382 0.2300410 0.0740051
v -0.1023814 0.2239899 0.0757618
v -0.1090184 0.2384246 0.0873919
v -0.1051142 0.2447785 0.0811298
v -0.1021262 0.2376194 0.0779652
v -0.0994535 0.2444857 0.0833745
v -0.1008997 0.2116731 0.0646532
v -0.0977878 0.2026665 0.0532411
v -0.1025395 0.1974457 0.0660530
v -0.1057241 0.1852238 0.0666059
v -0.1073178 0.1910583 0.0777176
v -0.1009463 0.2420058 0.0900303
v -0.1024262 0.2320245 0.0855344
v -0.1104242 0.1978675 0.0891827
v -0.1044293 0.2067303 0.0779680
v -0.1068540 0.2161109 0.0900339
v -0.0998900 0.1824966 0.0415344
v -0.1014911 0.1868443 0.0541065
v -0.0920359 0.2157915 0.0447253
v -0.0967207 0.2179387 0.0531189
v -0.1002068 0.2211878 0.0620710
v -0.0858129 0.2022393 0.0375852
v -0.0758233 0.1871986 0.0263589
v -0.0854354 0.1656483 0.0327290
v -0.0694756 0.2078103 0.0104916
v -0.0767819 0.2049694 0.0251951
v -0.0675675 0.1948626 0.0197838
v -0.0566209 0.1960699 0.0117940
v -0.1183123 0.1878952 0.0978322
v -0.1136333 0.1813274 0.0862528
v -0.1223161 0.1591506 0.0858630
v -0.1219684 0.1709342 0.0941892
v -0.1273802 0.1808564 0.1063827
v -0.1160064 0.2490663 0.1154805
v -0.1188166 0.2241183 0.1126441
v -0.1306762 0.2039880 0.1185569
v -0.1286300 0.2198924 0.1207859
v -0.1230720 0.2735636 0.1185170
v -0.1284268 0.2458730 0.1228656
v -0.1328594 0.2655775 0.1211276
v -0.1172247 0.3177174 0.1051216
v -0.1268506 0.3044063 0.1078016
v -0.1139913 0.3037225 0.1114590
v -0.1234510 0.2900659 0.1151544
v -0.1373067 0.2781357 0.1154127
v -0.1185364 0.3399075 0.0873715
v -0.1233166 0.3268289 0.0932748
v -0.1133370 0.3597629 0.0657874
v -0.1026904 0.3694393 0.0666502
v -0.1111762 0.3571453 0.0492450
v -0.0930388 0.3683241 0.0315930
v -0.1018521 0.3637785 0.0395342
v -0.0872826 0.3675423 0.0202850
v -0.1216646 0.1529082 0.0324203
v -0.1114718 0.1639552 0.0260194
v -0.1083036 0.1672545 0.0119701
v -0.1042932 0.1736054 0.0344432
v -0.1009303 0.1766284 0.0191325
v -0.1085105 0.1743000 0.0606345
v -0.1062807 0.1730764 0.0477607
v -0.1138733 0.1623123 0.0537281
v -0.1145696 0.1641582 0.0676130
v -0.1128343 0.1623789 0.0404181
v -0.1215831 0.1516195 0.0463097
v -0.1103768 0.1769733 0.0735353
v -0.1162560 0.1677084 0.0805651
v -0.1207147 0.1520158 0.0608013
v -0.2990348 0.1106006 0.0080394
v -0.3557647 -0.0092546 0.0064280
v -0.2208667 0.0916455 0.0076377
v -0.2321882 0.0830568 0.0095897
v -0.2415577 0.0752489 0.0113465
v -0.2308218 0.0811048 0.0132984
v -0.2191099 0.0891079 0.0109561
v -0.2564889 0.0644152 0.0076174
v -0.2496272 -0.0155962 0.0076014
v -0.2567083 -0.0014383 0.0073733
v -0.2628343 0.0289869 0.0131032
v -0.2659574 0.0338669 0.0154456
v -0.3253380 0.0515851 0.0061817
v -0.1663350 0.3876444 0.0074275
v -0.1741104 0.3686585 0.0072380
v -0.1018934 0.3989850 0.0042217
v -0.0995857 0.3903402 0.0140287
v -0.0966898 0.3979188 0.0280853
v -0.1008199 0.4084521 0.0066617
v -0.1040950 0.3700990 0.0206477
v -0.1066934 0.3748286 0.0321470
v -0.1863450 0.3444031 0.0064033
v -0.1096530 0.3622797 0.0270944
v -0.1115333 0.3512737 0.0215528
v -0.1112608 0.3413506 0.0120712
v -0.1160416 0.3404723 0.0232246
v -0.1816319 0.1111653 0.0054905
v -0.1855309 0.1139439 0.0010907
v -0.1693344 0.1187780 0.0037337
v -0.1103846 0.3262737 0.0008058
v -0.1117510 0.3281281 0.0138840
v -0.0663385 0.3774227 0.0094262
v -0.0995103 0.3467019 0.0093269
v -0.1503001 0.1307898 0.0140362
v -0.1572321 0.1265860 0.0023673
v -0.1457154 0.1345891 0.0017817
v -0.1341987 0.1429826 0.0021721
v -0.1230724 0.1521569 0.0021721
v -0.0791979 0.2152959 0.0006106
v -0.0817880 0.2150107 0.0047097
v -0.0796409 0.2154987 0.0053929
v -0.0838376 0.2159867 0.0152505
v -0.0416846 0.3841057 0.0082851
v -0.0354285 0.3817100 0.0025625
v -0.0395879 0.3830749 0.0165077
v -0.0579261 0.0850738 0.0065127
v -0.0060827 -0.0705318 0.0118764
v -0.0227906 -0.0499786 0.0039027
v -0.0397857 -0.0490905 0.0058472
v -0.0654537 -0.0683597 0.0271702
v -0.0611111 -0.0423565 0.0143180
v -0.0299536 -0.0721133 0.0150755
v -0.0350702 -0.0818484 0.0224154
v -0.0479977 -0.0604631 0.0140603
v -0.0183397 -0.0817994 0.0193245
v -0.0514311 -0.0221784 0.0041266
v -0.0620741 -0.0150398 0.0103300
v -0.0603921 0.0175738 0.0069048
v -0.0608616 -0.0292026 0.0114155
v -0.0684169 0.2087644 0.0008058
v -0.0162379 0.3914118 0.0135347
v -0.0271173 0.3865847 0.0084495
v -0.0940332 0.3569452 0.0136245
v -0.1140933 0.1607456 0.0025625
v -0.1058950 0.1691392 0.0029529
v -0.0992583 0.1771423 0.0037337
v -0.0679904 0.0058820 0.3186006
v -0.0417167 0.0142755 0.3198102
v -0.0336598 0.0019718 0.3262425
v -0.0603263 0.0306291 0.3095231
v -0.0160874 0.0164296 0.3214036
v -0.0188336 0.0041788 0.3265112
v -0.1318862 0.0002505 0.2926165
v -0.1100609 0.0179301 0.2979259
v -0.1083629 0.0029692 0.3062031
v -0.1196584 0.0269834 0.2875229
v -0.0962386 0.0369660 0.2954194
v -0.0872888 0.0168935 0.3081384
v -0.1682532 -0.0159350 0.2446202
v -0.1543592 0.0061434 0.2612707
v -0.1499958 -0.0076454 0.2767090
v -0.1490222 0.0267929 0.2593593
v -0.1475720 0.0037106 0.2732304
v -0.1790662 -0.0491895 0.1885879
v -0.1789163 -0.0397085 0.2118751
v -0.1776940 -0.0276025 0.2043779
v -0.1778419 -0.0332571 0.1896375
v -0.1748032 -0.0152102 0.2185308
v -0.1750065 -0.0095583 0.1791990
v -0.1738585 -0.0003441 0.2104789
v -0.1701294 0.0113715 0.2217669
v -0.1714395 -0.0111847 0.2316466
v -0.1721103 -0.0646223 0.1513527
v -0.1754096 -0.0592223 0.1644111
v -0.1750882 -0.0461543 0.1642959
v -0.1684925 -0.0336044 0.1397824
v -0.1770211 -0.0401800 0.1767716
v -0.1529522 -0.0919177 0.1125580
v -0.1505535 -0.0788508 0.1052173
v -0.1408623 -0.0830470 0.0929285
v -0.1602662 -0.0918627 0.1255081
v -0.1575354 -0.0693611 0.1149447
v -0.1346926 -0.0646457 0.0803879
v -0.1439927 -0.0584882 0.0907917
v -0.1589777 -0.0463998 0.1146134
v -0.0866418 -0.1302569 0.0714422
v -0.0932563 -0.1074627 0.0623981
v -0.0760351 -0.1111143 0.0551715
v -0.1040748 -0.0982704 0.0653878
v -0.1237898 -0.1118078 0.0856910
v -0.0837307 -0.0774295 0.0428772
v -0.1047075 -0.0678046 0.0537737
v -0.1138149 -0.0748875 0.0633223
v -0.1040163 -0.0834689 0.0588469
v -0.0845651 -0.0982168 0.0528735
v -0.0767008 -0.0881702 0.0431676
v -0.1269556 -0.0571509 0.0702224
v -0.1318000 -0.0875195 0.0838336
v -0.1240194 -0.0689360 0.0706881
v -0.1233995 -0.0850979 0.0749257
v -0.1114821 -0.0542635 0.0558903
v -0.1348844 -0.1071751 0.0945260
v -0.0196010 -0.1305595 0.0509485
v -0.0232979 -0.1181410 0.0435547
v -0.0437896 -0.1338565 0.0571352
v -0.0407078 -0.1465805 0.0648437
v -0.0389269 -0.1000616 0.0349027
v -0.0737007 -0.1003378 0.0479493
v -0.0649919 -0.0919253 0.0392635
v -0.0674992 -0.1511562 0.0752285
v -0.0571866 -0.2428801 0.1371750
v -0.0529925 -0.2324878 0.1276595
v -0.0380376 -0.2341208 0.1261513
v -0.0186295 -0.2544216 0.1414053
v -0.0236284 -0.2338941 0.1243322
v -0.0193999 -0.2221158 0.1143880
v -0.0294471 -0.2157295 0.1106158
v -0.0436788 -0.2127966 0.1106201
v -0.0459387 -0.2014047 0.1027539
v -0.0606326 -0.1846298 0.0945108
v -0.0401736 -0.1816467 0.0876368
v -0.0225619 -0.1977097 0.0965933
v -0.0215318 -0.1629503 0.0723261
v -0.0431605 -0.1683239 0.0793764
v -0.0956343 -0.2121038 0.4630217
v -0.1354489 -0.1821668 0.4736552
v -0.1503111 -0.1632146 0.4567282
v -0.1589372 -0.1539988 0.4457254
v -0.1659805 -0.1617686 0.4587698
v -0.1805321 -0.1602699 0.4588477
v -0.1253723 -0.1387959 0.4203188
v -0.1694994 -0.1122830 0.3510098
v -0.1429201 -0.1128921 0.3776512
v -0.2092132 -0.1455144 0.3452639
v -0.1203069 -0.1696023 0.4531279
v -0.2197617 -0.1744159 0.4527692
v -0.1132327 -0.2182851 0.4804669
v -0.1872522 -0.1222002 0.3299130
v -0.2092777 -0.2578315 0.2712572
v -0.1992343 -0.2677295 0.2666703
v -0.1930285 -0.2777978 0.2756452
v -0.1951299 -0.2790998 0.2877527
v -0.2134492 -0.2524888 0.2789631
v -0.2138396 -0.2558071 0.2840383
v -0.2250287 -0.2531548 0.2850335
v -0.2097404 -0.2581495 0.2859903
v -0.2110654 -0.2758850 0.3072933
v -0.2032779 -0.2585850 0.2574057
v -0.1774677 -0.2936803 0.2822842
v -0.2032571 -0.2768091 0.3214651
v -0.1848593 -0.2911229 0.3034494
v -0.1921726 -0.2833301 0.3004349
v -0.2027393 -0.2854542 0.3122078
v -0.1870368 -0.2879582 0.2877848
v -0.2023530 -0.2800388 0.2995198
v -0.1779170 -0.2987929 0.2942881
v -0.1775327 -0.3082179 0.3188910
v -0.1697248 -0.3143666 0.3220416
v -0.1355640 -0.3405040 0.3250346
v -0.1547920 -0.3211261 0.3144301
v -0.1532682 -0.3220005 0.3406275
v -0.1508018 -0.3312834 0.3332280
v -0.1285146 -0.3438109 0.3131742
v -0.1136983 -0.3618209 0.3251379
v -0.1205382 -0.3431279 0.3004723
v -0.1581078 -0.3098740 0.2871644
v -0.2230518 -0.2010439 0.2712716
v -0.2286465 -0.2419375 0.2908894
v -0.2250545 -0.2494544 0.3012303
v -0.2194802 -0.2552278 0.3121996
v -0.1922329 -0.2892551 0.3239127
v -0.1623692 -0.3092307 0.3392886
v -0.1432534 -0.2346664 0.4741299
v -0.1245364 -0.2551240 0.4643038
v -0.1302948 -0.2464376 0.4693789
v -0.1168078 -0.2565345 0.4708674
v -0.1028027 -0.2535920 0.4706751
v -0.1118431 -0.2825517 0.4342868
v -0.1133125 -0.2926996 0.4187250
v -0.1193450 -0.2935014 0.4270230
v -0.1232520 -0.2988669 0.4174117
v -0.1178021 -0.2975796 0.4083795
v -0.1193637 -0.3005075 0.4040851
v -0.1250244 -0.3003123 0.3990100
v -0.1271716 -0.3024595 0.3939348
v -0.1304900 -0.3018739 0.3964724
v -0.1328323 -0.3022643 0.3904212
v -0.1432749 -0.3012889 0.3794614
v -0.1320912 -0.3092667 0.3778933
v -0.1595080 -0.2979795 0.3697105
v -0.1517483 -0.2997568 0.3735580
v -0.1676805 -0.2944213 0.3644664
v -0.1761984 -0.2957594 0.3694369
v -0.1964917 -0.2788881 0.3362747
v -0.2002001 -0.2827156 0.3628586
v -0.2105212 -0.2651767 0.3516744
v -0.2262580 -0.2460276 0.3544179
v -0.2341378 -0.2330611 0.3606526
v -0.2241985 -0.2496605 0.3390934
v -0.2367122 -0.2154698 0.3400275
v -0.2278557 -0.2541011 0.3610846
v -0.1471485 -0.2459155 0.4741406
v -0.1606679 -0.2470784 0.4727664
v -0.1489788 -0.2168583 0.4831535
v -0.1607457 -0.2144251 0.4746650
v -0.1570646 -0.2084581 0.4836209
v -0.1697632 -0.2024245 0.4777487
v -0.1885779 -0.1887921 0.4743336
v -0.1802655 -0.1966621 0.4722093
v -0.1731080 -0.1874930 0.4826653
v -0.1865118 -0.1962717 0.4677197
v -0.1988093 -0.1894398 0.4628398
v -0.2120828 -0.1841695 0.4528847
v -0.2322417 -0.1749078 0.4325572
v -0.2277962 -0.1866094 0.4283873
v -0.2278938 -0.1843646 0.4277041
v -0.2261370 -0.1843646 0.4310225
v -0.2325169 -0.1875257 0.4161795
v -0.2290650 -0.1863167 0.4239953
v -0.2324579 -0.1936461 0.4266254
v -0.2273902 -0.1919484 0.4359509
v -0.2378461 -0.1773594 0.4208029
v -0.2389590 -0.1983224 0.4130820
v -0.2423635 -0.2034766 0.3986550
v -0.2437049 -0.2060316 0.3722678
v -0.2407769 -0.1982237 0.3853461
v -0.2454562 -0.1807615 0.3831428
v -0.2463892 -0.1902443 0.3745923
v -0.2392153 -0.2099356 0.3748054
v -0.2380441 -0.2177435 0.3673879
v -0.2427289 -0.2114972 0.3681687
v -0.1473563 -0.3105705 0.3583890
v -0.2133255 -0.2654083 0.3159176
v -0.2306016 -0.2205891 0.3275160
v -0.2425606 -0.1765901 0.4051935
v -0.2332681 -0.1654844 0.4227467
v -0.1998291 -0.1790199 0.4710066
v -0.2005819 -0.1574387 0.4465298
v -0.1455772 -0.2045950 0.4875398
v -0.2233659 -0.2439670 0.3259980
v -0.0082959 -0.4367558 0.3880789
v -0.0519549 -0.4279981 0.3875842
v -0.1079259 -0.3672198 0.3657357
v -0.1814203 -0.2312266 0.4660489
v -0.1997834 -0.2491695 0.4528079
v -0.1848548 -0.2466096 0.4612674
v -0.1987784 -0.2630498 0.4418654
v -0.2098885 -0.2672290 0.4301535
v -0.2005661 -0.2732774 0.4200914
v -0.1940540 -0.2725714 0.4305769
v -0.1978333 -0.2784501 0.4072083
v -0.1869291 -0.2909942 0.3914815
v -0.1930510 -0.2832325 0.3929588
v -0.1886590 -0.2858677 0.3769526
v -0.1968857 -0.2840518 0.3766180
v -0.1795636 -0.2870839 0.3602960
v -0.1881299 -0.2606208 0.4516380
v -0.1885775 -0.2711093 0.4425875
v -0.1889103 -0.2890437 0.4043131
v -0.1799718 -0.2980887 0.3984059
v -0.2112227 -0.2739141 0.4132135
v -0.2279681 -0.2629796 0.3788167
v -0.1690616 -0.3023265 0.4058041
v -0.2189086 -0.2574100 0.4310612
v -0.2198730 -0.2708862 0.3725527
v -0.2351811 -0.2521694 0.4011764
v -0.1662725 -0.2692831 0.4599341
v -0.1515717 -0.2567962 0.4697160
v -0.1277253 -0.2364019 0.4825895
v -0.1449170 -0.2668848 0.4635318
v -0.1097851 -0.2630261 0.4669259
v -0.1093157 -0.2705059 0.4564234
v -0.0992861 -0.2660563 0.4598357
v -0.1159913 -0.2661802 0.4534617
v -0.1144837 -0.2718134 0.4472239
v -0.0983530 -0.2775420 0.4492258
v -0.0909363 -0.2571128 0.4593398
v -0.1140933 -0.2915284 0.4206769
v -0.1240484 -0.2993363 0.4048659
v -0.1352015 -0.3050489 0.4028307
v -0.1994318 -0.2753893 0.3513129
v -0.1887266 -0.2846896 0.3469331
v -0.2113963 -0.2741391 0.3614232
v -0.2232177 -0.2630488 0.3639612
v -0.2399613 -0.2317140 0.3732580
v -0.1816319 -0.2013469 0.4695741
v -0.1932351 -0.2023904 0.4666291
v -0.1833240 -0.1759329 0.4767318
v -0.2091518 -0.2796524 0.3735448
v -0.2189112 -0.2737640 0.3852376
v -0.2086227 -0.2788193 0.3980009
v -0.2052676 -0.2817147 0.3853451
v -0.2200543 -0.2705851 0.4025165
v -0.2113661 -0.2547563 0.4420069
v -0.2075889 -0.2364525 0.4572694
v -0.2131497 -0.2445391 0.4485451
v -0.2023462 -0.2248810 0.4625010
v -0.1683305 -0.2267173 0.4748667
v -0.1729003 -0.2501259 0.4675924
v -0.1777257 -0.2604949 0.4618452
v -0.1848565 -0.2815132 0.4359216
v -0.1779453 -0.2919205 0.4273742
v -0.1805494 -0.2959655 0.4128587
v -0.1647531 -0.2946630 0.4331186
v -0.1685467 -0.2997300 0.4196431
v -0.1681406 -0.3037640 0.3917218
v -0.1770895 -0.2921465 0.3512827
v -0.2315467 -0.2180528 0.4346467
v -0.2058954 -0.2702382 0.3418162
v -0.1665855 -0.2993844 0.3485421
v -0.2289798 -0.2354225 0.3322698
v -0.2366704 -0.2275141 0.3428578
v -0.2413421 -0.2133695 0.4102414
v -0.2260187 -0.1585175 0.4163247
v -0.2256230 -0.1614864 0.4300934
v -0.1141436 -0.2460563 0.4786914
v -0.1244773 -0.2223252 0.4857648
v -0.1402845 -0.2263040 0.4826254
v -0.1334216 -0.2019414 0.4866022
v -0.1430716 -0.1909256 0.4841856
v -0.1578111 -0.1957544 0.4861596
v -0.2120642 -0.1634291 0.4515560
v -0.2238897 -0.1669171 0.4426688
v -0.2220410 -0.1847556 0.4386362
v -0.2443429 -0.1910075 0.3633754
v -0.2440473 -0.2037271 0.3582688
v -0.2420614 -0.2188884 0.3539890
v -0.2323185 -0.2400159 0.3454464
v -0.1118925 -0.2306649 0.4809509
v -0.0935820 -0.2467342 0.4645215
v -0.1146789 -0.2755222 0.4448816
v -0.0908305 -0.2976390 0.4290457
v -0.1007831 -0.3011619 0.4165184
v -0.0994140 -0.3222615 0.3962984
v -0.1899524 -0.1657565 0.4684560
v -0.1350209 -0.2132506 0.4877335
v -0.1365771 -0.3154617 0.3641294
v -0.1283283 -0.1930038 0.4794884
v -0.1215708 -0.2071057 0.4823380
v -0.1493680 -0.1786596 0.4770390
v -0.1918098 -0.1595997 0.4567890
v -0.2010937 -0.1641447 0.4613850
v -0.1088752 -0.2096597 0.4724264
v -0.2328007 -0.2066073 0.3328095
v -0.2273805 -0.1961315 0.3256089
v -0.2386823 -0.2044355 0.3446702
v -0.2225663 -0.1872345 0.3181516
v -0.2326122 -0.1931336 0.3372948
v -0.2240954 -0.1996375 0.3116807
v -0.2283388 -0.2084118 0.3220927
v -0.2169511 -0.2548491 0.3259100
v -0.2107667 -0.1734207 0.4616819
v -0.1583730 -0.1697318 0.4688795
v -0.1940553 -0.1514914 0.4333629
v -0.1572259 -0.1847123 0.4832308
v -0.1749597 -0.1672322 0.4699095
v -0.1723487 -0.1561386 0.4500733
v -0.1717298 -0.1500479 0.4393272
v -0.1663266 -0.1762708 0.4778637
v -0.1285331 -0.1755061 0.4628315
v -0.1244652 -0.1844009 0.4700235
v -0.1168443 -0.1807302 0.4621293
v -0.2128103 -0.1486215 0.3948139
v -0.2247151 -0.1563188 0.3998174
v -0.2143424 -0.1526195 0.4105401
v -0.2806743 0.0539917 0.1195460
v -0.2836907 0.0434131 0.1137473
v -0.2673837 0.0477005 0.1165611
v -0.2795573 0.0651582 0.1257368
v -0.3104626 0.0381612 0.1021136
v -0.2400099 0.0774125 0.1313394
v -0.3002929 0.0672415 0.1153697
v -0.2524166 0.1583707 0.1454818
v -0.3113132 0.0923231 0.0989837
v -0.3155603 0.0649861 0.0940811
v -0.3003416 0.0980318 0.1209641
v -0.3073455 0.1032739 0.1097924
v -0.2924097 0.1072982 0.1307434
v -0.3100381 0.1080611 0.0965474
v -0.3057194 0.1299993 0.1031027
v -0.2981862 0.1294990 0.1244103
v -0.3030551 0.1399843 0.1079434
v -0.2907598 0.1394224 0.1323555
v -0.2977875 0.1638952 0.1075441
v -0.2948534 0.1763972 0.1021198
v -0.2944527 0.1744916 0.1135025
v -0.2832879 0.1696650 0.1355621
v -0.2939404 0.1639753 0.1229029
v -0.2871625 0.1987886 0.1100322
v -0.2788083 0.1973819 0.1315873
v -0.2765560 0.2185727 0.1209055
v -0.2818539 0.2133022 0.1071800
v -0.2572588 0.1874395 0.1461086
v -0.2697543 0.2426386 0.1073708
v -0.2718996 0.2397979 0.0976592
v -0.2655576 0.2455635 0.1203147
v -0.2587658 0.2505486 0.1293249
v -0.2644401 0.2548787 0.1082211
v -0.2639520 0.2366482 0.1302606
v -0.2464871 0.2321893 0.1442653
v -0.2535901 0.2784523 0.1099863
v -0.2639787 0.0799773 0.1350759
v -0.2720755 0.1095218 0.1409382
v -0.2562323 0.0931323 0.1380409
v -0.2561022 0.1309744 0.1421804
v -0.2669700 0.1380873 0.1433937
v -0.2643161 0.1516889 0.1446669
v -0.2628389 0.1640283 0.1454402
v -0.2316372 0.1741918 0.1440860
v -0.2208414 0.1832795 0.1410794
v -0.2329267 0.2036124 0.1465241
v -0.2067578 0.2462170 0.1423994
v -0.2056793 0.2070531 0.1379946
v -0.2319545 0.2774146 0.1400023
v -0.2009917 0.2331632 0.1393962
v -0.2352739 0.2340641 0.1465419
v -0.2128107 0.2610276 0.1442844
v -0.2145993 0.2370651 0.1441787
v -0.2028295 0.2720216 0.1421668
v -0.2054942 0.2852992 0.1423595
v -0.1980914 0.2568691 0.1399925
v -0.2036013 0.2971250 0.1411638
v -0.1962123 0.3255619 0.1364626
v -0.0923891 -0.0661882 0.0445219
v -0.0709567 -0.0783526 0.0348154
v 0.4345886 -0.3933492 0.0006106
v 0.4425817 -0.3808929 0.0006106
v 0.4195803 -0.3348305 0.0006401
v 0.4833426 -0.2767630 0.0006106
v 0.4942644 -0.2296412 0.0006152
v 0.4944926 -0.2639626 0.0006106
v 0.4697740 -0.2818212 0.0006106
v 0.4571111 -0.2178105 0.0006106
v 0.4558576 -0.2790884 0.0006106
v 0.4314626 -0.2289210 0.0007536
v 0.4719489 -0.2161994 0.0006106
v 0.4418655 -0.2251190 0.0006547
v 0.2274054 0.1234107 0.0006106
v 0.2241475 0.2705595 0.0006106
v 0.4205002 -0.4025202 0.0006106
v 0.3936040 -0.2886916 0.0006106
v 0.3915137 -0.2221467 0.0007048
v 0.3861304 -0.2178126 0.0006106
v 0.4298372 -0.3407964 0.0006106
v 0.3726847 -0.2064987 0.0006106
v 0.3699946 -0.3103849 0.0003504
v 0.2948224 0.1065981 0.0006106
v 0.4101757 -0.3249740 0.0007282
v 0.4036705 -0.4043947 0.0006106
v 0.3731907 -0.3640234 0.0006106
v 0.3644515 -0.2970226 0.0000885
v 0.3637496 -0.3031811 0.0004148
v 0.3647537 -0.2005401 0.0006106
v 0.3653286 -0.2955872 0.0000000
v 0.3662357 -0.2975783 0.0008347
v 0.3727357 -0.3787261 0.0006106
v 0.2294243 -0.0394868 0.0006106
v 0.2397482 -0.3264382 0.0006125
v 0.2430889 -0.3415515 0.0006106
v 0.2633390 0.0079726 0.0007124
v 0.2439986 -0.3092825 0.0006106
v 0.2713394 -0.0884292 0.0006106
v 0.3118806 -0.3360934 0.0006106
v 0.3133791 -0.1796225 0.0006106
v 0.2971294 -0.2524627 0.0006992
v 0.2603571 -0.2934105 0.0006106
v 0.2518735 -0.2993383 0.0006106
v 0.2602658 0.0740974 0.0006106
v 0.2613285 0.1904901 0.0006106
v 0.2672426 0.0606836 0.0006106
v 0.2669899 0.1776108 0.0006106
v 0.2535794 -0.3543484 0.0006185
v 0.2451444 0.2264054 0.0006106
v 0.2768770 0.0359452 0.0006106
v 0.2637618 -0.3589679 0.0006106
v 0.3924828 -0.0656362 0.0006106
v 0.4170305 -0.2299633 0.0006139
v 0.4032235 -0.3123365 0.0007386
v 0.3872606 -0.3994831 0.0006106
v 0.3712909 -0.3185206 0.0003993
v 0.2905256 -0.3578588 0.0006106
v 0.2774741 0.1514737 0.0006106
v 0.2764524 -0.2847297 0.0009889
v 0.2781214 -0.3611616 0.0006106
v 0.2809434 0.1424503 0.0006106
v 0.2859138 0.1296322 0.0006368
v 0.3064490 -0.2109372 0.0006784
v 0.3372649 -0.1909790 0.0006106
v 0.2910406 -0.2647280 0.0006144
v 0.3781551 -0.3914145 0.0006106
v 0.3397399 -0.2920273 0.0007484
v 0.3055533 -0.3463598 0.0006106
v 0.3046671 -0.2204089 0.0006106
v 0.3429795 -0.1188565 0.0006106
v 0.3017382 -0.2297284 0.0006134
v 0.3093564 -0.1825428 0.0006106
v 0.3155243 -0.3024693 0.0006590
v 0.3966812 -0.2777707 0.0006597
v 0.4043408 -0.2632126 0.0006106
v 0.4078665 -0.2612317 0.0006106
v 0.4073923 -0.2288494 0.0006212
v 0.3609260 -0.3062147 0.0006106
v 0.3540187 -0.1951054 0.0006106
v 0.3535495 -0.2979129 0.0007790
v 0.3285467 -0.2918559 0.0006291
v 0.3251309 -0.1856037 0.0006106
v 0.3745143 -0.3369412 0.0006656
v 0.3758957 -0.3499524 0.0006779
v 0.4259141 -0.2636135 0.0006285
v 0.4187108 -0.2623895 0.0006115
v 0.4016072 -0.0747119 0.0006106
v 0.3873906 -0.1262961 0.0006106
v 0.3969436 -0.1192700 0.0006106
v 0.4071764 -0.0910377 0.0006106
v 0.4040850 -0.1092544 0.0006106
v 0.4464456 0.0306129 0.0006106
v 0.4431092 0.0032395 0.0006106
v 0.4408550 0.0401913 0.0006106
v 0.4098167 0.0467706 0.0006106
v 0.4113863 -0.0108111 0.0006132
v 0.3873250 -0.0025549 0.0006870
v 0.4210666 -0.0111289 0.0006106
v 0.4282766 0.0465902 0.0006106
v 0.4312487 -0.0073378 0.0006106
v 0.3953816 0.0440561 0.0006106
v 0.2726869 0.1632465 0.0006106
v 0.2295905 0.2591856 0.0006106
v 0.2519032 0.2113996 0.0006106
v 0.3748488 -0.0521514 0.0006223
v 0.3523828 0.0394225 0.0007714
v 0.3621546 -0.1307207 0.0006106
v 0.2160524 -0.0569926 0.0006106
v 0.2411636 -0.0981566 0.0006106
v 0.2409416 -0.0303355 0.0006243
v 0.2703876 0.0266208 0.0006106
v 0.2517062 -0.0984092 0.0006106
v 0.2189928 -0.0502961 0.0006106
v 0.2183943 -0.0817343 0.0006106
v 0.2151785 -0.0728375 0.0006106
v 0.2358796 0.2471361 0.0006106
v 0.2771816 -0.0795497 0.0006106
v 0.2795817 -0.0447316 0.0006451
v 0.3005740 -0.0292625 0.0006665
v 0.2899953 0.1191922 0.0006106
v 0.3696080 0.0012615 0.0006456
v 0.3835140 -0.0594553 0.0006172
v 0.1102706 0.3794353 0.0006106
v 0.1127269 0.3708179 0.0006106
v -0.4665819 -0.2157354 0.0006106
v 0.1139957 0.3272496 0.0006106
v 0.1353945 0.1441700 0.0006106
v 0.1163833 0.3580309 0.0006106
v 0.1190146 0.3448313 0.0006106
v 0.1211099 0.4154837 0.0006106
v 0.2016723 0.3138833 0.0006106
v 0.1948460 0.3247504 0.0006106
v 0.1122043 0.3254425 0.0006106
v 0.1129221 0.3259809 0.0006106
v 0.1131313 0.3240986 0.0006106
v 0.1135881 0.3257914 0.0006106
v 0.0863523 0.2027071 0.0006106
v 0.0847722 0.3614448 0.0006106
v 0.0808445 0.2143438 0.0006106
v 0.2984272 0.0960803 0.0006106
v 0.3025451 0.0849134 0.0006106
v 0.3378150 -0.1067356 0.0006106
v 0.3856622 0.0420861 0.0006139
v 0.3534440 -0.0116405 0.0007058
v 0.3508847 -0.1252913 0.0006106
v 0.3361033 -0.0868632 0.0006106
v 0.2247806 -0.0895580 0.0006106
v 0.3352698 -0.0736967 0.0006106
v 0.3307795 -0.0573745 0.0007575
v 0.3370231 0.0452046 0.0006106
v 0.2625924 -0.0951257 0.0006181
v 0.2655021 0.0159737 0.0006106
v 0.3212865 0.0501453 0.0006106
v 0.3071677 0.0714864 0.0006125
v 0.3515387 -0.0181966 0.0006106
v 0.3613481 -0.0015482 0.0006146
v 0.3708598 0.0390075 0.0006463
v 0.3135771 -0.0326501 0.0006477
v 0.3140107 0.0540297 0.0006106
v 0.2487400 -0.0209804 0.0006217
v 0.2857396 -0.0318184 0.0006275
v 0.1577526 0.1284729 0.0006106
v 0.1567556 0.3979433 0.0006106
v 0.1053094 0.3971696 0.0006106
v 0.1051691 0.4086412 0.0006106
v 0.1932092 0.1275090 0.0006106
v 0.2585223 0.1965859 0.0006106
v 0.2173876 0.1215732 0.0006106
v 0.2073066 0.1282758 0.0006106
v 0.2081413 0.3024896 0.0006106
v 0.2165608 0.2870389 0.0006106
v 0.2419303 0.2336434 0.0006106
v 0.1873577 0.3361782 0.0006106
v 0.1814786 0.1277718 0.0006106
v 0.1806267 0.3459319 0.0007236
v 0.1679005 0.1230615 0.0006106
v 0.1718952 0.3616966 0.0006106
v 0.1832986 0.1154072 0.0007082
v 0.1025307 0.1769746 0.0007197
v 0.0937234 0.1889756 0.0006327
v 0.1491234 0.4114871 0.0006106
v 0.1680114 0.3712704 0.0006106
v 0.1634762 0.3816402 0.0006206
v 0.1501877 0.1333328 0.0006106
v 0.0441431 0.3847765 0.0006106
v 0.0489921 0.1999475 0.0006302
v 0.0553404 0.3804407 0.0006194
v 0.0231538 0.3861676 0.0006106
v 0.0032328 -0.0160655 0.0006106
v 0.0367948 0.1853406 0.0006106
v 0.0361256 0.3810826 0.0006106
v 0.0398344 0.1671035 0.0006106
v 0.0401983 0.1576127 0.0006106
v 0.0410848 -0.0118195 0.0006106
v 0.0591437 0.0314802 0.0059570
v 0.0727094 0.2117526 0.0006224
v 0.0763258 0.3686387 0.0006106
v 0.0144558 -0.0057797 0.0006106
v 0.0046858 0.3887752 0.0006274
v -0.0078936 -0.0275052 0.0006106
v 0.0278246 -0.0087603 0.0006106
v 0.0333686 0.3822779 0.0006106
v 0.0297817 -0.0201871 0.0006106
v 0.0391372 0.1932043 0.0006106
v 0.0390922 0.3831663 0.0006106
v 0.0399420 -0.0234011 0.0006106
v 0.0949754 0.3489490 0.0006106
v 0.0682217 0.2089401 0.0006106
v 0.0680975 0.2087289 0.0006106
v 0.0687423 0.2090898 0.0006106
v 0.0647318 0.3760263 0.0006106
v 0.0638922 0.2073452 0.0006106
v 0.0774449 0.2147180 0.0006106
v 0.1236092 0.1538161 0.0006106
v 0.1142510 0.1633074 0.0006106
v -0.4115129 -0.4045621 0.0006106
v -0.4062340 -0.3185915 0.0006343
v -0.4427629 -0.3550199 0.0006106
v -0.4260455 -0.3386443 0.0006106
v -0.4346166 -0.3933213 0.0006106
v -0.4384118 -0.3475803 0.0006106
v -0.4422484 -0.3821280 0.0006128
v -0.4448504 -0.3733033 0.0006106
v -0.4778956 -0.2177007 0.0006106
v -0.4929614 -0.2274691 0.0006106
v -0.4989336 -0.2519930 0.0006139
v -0.4937737 -0.2659756 0.0006106
v -0.4963113 -0.2341130 0.0006106
v -0.4318867 -0.2289200 0.0006789
v -0.4408288 -0.2694280 0.0006500
v -0.4545441 -0.2786726 0.0006106
v -0.4659155 -0.2816914 0.0006106
v -0.4833165 -0.2767709 0.0006106
v -0.4447471 0.0336002 0.0006106
v -0.4432957 0.0032382 0.0006106
v -0.4475583 0.0141516 0.0006106
v -0.4384053 -0.2266714 0.0006106
v -0.4076436 -0.0896176 0.0006106
v -0.4134303 -0.3294386 0.0007613
v -0.3953816 0.0440561 0.0006106
v -0.3971549 -0.2766808 0.0006411
v -0.3594734 -0.1977671 0.0006106
v -0.3933574 -0.2236973 0.0007018
v -0.4218786 -0.4022928 0.0006106
v -0.3727218 -0.3792489 0.0006106
v -0.3759424 -0.3470982 0.0007523
v -0.3718174 -0.2058131 0.0006106
v -0.3878623 -0.2192775 0.0006592
v -0.3937818 -0.4021456 0.0006106
v -0.2217201 -0.0862189 0.0006106
v -0.2439986 -0.3092825 0.0006106
v -0.2397484 -0.3264382 0.0006125
v -0.2425562 -0.3402746 0.0006106
v -0.2656385 -0.3604621 0.0006106
v -0.2719110 0.0513859 0.0006106
v -0.2711134 0.1670997 0.0006106
v -0.2451445 0.2264054 0.0006106
v -0.2764615 -0.2850204 0.0006905
v -0.2760316 -0.3611542 0.0006106
v -0.4078665 -0.2612317 0.0006106
v -0.4043408 -0.2632126 0.0006106
v -0.4038128 -0.2284168 0.0006165
v -0.3798101 -0.3929832 0.0006106
v -0.2974434 -0.2513816 0.0006106
v -0.2735685 -0.0858540 0.0006106
v -0.3254039 -0.0456315 0.0006918
v -0.2928620 -0.3567216 0.0006106
v -0.3324943 -0.1897028 0.0008402
v -0.3064490 -0.2109372 0.0006784
v -0.2915420 -0.2641537 0.0006436
v -0.3728544 -0.3308750 0.0006880
v -0.3032665 -0.2247820 0.0006106
v -0.3058105 -0.3459808 0.0006106
v -0.3631341 -0.3104289 0.0006106
v -0.3112684 -0.3373699 0.0006106
v -0.3133363 -0.3315232 0.0006106
v -0.3133791 -0.1796225 0.0006106
v -0.3069940 -0.1959261 0.0006106
v -0.3093566 -0.1825428 0.0006106
v -0.3416575 -0.2924772 0.0007360
v -0.3536198 -0.2979847 0.0007663
v -0.3497908 -0.1931510 0.0006106
v -0.3286466 -0.2919211 0.0007406
v -0.3197818 -0.2968323 0.0008058
v -0.4006900 -0.3073736 0.0006280
v -0.4139309 -0.2298901 0.0006106
v -0.4073936 0.0465253 0.0006106
v -0.4037818 -0.1094234 0.0006106
v -0.4019371 -0.0751529 0.0006106
v -0.3919392 -0.0654556 0.0006106
v -0.3941650 -0.1213005 0.0006106
v -0.2223832 0.2744259 0.0006106
v -0.3776595 -0.0548230 0.0006511
v -0.3815885 -0.1290395 0.0006110
v -0.4318517 0.0455977 0.0006106
v -0.4089265 -0.0102041 0.0006106
v -0.4212604 -0.0111289 0.0006106
v -0.4235283 0.0476116 0.0006106
v -0.4317084 -0.0071225 0.0006106
v -0.3821666 -0.0012250 0.0006106
v -0.2277512 0.2629394 0.0006106
v -0.2358796 0.2471361 0.0006106
v -0.2809434 0.1424503 0.0006106
v -0.2788877 -0.0732266 0.0006106
v -0.2758673 0.1554334 0.0006106
v -0.3417649 -0.1161849 0.0006106
v -0.3361687 0.0457219 0.0006106
v -0.1129221 0.3259809 0.0006106
v -0.1131313 0.3240986 0.0006106
v -0.1135881 0.3257914 0.0006106
v -0.2426991 -0.0980591 0.0006106
v -0.2251455 -0.0434493 0.0006106
v -0.2147679 -0.0710111 0.0006106
v -0.2805485 -0.0406144 0.0008204
v -0.2641254 0.0107925 0.0006106
v -0.3036467 -0.0297160 0.0006314
v -0.2999861 0.0918649 0.0006106
v -0.2471135 -0.0231757 0.0006106
v -0.2519032 0.2113996 0.0006106
v -0.2766818 0.0359452 0.0006106
v -0.2397200 -0.0314327 0.0006121
v -0.2173060 -0.0540370 0.0006106
v -0.2296199 0.1175329 0.0006106
v -0.2585223 0.1965859 0.0006106
v -0.2613285 0.1904901 0.0006106
v -0.2683067 0.0585350 0.0006106
v -0.2669899 0.1776108 0.0006106
v -0.2859138 0.1296322 0.0006368
v -0.3652305 0.0382218 0.0006138
v -0.2795297 -0.0563574 0.0006109
v -0.1340022 0.1452716 0.0006106
v -0.1082862 0.4136249 0.0006106
v -0.1103162 0.3798384 0.0006106
v -0.1161104 0.4179680 0.0006106
v -0.1186918 0.3468560 0.0006342
v -0.1139957 0.3272496 0.0006106
v -0.1122167 0.1654509 0.0006325
v -0.1151912 0.3623891 0.0006201
v -0.1873577 0.3361782 0.0006106
v -0.1948460 0.3247504 0.0006106
v -0.1993409 0.1290483 0.0006106
v -0.2016723 0.3138833 0.0006106
v -0.2520053 -0.3529992 0.0006106
v -0.0808446 0.2143438 0.0006106
v -0.0897020 0.1958287 0.0006106
v -0.0852546 0.2059361 0.0006283
v -0.0812284 0.3648107 0.0006106
v -0.2965991 0.1015873 0.0006106
v -0.2942457 -0.0294334 0.0006219
v -0.3599756 -0.0341298 0.0006173
v -0.3517019 -0.1261524 0.0006106
v -0.3521783 -0.0213965 0.0007778
v -0.3665011 -0.1308382 0.0006106
v -0.3354650 -0.0736773 0.0006106
v -0.3931975 -0.0045300 0.0006324
v -0.3856622 0.0420861 0.0006139
v -0.3477166 0.0407864 0.0007407
v -0.3722699 0.0393182 0.0006106
v -0.3694310 0.0012645 0.0006950
v -0.3626953 -0.0004783 0.0006106
v -0.3363838 -0.1011029 0.0006106
v -0.3206092 0.0506108 0.0007724
v -0.2269378 -0.0915979 0.0006106
v -0.2912543 0.1158487 0.0006106
v -0.2516890 -0.0166057 0.0006106
v -0.2621047 -0.0950844 0.0006106
v -0.2594670 -0.0023324 0.0006897
v -0.3140521 0.0540807 0.0006106
v -0.3519120 -0.0159117 0.0006483
v -0.3054993 0.0763126 0.0006106
v -0.3154853 -0.0336683 0.0008061
v -0.3121544 0.0586896 0.0006106
v -0.3689580 -0.0460649 0.0006274
v -0.2848122 -0.0327680 0.0006106
v -0.1014925 0.1781605 0.0006106
v -0.1051691 0.4086412 0.0006106
v -0.1105212 0.3259809 0.0006106
v -0.2600277 0.0745671 0.0006106
v -0.2112831 0.1297758 0.0006106
v -0.2175961 0.1207225 0.0006106
v -0.2165608 0.2870389 0.0006106
v -0.2081413 0.3024896 0.0006106
v -0.2419303 0.2336434 0.0006106
v -0.1806267 0.3459319 0.0007236
v -0.1891003 0.1423601 0.0006106
v -0.1725457 0.1207082 0.0006106
v -0.1718952 0.3616966 0.0006106
v -0.0898834 0.3557124 0.0006641
v -0.0713552 0.3720205 0.0006724
v -0.1574406 0.1288236 0.0006106
v -0.1195949 0.4062033 0.0006106
v -0.1631914 0.3824677 0.0006106
v -0.1459981 0.1359622 0.0006106
v -0.0117159 0.3885479 0.0006106
v -0.0192442 -0.0027018 0.0006106
v -0.0276590 0.3849075 0.0006209
v -0.0391372 0.1932043 0.0006106
v -0.0390922 0.3831663 0.0006106
v -0.0441431 0.3847765 0.0006106
v -0.0477037 0.1991737 0.0006106
v -0.0387941 0.1586147 0.0006106
v -0.0422089 -0.0124383 0.0006106
v -0.0420878 0.1421001 0.0009182
v -0.0453847 0.0028670 0.0006106
v -0.0682218 0.2089401 0.0006106
v -0.0680975 0.2087289 0.0006106
v -0.0127865 -0.0147047 0.0006106
v -0.0291637 -0.0149298 0.0006106
v -0.0367948 0.1853406 0.0006106
v -0.0361256 0.3810826 0.0006106
v -0.0523609 0.3819449 0.0006392
v -0.0616349 0.3774945 0.0006106
v -0.0648104 0.2076303 0.0006106
v -0.0580751 0.2047335 0.0006314
v -0.0969411 0.1834894 0.0006106
v -0.0973484 0.3455332 0.0006106
v -0.1032295 0.3373470 0.0006106
v -0.1204875 0.1569939 0.0006106
v 0.4455700 -0.3650373 0.0006106
v 0.4394265 -0.3492100 0.0006106
v 0.4991930 -0.2453703 0.0006106
v 0.3964989 -0.2974710 0.0006106
v 0.2983500 -0.2440027 0.0006106
v 0.2853294 -0.2726504 0.0006106
v 0.3067539 -0.1966407 0.0006106
v 0.1100674 0.3266641 0.0006106
v 0.1101627 0.3262382 0.0006106
v 0.1018354 0.3395202 0.0006597
v 0.3665299 -0.0432066 0.0006240
v 0.3561414 -0.0281439 0.0006106
v 0.2564145 -0.0085477 0.0006366
v 0.1379019 0.4198886 0.0006106
v -0.3737214 -0.3614500 0.0006106
v -0.2525642 -0.2989284 0.0006106
v -0.2689134 -0.2893952 0.0006106
v -0.3943518 -0.2915468 0.0006310
v -0.3803149 -0.2125203 0.0006106
v -0.2816581 -0.2782606 0.0006188
v -0.2989013 -0.2415510 0.0006106
v -0.2677923 0.0237556 0.0006106
v -0.1122043 0.3254425 0.0006106
v -0.1658959 0.3760445 0.0006131
v -0.1574341 0.3966531 0.0006151
v -0.1053745 0.3971956 0.0006106
v -0.1334039 0.4207267 0.0006106
v -0.1491234 0.4114871 0.0006106
v -0.1103087 0.3261001 0.0006106
v 0.1651349 -0.1384486 0.1504299
v 0.2124247 -0.1610212 0.2237947
v 0.0936147 -0.2403432 0.1484675
v 0.1168765 -0.2239922 0.1499471
v 0.1264497 -0.2037096 0.1417784
v 0.1630415 -0.2731338 0.2099907
v 0.1649748 -0.2790642 0.2273196
v 0.1167839 -0.2345069 0.1585494
v 0.1238298 -0.2497455 0.1746431
v 0.0974822 -0.2820874 0.1919783
v 0.0858891 -0.2909561 0.1959453
v 0.0928414 -0.2731897 0.1802371
v 0.1054552 -0.2706421 0.1841149
v 0.0833237 -0.2501852 0.1520658
v 0.0938817 -0.2495927 0.1575698
v 0.0870772 -0.2602954 0.1637921
v 0.1582716 -0.2685526 0.1978611
v 0.1433513 -0.2869330 0.2217906
v 0.1387756 -0.2738348 0.1989186
v 0.0974805 -0.2936802 0.2045861
v 0.1181480 -0.2908999 0.2118957
v 0.2339613 -0.2042504 0.1422902
v 0.1700050 -0.2650176 0.1984348
v 0.1676108 -0.2431743 0.1675390
v 0.0297352 -0.0468737 0.3493630
v 0.0148029 -0.0409303 0.3476042
v 0.0652307 -0.0784076 0.3609644
v 0.0770680 -0.0701439 0.3543424
v 0.0632026 -0.0643156 0.3534088
v 0.0653534 -0.0503508 0.3456978
v 0.0075804 -0.0170542 0.3365394
v 0.0049166 -0.0299653 0.3427930
v 0.0292857 -0.0342373 0.3431831
v 0.1428871 -0.1023920 0.3595816
v 0.1420063 -0.0961028 0.3497949
v 0.1553717 -0.0984742 0.3404637
v 0.0887735 -0.0779728 0.3558478
v 0.0861418 -0.0886099 0.3645313
v 0.1008459 -0.0876353 0.3601380
v 0.0964961 -0.0984011 0.3702359
v 0.1082683 -0.0978791 0.3670656
v 0.1115340 -0.0805330 0.3506695
v 0.1827377 -0.1118940 0.3068954
v 0.1937218 -0.1238322 0.2794489
v 0.1888786 -0.1169785 0.2934442
v 0.2005571 -0.1394882 0.2777833
v 0.2025387 -0.1420106 0.2623492
v 0.2002826 -0.1330739 0.2508741
v 0.1976095 -0.1298984 0.2651772
v 0.2108146 -0.1648882 0.2566099
v 0.2072108 -0.1541873 0.2593994
v 0.2032094 -0.1411945 0.2111903
v 0.2034875 -0.1394757 0.2225672
v 0.2125316 -0.1657862 0.2362680
v 0.1977653 -0.1246598 0.2396917
v 0.2099498 -0.1585958 0.2469266
v 0.1411606 -0.3027287 0.2528288
v 0.1537794 -0.2957392 0.2536471
v 0.1485029 -0.3039097 0.2644447
v 0.1469760 -0.2946151 0.2423447
v 0.0915906 -0.3168773 0.2336895
v 0.0858171 -0.3004675 0.2077775
v 0.1056696 -0.3089930 0.2308735
v 0.0971624 -0.3083177 0.2242079
v 0.0623064 -0.3240580 0.2307003
v 0.0097338 -0.3274343 0.2271608
v 0.0145311 -0.3201273 0.2177955
v 0.0243420 -0.3258893 0.2257017
v 0.0132888 -0.3126474 0.2076623
v 0.0759788 -0.2973740 0.2000268
v 0.0724444 -0.3057775 0.2092540
v 0.0677260 -0.3146811 0.2197838
v 0.0510181 -0.3059708 0.2033411
v 0.0437547 -0.3676102 0.2773586
v 0.0603939 -0.3779110 0.2969169
v 0.0685991 -0.3826731 0.3081466
v 0.0949849 -0.3532166 0.2887506
v 0.0127043 -0.3535268 0.2574370
v 0.0259734 -0.3585218 0.2638704
v 0.0266197 -0.3485235 0.2530406
v 0.0561358 -0.3432107 0.2529556
v 0.0776756 -0.3444059 0.2640755
v 0.0692249 -0.3392272 0.2532225
v 0.1043965 -0.3318836 0.2657071
v 0.1167717 -0.3248533 0.2667924
v 0.1257690 -0.3163362 0.2619240
v 0.0065033 -0.2977848 0.4292657
v 0.1551238 -0.1399297 0.4242003
v 0.2173859 -0.1738048 0.3148470
v 0.2135496 -0.1712749 0.3006731
v 0.2163112 -0.1810364 0.2919337
v 0.0554546 -0.2456694 0.4366391
v 0.0202251 -0.2401303 0.4270126
v 0.0109155 -0.2310816 0.4241501
v 0.0426555 -0.2284531 0.4304613
v 0.0433042 -0.1642556 0.4107971
v 0.0276371 -0.1588245 0.4042338
v 0.0503494 -0.1419305 0.3997889
v 0.0682439 -0.2497295 0.4427072
v 0.1031751 -0.3329916 0.3847290
v 0.0266009 -0.3061372 0.4292113
v 0.0725725 -0.2897029 0.1898044
v 0.0500244 -0.2983893 0.1934845
v 0.0456914 -0.2911489 0.1838070
v 0.0532658 -0.2838724 0.1771323
v 0.0671761 -0.2788037 0.1752685
v 0.0001050 -0.3090624 0.2024048
v 0.0121631 -0.3039210 0.1955513
v 0.0104636 -0.2959232 0.1853780
v 0.0318547 -0.2898560 0.1799202
v 0.0360466 -0.2982666 0.1907515
v 0.0131878 -0.2697088 0.1558916
v 0.0261121 -0.2705515 0.1578580
v 0.0291157 -0.2803301 0.1688447
v 0.0726212 -0.2587757 0.1564787
v 0.0736449 -0.2678651 0.1660672
v 0.0518875 -0.2749552 0.1670105
v 0.0494114 -0.2643162 0.1555876
v 0.0192035 -0.1229138 0.3872422
v 0.0722416 -0.0895536 0.3664483
v 0.0324255 -0.0965065 0.3738474
v 0.0537967 -0.1036700 0.3762199
v 0.0911091 -0.0641465 0.3468706
v 0.1012395 -0.0534196 0.3371504
v 0.0866502 -0.0497486 0.3401120
v 0.1804735 -0.0958573 0.2802481
v 0.1802396 -0.0869970 0.2682975
v 0.1922385 -0.1114791 0.2416369
v 0.1861649 -0.0875944 0.2259539
v 0.1713215 -0.0490951 0.2603419
v 0.1809523 -0.0673744 0.2385222
v 0.1948207 -0.1157307 0.2288372
v 0.1944794 -0.1194749 0.2152214
v 0.1792556 -0.0852973 0.1762243
v 0.1853521 -0.0980443 0.1987009
v 0.1821650 -0.1344174 0.1769576
v 0.1703371 -0.1259505 0.1547554
v 0.1598632 -0.1154394 0.1316876
v 0.1721145 -0.0994834 0.1530671
v 0.1508092 -0.1558041 0.1382524
v 0.1570834 -0.1412944 0.1389751
v 0.1352404 -0.1720140 0.1282330
v 0.0997249 -0.1575247 0.0931132
v 0.1020293 -0.1451177 0.0878376
v 0.1139243 -0.1510357 0.0978949
v 0.1258974 -0.1395572 0.1017084
v 0.1186648 -0.1626125 0.1082785
v 0.1496890 -0.1182906 0.1173617
v 0.0864828 -0.1609673 0.0888090
v 0.0941508 -0.1700407 0.0978492
v 0.0819942 -0.2394391 0.1418262
v 0.0798343 -0.2157719 0.1220431
v 0.0754515 -0.1372794 0.4036458
v 0.0925579 -0.1080021 0.3789402
v 0.1008706 -0.1169583 0.3876609
v 0.1076906 -0.1249005 0.3980014
v 0.0922482 -0.1252241 0.3959816
v 0.0819340 -0.0992117 0.3718871
v 0.0610269 -0.1232739 0.3889316
v 0.3061655 0.1090565 0.0450535
v 0.1111073 0.3937539 0.0618193
v 0.1426417 0.4392416 0.0536982
v 0.1537520 0.4294215 0.0334654
v 0.1064603 0.4270934 0.0428062
v 0.1820332 0.4001924 0.0710446
v 0.2326182 0.3073775 0.0384849
v 0.2065163 0.0838924 0.1164304
v 0.2182290 0.0862503 0.1273723
v 0.2070915 0.0646772 0.0945414
v 0.2273615 0.0646804 0.1175993
v 0.2386093 0.0451798 0.1035582
v 0.2697638 0.2088133 0.0586820
v 0.2759126 0.1927581 0.0585844
v 0.2874293 0.1571344 0.0593652
v 0.2831349 0.1718719 0.0588772
v 0.2801298 0.2016080 0.0251573
v 0.2740884 0.2235837 0.0368724
v 0.2843155 0.1966171 0.0387323
v 0.2949237 0.1667336 0.0378136
v 0.2662509 0.2177190 0.0147876
v 0.2676865 0.1899773 0.0058412
v 0.1791832 0.2640261 0.1317625
v 0.2418248 0.2840279 0.1303405
v 0.2622291 0.2421414 0.0662982
v 0.2637017 0.2245459 0.0589707
v 0.2627845 0.2440627 0.0464747
v 0.2510148 0.2683654 0.0482159
v 0.2347616 0.2917756 0.0224894
v 0.2516439 0.2708609 0.0351320
v 0.2391426 0.2947664 0.0355961
v 0.2680443 0.2359800 0.0338539
v 0.2584742 0.2580741 0.0391279
v 0.2540293 0.2588387 0.0254133
v 0.2288726 0.2771461 0.0075166
v 0.2373910 0.2785643 0.0166159
v 0.2611146 0.2376807 0.0199446
v 0.2506592 0.2370508 0.0088231
v 0.2458534 0.2582037 0.0140910
v 0.2214523 0.0832520 0.0383814
v 0.1700255 0.1663863 0.1302645
v 0.1800385 0.1440764 0.1285073
v 0.2057187 0.1625467 0.1350773
v 0.1931831 0.1534614 0.1327712
v 0.1858419 0.1171454 0.1217219
v 0.1955164 0.0829618 0.1043851
v 0.1870972 0.0827756 0.0935100
v 0.1968386 0.1044460 0.1225289
v 0.1611361 0.2417529 0.1156798
v 0.1731448 0.2290930 0.1248667
v 0.2582141 0.0317332 0.0948490
v 0.2402089 0.0389381 0.0923273
v 0.2598646 0.0308778 0.0707815
v 0.2528141 0.0470982 0.0540564
v 0.3082953 0.1220069 0.0927308
v 0.2791487 0.2227618 0.0893262
v 0.2932716 0.1742206 0.0713811
v 0.2968424 0.1524954 0.0675512
v 0.2879470 0.1960200 0.0739754
v 0.2576766 0.2725473 0.0982484
v 0.2739852 0.2350834 0.0822009
v 0.2625644 0.2590393 0.0777400
v 0.2469404 0.2905419 0.0782594
v 0.2569937 0.2711186 0.0785901
v 0.1522546 0.2609799 0.1114831
v 0.1666002 0.1418478 0.1207684
v 0.1456802 0.1421507 0.1049659
v 0.1374591 0.1956924 0.1219203
v 0.1472001 0.1989748 0.1283662
v 0.1386694 0.1682429 0.1128785
v 0.1475855 0.1545410 0.1138330
v 0.1488767 0.2483137 0.1219253
v 0.1453696 0.2235784 0.1280833
v 0.1636831 0.2108449 0.1271622
v 0.1010860 0.2774397 0.0916922
v 0.0013004 0.2553917 0.2081755
v 0.0212353 0.2686966 0.2001448
v 0.0067870 0.2744895 0.1983312
v 0.0182664 0.2842713 0.1922558
v 0.0467876 0.2858410 0.1846918
v 0.0828210 0.2643371 0.1769291
v 0.1058816 0.2625164 0.1565773
v 0.1326743 0.1182715 0.2304246
v 0.1492243 0.1312459 0.1992808
v 0.1407759 0.1191809 0.2208236
v 0.1306745 0.1718084 0.1964738
v 0.1364672 0.1478920 0.2073346
v 0.1433663 0.1446630 0.1988405
v 0.1249522 0.1671661 0.2073133
v 0.1590459 0.1093639 0.1904051
v 0.1549729 0.1258440 0.1860085
v 0.1620107 0.0918499 0.1550060
v 0.1499427 0.1346723 0.1372899
v 0.1481590 0.1502406 0.1530904
v 0.1513914 0.1407389 0.1639908
v 0.1545830 0.1277189 0.1573098
v 0.1532681 0.1272275 0.1458499
v 0.1431681 0.1636998 0.1743451
v 0.1491655 0.1412706 0.1866995
v 0.1522902 0.1372441 0.1763343
v 0.1481898 0.1496855 0.1746725
v 0.1600505 0.0842591 0.1398158
v 0.1544799 0.1076199 0.1318505
v 0.1401903 0.0856105 0.0848460
v 0.1527957 0.0742782 0.1103799
v 0.1338724 0.1311852 0.0917890
v 0.1401449 0.1299140 0.1044935
v 0.1451447 0.1207441 0.1110205
v 0.1432086 0.1094127 0.1005792
v 0.1384901 0.1070569 0.0897980
v 0.1528070 0.1200760 0.1355858
v 0.1503599 0.1152651 0.1229050
v 0.1433693 0.1353634 0.1155905
v 0.1403001 0.0637404 0.0805142
v 0.1351479 0.0590254 0.0716976
v 0.1252550 0.0819014 0.0613944
v 0.1324017 0.0906074 0.0731709
v 0.1125017 0.0582365 0.0454490
v 0.1059591 0.0818454 0.0406462
v 0.1211488 0.0598255 0.0542673
v 0.0915161 0.1218543 0.0321415
v 0.1006022 0.1233260 0.0409815
v 0.1101377 0.1248492 0.0514281
v 0.1168859 0.1125300 0.0566773
v 0.1135323 0.1011538 0.0506235
v 0.1185517 0.1261581 0.0633673
v 0.1016327 0.0550621 0.0359006
v 0.0904956 0.0521289 0.0274718
v 0.0825546 0.0742028 0.0221046
v 0.0867418 0.0858735 0.0254980
v 0.0802580 0.0614600 0.0203219
v 0.0795136 0.0481262 0.0200025
v 0.0853754 0.0987077 0.0253447
v 0.0837372 0.1133432 0.0252624
v 0.1711388 0.0279979 0.2034092
v 0.1727607 0.0154433 0.1763068
v 0.1708677 0.0265029 0.1641708
v 0.1655592 0.0616400 0.1501030
v 0.1682185 0.0523062 0.1610560
v 0.1721833 0.0081045 0.1653234
v 0.1705411 0.0012979 0.1534687
v 0.1662504 0.0205545 0.1381232
v 0.1681957 0.0307997 0.1496187
v 0.1612353 -0.0110507 0.1190470
v 0.1572088 -0.0024566 0.1083317
v 0.1626522 0.0143638 0.1248429
v 0.1486496 0.0429036 0.0937352
v 0.1511505 0.0540158 0.1006173
v 0.1592794 0.0360827 0.1176669
v 0.1540047 0.0313379 0.1043493
v 0.1665694 0.0452941 0.1467329
v 0.1632253 0.0413725 0.1318268
v 0.1583967 0.0656378 0.1238641
v 0.1569026 -0.0159330 0.1082413
v 0.1528635 -0.0247779 0.1007103
v 0.1472428 -0.0214926 0.0907202
v 0.1443977 -0.0005943 0.0845997
v 0.1515170 0.0044515 0.0972070
v 0.1266633 -0.0089351 0.0622621
v 0.1360430 -0.0048626 0.0730428
v 0.1406889 -0.0262210 0.0811909
v 0.1173753 0.0358959 0.0498467
v 0.1271511 0.0395250 0.0605848
v 0.1322618 0.0174113 0.0668408
v 0.1221483 0.0135984 0.0555964
v 0.1480675 0.0267750 0.0914749
v 0.1407900 0.0217660 0.0789250
v 0.1352975 0.0442067 0.0709757
v 0.1203045 -0.0352076 0.0598597
v 0.0959072 -0.0198430 0.0369649
v 0.1159393 -0.0125637 0.0524497
v 0.0866079 -0.0170947 0.0294177
v 0.0761158 -0.0273238 0.0228031
v 0.0785949 0.0208805 0.0200089
v 0.0843804 -0.0015231 0.0257801
v 0.1058323 0.0322321 0.0396914
v 0.1112514 0.0101692 0.0455927
v 0.1017818 0.0068815 0.0381312
v 0.0915018 0.0269422 0.0286999
v 0.0462267 0.3301319 0.1565936
v 0.0706974 0.3294698 0.1443204
v 0.0490376 0.3097014 0.1693075
v 0.0608581 0.3125599 0.1615407
v 0.0001388 0.3211144 0.1723596
v 0.0215159 0.3129923 0.1755413
v 0.0452702 0.3498008 0.1400654
v 0.0172180 0.3842059 0.1127920
v 0.0458944 0.3604521 0.1286796
v 0.0343374 0.3687719 0.1254816
v 0.0586853 0.1237730 0.0094707
v 0.1113692 0.1387029 0.0570949
v 0.1430769 0.1571203 0.1309666
v 0.1199186 0.1650829 0.0813137
v 0.1213742 0.2015253 0.0986181
v 0.1373089 0.1779929 0.1744492
v 0.1418351 0.1717819 0.1613110
v 0.1396513 0.1800466 0.1462233
v 0.1360563 0.1935886 0.1509527
v 0.1328165 0.2008121 0.1594831
v 0.1442634 0.1631246 0.1468916
v 0.1334783 0.2050065 0.1456584
v 0.1196388 0.2372427 0.1572741
v 0.1229346 0.2237014 0.1629552
v 0.1269553 0.2281334 0.1476050
v 0.1177273 0.1896198 0.1990302
v 0.1212231 0.2056365 0.1816068
v 0.1145847 0.2018159 0.1934413
v 0.1294220 0.1822349 0.1895460
v 0.1166310 0.2193299 0.1765073
v 0.1096907 0.2148405 0.1886590
v 0.0846654 0.2046780 0.2147313
v 0.0843178 0.2187540 0.2063507
v 0.0137932 0.2048372 0.2335954
v 0.0135091 0.2200224 0.2257014
v 0.0690021 0.3412986 0.1346677
v 0.1133252 0.2634262 0.1426756
v 0.1101249 0.2773267 0.1350958
v 0.1012763 0.2835768 0.1471879
v 0.1200060 0.2533225 0.1350781
v 0.1194207 0.2539868 0.1191317
v 0.1279196 0.2306474 0.1310448
v 0.1215816 0.2219002 0.1048428
v 0.0574020 0.3614515 0.1201479
v 0.1191547 0.2324773 0.1153614
v 0.1089169 0.2192320 0.0961792
v 0.1215308 0.2151765 0.1130560
v 0.1283350 0.2381537 0.1229224
v 0.1424189 0.2634778 0.1196577
v 0.1194279 0.2583443 0.1183659
v 0.1175140 0.1578831 0.0130985
v 0.0618036 0.1081281 0.0103677
v 0.0497410 0.1113407 0.0025849
v 0.0583789 0.0463078 0.0055990
v 0.0567716 0.0644881 0.0047912
v 0.0696933 0.0709122 0.0134712
v 0.0169151 -0.0530759 0.0045198
v 0.0465207 -0.0351988 0.0042040
v 0.0628223 -0.0498642 0.0178291
v 0.0475297 -0.0720151 0.0204743
v 0.0303909 -0.0577460 0.0076330
v 0.0519585 -0.0466801 0.0107833
v 0.0596933 0.0072879 0.0069415
v 0.0675175 0.0225732 0.0121687
v 0.0659783 -0.0226020 0.0142153
v 0.0097716 -0.0048919 0.3309049
v 0.1772923 -0.0276274 0.2093033
v 0.1790683 -0.0470689 0.2244152
v 0.1751278 -0.0118261 0.1792284
v 0.1731042 0.0142829 0.2006350
v 0.1759727 -0.0135232 0.2029959
v 0.1764211 -0.0190327 0.1915653
v 0.1712597 0.0168392 0.2119721
v 0.1640650 -0.0357101 0.1262090
v 0.1719852 -0.0559521 0.1509148
v 0.1683706 -0.0449837 0.1395404
v 0.1732041 -0.0068128 0.1666457
v 0.1761061 -0.0257355 0.1782331
v 0.1745180 -0.0328533 0.1652670
v 0.1715093 -0.0127869 0.1544663
v 0.1495220 -0.1045926 0.1120134
v 0.1499160 -0.0806448 0.1047621
v 0.1373420 -0.0522220 0.0810039
v 0.1465015 -0.0463503 0.0928467
v 0.1535245 -0.0553866 0.1051924
v 0.1496112 -0.0674267 0.1012643
v 0.1421699 -0.0735524 0.0923215
v 0.1643490 -0.0517277 0.1279873
v 0.1597149 -0.0581071 0.1180722
v 0.1535515 -0.0393548 0.1033053
v 0.1583691 -0.0803407 0.1191997
v 0.0900636 -0.1412477 0.0791721
v 0.1008619 -0.1331066 0.0807228
v 0.1015049 -0.1206526 0.0744360
v 0.1100104 -0.1263449 0.0824515
v 0.0824451 -0.1186560 0.0627055
v 0.1168629 -0.1024080 0.0762171
v 0.1129968 -0.1153675 0.0793973
v 0.1203511 -0.1230756 0.0882699
v 0.1124126 -0.0776438 0.0630518
v 0.1325863 -0.0802393 0.0825443
v 0.1413384 -0.1115462 0.1040211
v 0.1310498 -0.1178437 0.0957026
v 0.1284606 -0.0966966 0.0839549
v 0.1397598 -0.0878571 0.0933079
v 0.0073647 -0.1248120 0.0464977
v 0.0089030 -0.0978676 0.0291698
v 0.0344904 -0.0993873 0.0336320
v 0.0323578 -0.1127878 0.0417590
v 0.0091292 -0.1113128 0.0380079
v 0.0461089 -0.1076273 0.0416672
v 0.0587861 -0.1021658 0.0426115
v 0.0485579 -0.0942841 0.0345708
v 0.0518174 -0.0833543 0.0287824
v 0.0806912 -0.1507888 0.0805921
v 0.0774109 -0.1394309 0.0727550
v 0.0650688 -0.1391871 0.0671295
v 0.0746890 -0.1280314 0.0646780
v 0.0571631 -0.1489968 0.0707533
v 0.0519435 -0.1399442 0.0633967
v 0.0617916 -0.1270909 0.0587333
v 0.0513442 -0.1263813 0.0548567
v 0.0713299 -0.2473795 0.1454114
v 0.0464586 -0.2527166 0.1437238
v 0.0483979 -0.2395194 0.1326523
v 0.0108356 -0.2589782 0.1453635
v 0.0105638 -0.2472144 0.1348329
v 0.0329000 -0.2549797 0.1436095
v 0.0091000 -0.2165501 0.1096643
v 0.0493894 -0.2274633 0.1229101
v 0.0485782 -0.1913670 0.0963816
v 0.0060753 -0.2057147 0.1013602
v 0.0069988 -0.1947915 0.0934480
v 0.0093462 -0.1835227 0.0855949
v 0.0223114 -0.1905082 0.0914121
v 0.0122175 -0.1586740 0.0688682
v 0.0341879 -0.1596036 0.0720575
v 0.0326789 -0.1724806 0.0805165
v -0.0018064 -0.1753629 0.0794930
v 0.0106373 -0.1714258 0.0773328
v 0.0729351 -0.1613154 0.0832935
v 0.0526660 -0.1720324 0.0841796
v 0.0578989 -0.1605255 0.0782861
v 0.1560195 -0.1274708 0.4014052
v 0.0903375 -0.3690721 0.3071794
v 0.1208871 -0.3370614 0.2907571
v 0.2210724 -0.1947784 0.2957964
v 0.2185250 -0.1845808 0.3056155
v -0.1279827 -0.2130886 0.1507683
v -0.1102826 -0.2283087 0.1484387
v -0.1873330 -0.2616947 0.2224691
v -0.1624771 -0.2741485 0.2115713
v -0.1661260 -0.2777424 0.2251586
v -0.1180991 -0.2340551 0.1591188
v -0.1234680 -0.2522343 0.1763959
v -0.0961563 -0.2822482 0.1914853
v -0.0932717 -0.2724375 0.1796695
v -0.0914893 -0.2519516 0.1584580
v -0.1030121 -0.2532891 0.1658627
v -0.0917966 -0.2624454 0.1684169
v -0.1342749 -0.2621948 0.1867691
v -0.1521626 -0.2741842 0.2045343
v -0.1437661 -0.2868200 0.2217674
v -0.1384837 -0.2739777 0.1990079
v -0.0973508 -0.2924396 0.2031751
v -0.1192226 -0.2913279 0.2130767
v -0.1770057 -0.2615349 0.1987726
v -0.1801304 -0.2485621 0.1749734
v -0.1897726 -0.2530851 0.1967433
v -0.0080379 -0.0594793 0.3570247
v -0.0234811 -0.0397196 0.3464027
v -0.0099383 -0.0462671 0.3504516
v -0.0775255 -0.0681546 0.3530523
v -0.0720474 -0.0788043 0.3601741
v -0.0570325 -0.0555018 0.3501525
v -0.0695988 -0.0557592 0.3477107
v -0.0444081 -0.0535076 0.3508576
v -0.0478972 -0.0684105 0.3581132
v -0.0088527 -0.0339340 0.3445124
v -0.1239773 -0.1247623 0.3994628
v -0.1437033 -0.1010457 0.3561221
v -0.1371084 -0.0905286 0.3462340
v -0.0823216 -0.0882098 0.3647075
v -0.0881092 -0.0786000 0.3564778
v -0.0974062 -0.0889130 0.3620696
v -0.1042552 -0.0994561 0.3695829
v -0.1129002 -0.0773057 0.3475357
v -0.1952777 -0.1300154 0.2943289
v -0.1826598 -0.1113586 0.3047954
v -0.1890647 -0.1152131 0.2845446
v -0.1674924 -0.1014518 0.3261435
v -0.2065129 -0.1513917 0.3037043
v -0.2073719 -0.1546726 0.2593270
v -0.2039757 -0.1435613 0.2559480
v -0.1984445 -0.1321715 0.2659023
v -0.2003922 -0.1330017 0.2497557
v -0.1940562 -0.1249109 0.2805215
v -0.1899826 -0.1098244 0.2602730
v -0.2109134 -0.1644623 0.2541200
v -0.2033793 -0.1412672 0.2115872
v -0.2036234 -0.1397209 0.2227893
v -0.1992075 -0.1273498 0.2256963
v -0.2120820 -0.1612649 0.2292735
v -0.1977741 -0.1247567 0.2400442
v -0.2079124 -0.1527245 0.2476997
v -0.1478819 -0.3047779 0.2653885
v -0.1515416 -0.2924090 0.2428248
v -0.1009788 -0.3253599 0.2531203
v -0.0833638 -0.3173372 0.2299648
v -0.0931631 -0.3207409 0.2405678
v -0.0857901 -0.3001521 0.2073482
v -0.1128842 -0.3072522 0.2335358
v -0.1231017 -0.2980878 0.2263061
v -0.0696580 -0.3239154 0.2328044
v -0.0045876 -0.3289957 0.2290357
v -0.0270027 -0.3249090 0.2246905
v -0.0144162 -0.3223490 0.2206829
v -0.0128794 -0.3132257 0.2084484
v -0.0761211 -0.2972147 0.1998809
v -0.0732251 -0.3054138 0.2090432
v -0.0514400 -0.3053072 0.2025757
v -0.0482202 -0.3802758 0.2940713
v -0.0550364 -0.3704483 0.2851247
v -0.0242619 -0.3752319 0.2813495
v -0.0148718 -0.3657005 0.2702664
v -0.0623274 -0.3767499 0.2965328
v -0.0693279 -0.3821141 0.3078402
v -0.0832555 -0.3511831 0.2769517
v -0.1105761 -0.3433265 0.2893173
v -0.0248638 -0.3583480 0.2635967
v -0.0273551 -0.3484124 0.2529971
v -0.0655383 -0.3357355 0.2468386
v -0.0593362 -0.3435255 0.2543496
v -0.0988387 -0.3353502 0.2664864
v -0.0712696 -0.3477871 0.2651515
v -0.0752032 -0.3402460 0.2575111
v -0.1120621 -0.3262738 0.2643853
v -0.1375421 -0.3268259 0.2933765
v -0.1245009 -0.3157874 0.2598096
v -0.0075545 -0.2983635 0.4292657
v -0.1559598 -0.1401717 0.4245398
v -0.2136625 -0.1717292 0.3004174
v -0.2163235 -0.1811300 0.2917046
v -0.2212062 -0.1951799 0.2959233
v -0.0535625 -0.2506879 0.4359429
v -0.0200475 -0.2433218 0.4274549
v -0.0122305 -0.2308347 0.4241650
v -0.0404576 -0.2259777 0.4292937
v -0.0430870 -0.1609919 0.4090749
v -0.0304214 -0.1599241 0.4050971
v -0.0502202 -0.1419851 0.3997931
v -0.0607692 -0.2370079 0.4385798
v -0.1011727 -0.3527436 0.3787175
v -0.0736793 -0.2893719 0.1898338
v -0.0519082 -0.2957879 0.1907294
v -0.0514997 -0.2854191 0.1785125
v -0.0723537 -0.2795912 0.1780236
v -0.0126568 -0.3042766 0.1960402
v -0.0121563 -0.2949170 0.1842245
v -0.0260362 -0.2890001 0.1780877
v -0.0264222 -0.2988461 0.1901142
v -0.0098360 -0.2621618 0.1483153
v -0.0103898 -0.2738065 0.1601535
v -0.0257935 -0.2664138 0.1535103
v -0.0256746 -0.2774641 0.1650970
v -0.0111053 -0.2847549 0.1720955
v -0.0805088 -0.2497663 0.1507002
v -0.0705459 -0.2571939 0.1542333
v -0.0713007 -0.2691819 0.1666212
v -0.0510375 -0.2745846 0.1664273
v -0.0501570 -0.2632990 0.1547246
v -0.0345336 -0.1115307 0.3812714
v -0.0642896 -0.0885527 0.3669188
v -0.0567045 -0.0802089 0.3632683
v -0.0536059 -0.1085448 0.3790765
v -0.0827391 -0.0557215 0.3444153
v -0.1052565 -0.0662320 0.3434302
v -0.0986282 -0.0420174 0.3321015
v -0.1795047 -0.0916394 0.2778442
v -0.1821290 -0.0879149 0.2622530
v -0.1925722 -0.1128134 0.2448764
v -0.1870485 -0.0928668 0.2386485
v -0.1746089 -0.0638349 0.2625198
v -0.1811008 -0.0712417 0.2426440
v -0.1947719 -0.1152810 0.2301982
v -0.1962144 -0.1346848 0.1996354
v -0.1941266 -0.1182335 0.2159219
v -0.1792694 -0.0757898 0.1784635
v -0.1820010 -0.1268276 0.1774529
v -0.1629044 -0.1159794 0.1372084
v -0.1593289 -0.1318408 0.1376105
v -0.1544240 -0.1464618 0.1379473
v -0.1376231 -0.1657198 0.1274810
v -0.1018908 -0.1456089 0.0880257
v -0.0990507 -0.1595911 0.0939830
v -0.1117090 -0.1556571 0.0988325
v -0.1246490 -0.1560290 0.1090394
v -0.1225461 -0.1455174 0.1018186
v -0.1461774 -0.1184723 0.1128913
v -0.0859389 -0.1625009 0.0894488
v -0.0917880 -0.1732526 0.0984486
v -0.0842178 -0.2380898 0.1417714
v -0.0885966 -0.2271769 0.1348941
v -0.0781738 -0.2213996 0.1258144
v -0.0743902 -0.1995029 0.1084684
v -0.0733334 -0.1357417 0.4018169
v -0.1009521 -0.1169942 0.3877078
v -0.1078132 -0.1247609 0.3978217
v -0.0919346 -0.1252895 0.3959922
v -0.0889938 -0.0983615 0.3706390
v -0.0947295 -0.1080011 0.3787872
v -0.2191406 0.1291364 0.1380790
v -0.3021913 0.1322596 0.0199186
v -0.1438443 0.4389672 0.0550752
v -0.1034998 0.4208641 0.0434766
v -0.2474536 0.0543778 0.0497026
v -0.1112075 0.3949811 0.0629963
v -0.1829536 0.3983700 0.0700399
v -0.2232366 0.3087205 0.0199456
v -0.2066683 0.0840195 0.1166428
v -0.2178335 0.0867445 0.1274016
v -0.2316367 0.0676340 0.1235193
v -0.2647029 0.0303482 0.0972732
v -0.2413554 0.0438304 0.1040558
v -0.2656647 0.2194515 0.0588772
v -0.2807215 0.1982960 0.0656814
v -0.2759126 0.1927581 0.0585844
v -0.2970874 0.1557551 0.0694179
v -0.2815733 0.1769471 0.0587308
v -0.2789873 0.2097763 0.0399240
v -0.2821711 0.1960271 0.0451331
v -0.2691059 0.2244962 0.0227222
v -0.2894007 0.1839732 0.0353079
v -0.2606983 0.2262957 0.0129704
v -0.2813947 0.1796405 0.0141737
v -0.2409951 0.2827212 0.1319133
v -0.2430204 0.2686327 0.1368120
v -0.2590280 0.2345306 0.0592676
v -0.2675242 0.2306260 0.0473499
v -0.2555798 0.2550803 0.0499650
v -0.2394272 0.2940483 0.0350747
v -0.2515328 0.2709546 0.0348772
v -0.2678494 0.2358667 0.0325454
v -0.2584375 0.2580264 0.0394282
v -0.2617523 0.2375747 0.0208706
v -0.2543789 0.2589132 0.0263326
v -0.2266304 0.2856614 0.0094286
v -0.2264612 0.2975456 0.0158359
v -0.2336352 0.2759410 0.0112037
v -0.2527866 0.2402028 0.0117967
v -0.2476559 0.2549611 0.0142139
v -0.2214523 0.0832520 0.0383814
v -0.2107886 0.0766266 0.0459335
v -0.1774866 0.1599844 0.1305556
v -0.1792618 0.1436388 0.1279743
v -0.2054057 0.1351359 0.1360131
v -0.2015674 0.1643785 0.1341517
v -0.1914422 0.1541807 0.1325227
v -0.1854715 0.1218154 0.1240024
v -0.1625929 0.1050789 0.0902899
v -0.1818473 0.1011337 0.1080737
v -0.1958894 0.0826702 0.1044842
v -0.1866005 0.0821888 0.0920608
v -0.1980694 0.1038581 0.1230573
v -0.1741763 0.1889643 0.1292787
v -0.1958646 0.1943906 0.1340487
v -0.1559198 0.2845138 0.1162053
v -0.1611361 0.2417529 0.1156798
v -0.1740541 0.2339526 0.1260464
v -0.1617842 0.2585214 0.1185766
v -0.2593207 0.0275229 0.0840577
v -0.2411408 0.0382194 0.0917498
v -0.2696106 0.0284860 0.0728775
v -0.2884802 0.1953913 0.0746039
v -0.2905765 0.1922102 0.0866125
v -0.2815045 0.2169651 0.0817492
v -0.2937160 0.1816552 0.0769908
v -0.2915967 0.1718088 0.0675330
v -0.2776987 0.2225683 0.0739608
v -0.2718920 0.2383698 0.0771258
v -0.2764506 0.2300019 0.0874307
v -0.2645322 0.2555174 0.0789255
v -0.1522546 0.2609799 0.1114831
v -0.1537354 0.1100546 0.0822035
v -0.1657829 0.1390610 0.1190949
v -0.1467642 0.1398870 0.1045378
v -0.1392093 0.1983923 0.1239147
v -0.1379604 0.1763771 0.1155473
v -0.1611302 0.1805580 0.1305764
v -0.1411486 0.2434820 0.1255447
v -0.1501833 0.2496306 0.1207725
v -0.1500328 0.2180379 0.1288627
v -0.1608659 0.2105278 0.1284407
v -0.1492370 0.2031518 0.1295195
v -0.0116654 0.2574648 0.2066800
v -0.0167760 0.2685361 0.2006621
v -0.0025644 0.2666925 0.2024303
v -0.0219964 0.2802244 0.1940604
v -0.0112799 0.2885516 0.1907123
v -0.0118941 0.3014877 0.1835083
v -0.0500972 0.2825662 0.1852546
v -0.0761443 0.2643290 0.1818051
v -0.1100335 0.2592413 0.1537478
v -0.1360604 0.1167562 0.2279453
v -0.1496938 0.1337559 0.1961653
v -0.1442966 0.1166349 0.2178862
v -0.1366819 0.1645050 0.1927524
v -0.1284959 0.1658913 0.2039934
v -0.1354205 0.1541945 0.2040412
v -0.1447810 0.1496742 0.1907584
v -0.1195571 0.1737814 0.2080919
v -0.1589924 0.1120010 0.1878210
v -0.1503832 0.1398530 0.1475312
v -0.1498900 0.1457200 0.1617780
v -0.1538452 0.1309782 0.1605361
v -0.1514969 0.1282517 0.1375536
v -0.1540800 0.1259759 0.1491814
v -0.1426553 0.1626135 0.1784642
v -0.1504155 0.1395791 0.1837944
v -0.1527729 0.1361260 0.1732585
v -0.1481744 0.1497421 0.1745730
v -0.1525459 0.0820409 0.1127675
v -0.1570100 0.0805703 0.1264532
v -0.1533460 0.0943206 0.1208009
v -0.1439540 0.0739162 0.0890929
v -0.1392182 0.0886311 0.0839926
v -0.1483211 0.0963744 0.1076393
v -0.1418223 0.1303255 0.1084192
v -0.1445111 0.1103513 0.1041947
v -0.1384951 0.1131240 0.0924972
v -0.1470654 0.1406475 0.1317895
v -0.1513131 0.1180592 0.1277167
v -0.1461900 0.1199131 0.1135323
v -0.1395582 0.0652864 0.0795187
v -0.1325421 0.0627012 0.0685625
v -0.1126374 0.0581427 0.0455731
v -0.1084000 0.0802950 0.0427880
v -0.1179117 0.0805313 0.0523849
v -0.1223620 0.0640477 0.0558807
v -0.1010468 0.1281752 0.0422719
v -0.1167950 0.1165523 0.0575331
v -0.1104686 0.1271719 0.0524316
v -0.1139307 0.1040908 0.0516653
v -0.0971107 0.1065732 0.0349827
v -0.1055660 0.1017700 0.0421145
v -0.1287279 0.1297387 0.0813346
v -0.1237656 0.1051657 0.0641901
v -0.1190180 0.1285078 0.0648495
v -0.1023459 0.0557320 0.0364875
v -0.0923042 0.0525216 0.0287901
v -0.0879356 0.0750023 0.0259990
v -0.0981115 0.0778753 0.0337676
v -0.0781461 0.0708562 0.0190157
v -0.0811469 0.0475254 0.0210804
v -0.0642643 0.0543191 0.0096821
v -0.0624551 0.1103214 0.0108927
v -0.0946599 0.1203055 0.0344499
v -0.0884015 0.0991652 0.0275251
v -0.0800643 0.0879524 0.0208729
v -0.1705781 0.0337750 0.2019960
v -0.1717113 0.0195763 0.1669364
v -0.1734125 0.0161990 0.1854467
v -0.1703653 0.0363917 0.1670673
v -0.1722568 0.0274939 0.1916917
v -0.1688989 0.0582396 0.1757076
v -0.1670789 0.0549075 0.1538999
v -0.1688750 0.0513129 0.1660124
v -0.1712755 0.0038983 0.1572732
v -0.1679327 0.0047384 0.1421788
v -0.1690398 0.0311353 0.1549072
v -0.1657557 -0.0051804 0.1326900
v -0.1573576 0.0102117 0.1096322
v -0.1517771 0.0499881 0.1013506
v -0.1601887 0.0423025 0.1214861
v -0.1562920 0.0545543 0.1133964
v -0.1473930 0.0276319 0.0902970
v -0.1645129 0.0676667 0.1485725
v -0.1667518 0.0430727 0.1465974
v -0.1636813 0.0425546 0.1338733
v -0.1556651 -0.0171368 0.1056444
v -0.1486095 -0.0221188 0.0931494
v -0.1442031 -0.0004652 0.0842912
v -0.1512749 0.0045626 0.0967272
v -0.1318162 -0.0312579 0.0712315
v -0.1268292 -0.0089894 0.0624461
v -0.1360632 -0.0048412 0.0730669
v -0.1410036 -0.0266077 0.0816541
v -0.1162248 0.0356978 0.0487332
v -0.1265871 0.0396266 0.0599458
v -0.1321785 0.0175533 0.0667308
v -0.1220756 0.0138148 0.0555085
v -0.1400762 0.0517501 0.0787242
v -0.1405724 0.0220305 0.0785985
v -0.1040508 -0.0159766 0.0427671
v -0.1160412 -0.0131263 0.0526230
v -0.0791957 -0.0213238 0.0243117
v -0.0910151 -0.0185097 0.0330191
v -0.0807096 0.0176797 0.0216186
v -0.0880586 0.0051650 0.0277818
v -0.0688053 0.0106979 0.0133034
v -0.0767496 0.0024020 0.0198554
v -0.1034632 0.0336787 0.0376799
v -0.1108840 0.0104946 0.0452436
v -0.0994428 0.0074357 0.0362591
v -0.0548125 0.3441225 0.1405937
v -0.0587754 0.3333039 0.1480272
v -0.0460134 0.3296896 0.1570388
v -0.0730034 0.3317321 0.1411654
v -0.0518134 0.3084099 0.1688547
v -0.0624112 0.3116987 0.1612915
v -0.0002646 0.3503578 0.1513188
v -0.0124761 0.3433169 0.1560839
v -0.0116947 0.3298422 0.1660321
v 0.0018551 0.3360352 0.1622078
v -0.0452611 0.3507622 0.1391567
v -0.0079827 0.3940535 0.1005954
v -0.0099492 0.3780173 0.1230717
v -0.0196335 0.3822126 0.1147288
v -0.0465598 0.3607249 0.1279904
v -0.0420144 0.3764958 0.1111866
v -0.0357855 0.3697332 0.1237679
v -0.0232041 0.3894073 0.1029093
v -0.0777355 0.1427491 0.0236656
v -0.1228296 0.1858515 0.0955566
v -0.1210918 0.2012223 0.0979701
v -0.1412136 0.1749783 0.1543570
v -0.1400504 0.1747643 0.1692654
v -0.1364312 0.1883997 0.1614758
v -0.1298290 0.1980266 0.1727437
v -0.1441186 0.1636255 0.1466399
v -0.1405055 0.1744567 0.1394082
v -0.1379842 0.1863318 0.1456773
v -0.1197023 0.2357803 0.1585689
v -0.1266653 0.2295025 0.1469400
v -0.1287641 0.2165309 0.1550627
v -0.1328687 0.2071691 0.1460142
v -0.1189428 0.1871228 0.1995158
v -0.1278838 0.1769137 0.1960905
v -0.1104577 0.2389863 0.1690200
v -0.1121557 0.2157419 0.1851684
v -0.1249788 0.2128853 0.1685860
v -0.0861368 0.2003682 0.2164444
v -0.0804705 0.2205772 0.2075247
v -0.0299870 0.1863816 0.2415518
v -0.0232845 0.2229646 0.2234849
v -0.0238684 0.2374706 0.2158932
v -0.1172112 0.2539535 0.1447525
v -0.1102773 0.2764225 0.1358186
v -0.1011784 0.2841499 0.1468963
v -0.1272886 0.2317676 0.1285580
v -0.1249303 0.2258519 0.1141992
v -0.0584406 0.3609614 0.1200207
v -0.2120581 0.0908031 0.0280260
v -0.1113683 0.2362598 0.1073921
v -0.1216498 0.2346469 0.1182196
v -0.1127102 0.2196668 0.1029925
v -0.1240147 0.1959297 0.1087003
v -0.1213041 0.2110598 0.1112713
v -0.1438498 0.2640296 0.1186184
v -0.1238775 0.2589076 0.1204797
v -0.1196910 0.1556790 0.0165284
v -0.0533846 0.1006000 0.0043604
v -0.0553080 0.0452146 0.0033523
v -0.0477196 -0.0366811 0.0048789
v -0.0612266 -0.0554878 0.0191662
v -0.0523213 -0.0704226 0.0215951
v -0.0338563 -0.0606402 0.0100233
v -0.0515712 -0.0488327 0.0114087
v -0.0687558 0.0247604 0.0130053
v -0.0573707 0.0064089 0.0052411
v -0.0596089 0.1247190 0.0101262
v -0.0071470 -0.0076468 0.3321381
v -0.1787400 -0.0450675 0.2245455
v -0.1751894 -0.0036037 0.1948252
v -0.1736818 0.0085706 0.1983464
v -0.1759062 -0.0133533 0.2038975
v -0.1763289 -0.0183163 0.1910766
v -0.1720915 0.0130214 0.2100876
v -0.1756719 -0.0737723 0.1635313
v -0.1725645 -0.0527532 0.1531684
v -0.1644974 -0.0275409 0.1276354
v -0.1716200 -0.0231861 0.1524974
v -0.1671860 -0.0186526 0.1366288
v -0.1719404 -0.0395970 0.1519701
v -0.1647105 -0.0426029 0.1282480
v -0.1687666 -0.0514108 0.1404883
v -0.1728853 -0.0093233 0.1626079
v -0.1760490 -0.0252657 0.1780822
v -0.1742640 -0.0196612 0.1676698
v -0.1744387 -0.0322482 0.1650223
v -0.1451528 -0.1033257 0.1054645
v -0.1457532 -0.0903438 0.1019329
v -0.1570565 -0.0811789 0.1171718
v -0.1357481 -0.0530138 0.0792807
v -0.1515973 -0.0491186 0.1009346
v -0.1436490 -0.0474566 0.0886347
v -0.1513659 -0.0639540 0.1033581
v -0.1430939 -0.0706993 0.0928466
v -0.1602935 -0.0294662 0.1167640
v -0.1549118 -0.0330805 0.1051061
v -0.1629082 -0.0590991 0.1248945
v -0.1568203 -0.0576425 0.1121998
v -0.1666561 -0.0846319 0.1373484
v -0.1624611 -0.0753780 0.1264590
v -0.1674915 -0.0689917 0.1379420
v -0.0896738 -0.1417361 0.0792434
v -0.0994285 -0.1334162 0.0800992
v -0.1110064 -0.1209025 0.0806028
v -0.0960834 -0.1216338 0.0719123
v -0.1159307 -0.1026797 0.0756796
v -0.1054742 -0.1122499 0.0727712
v -0.1200476 -0.1248190 0.0889057
v -0.1142149 -0.0887389 0.0684346
v -0.1393206 -0.1155231 0.1031179
v -0.1310496 -0.1200995 0.0966928
v -0.1279200 -0.0987785 0.0842923
v -0.1379388 -0.0949353 0.0937461
v -0.0126606 -0.1418471 0.0577770
v -0.0120348 -0.1219493 0.0450173
v -0.0296656 -0.1380308 0.0572611
v -0.0029936 -0.1044429 0.0331359
v -0.0282808 -0.0928749 0.0282880
v -0.0358994 -0.1136627 0.0429196
v -0.0129480 -0.1107340 0.0378674
v -0.0488694 -0.1097117 0.0437800
v -0.0523711 -0.0962284 0.0371167
v -0.0571517 -0.0823850 0.0303599
v -0.0802745 -0.1514544 0.0807936
v -0.0769473 -0.1397576 0.0727448
v -0.0716459 -0.1263326 0.0622374
v -0.0648649 -0.1393730 0.0671756
v -0.0549574 -0.1495599 0.0704947
v -0.0534557 -0.1394284 0.0635415
v -0.0580854 -0.1294245 0.0590026
v -0.0466112 -0.1225223 0.0509738
v -0.0599740 -0.1181127 0.0524263
v -0.0839282 -0.1181534 0.0631408
v -0.0706239 -0.2438069 0.1419836
v -0.0672594 -0.2322919 0.1311354
v -0.0396581 -0.2515989 0.1412934
v -0.0135887 -0.2426807 0.1309513
v -0.0086690 -0.2516472 0.1386319
v -0.0300170 -0.2570466 0.1451787
v -0.0035005 -0.2336498 0.1229604
v -0.0479936 -0.2235017 0.1194652
v -0.0493216 -0.1899438 0.0955755
v -0.0079658 -0.1996916 0.0970291
v -0.0047697 -0.1871961 0.0879444
v -0.0167088 -0.1895609 0.0902971
v -0.0276999 -0.1856378 0.0886523
v -0.0113552 -0.1553049 0.0665900
v -0.0112647 -0.1662509 0.0738739
v -0.0454488 -0.1573942 0.0729026
v -0.0331841 -0.1593810 0.0717475
v -0.0308032 -0.1724827 0.0802187
v -0.0166484 -0.1775821 0.0818971
v -0.0716973 -0.1634883 0.0842481
v -0.0659882 -0.1749779 0.0898306
v -0.0528069 -0.1773186 0.0876712
v -0.1571734 -0.1271234 0.4004562
v -0.2250638 -0.2098472 0.2987726
v -0.0945963 -0.3697549 0.3130479
v -0.2177548 -0.1752036 0.3143627
v -0.0944266 -0.0790003 0.0504404
v 0.4356337 -0.3664329 0.0006106
v 0.4844051 -0.2503551 0.0006106
v 0.4522726 -0.2484558 0.0006106
v 0.4685365 -0.2453540 0.0006106
v 0.2161477 0.2155244 0.0006106
v 0.4236955 -0.3695867 0.0006106
v 0.2654037 -0.3247498 0.0006106
v 0.2652338 0.1311180 0.0006106
v 0.2791431 -0.3142804 0.0006106
v 0.3911717 -0.2613034 0.0006106
v 0.3973342 -0.2518427 0.0006106
v 0.3819681 -0.3247935 0.0006106
v 0.3366932 -0.0437867 0.0006106
v 0.3072143 -0.2538836 0.0006106
v 0.3260831 -0.2417392 0.0006106
v 0.3492556 -0.2335536 0.0006106
v 0.3302397 -0.2678757 0.0006106
v 0.4008988 -0.3632630 0.0006106
v 0.3706311 -0.2692217 0.0004592
v 0.4207102 -0.2508374 0.0006106
v 0.4338993 0.0115768 0.0006106
v 0.4220763 0.0216896 0.0006106
v 0.2804397 0.1017374 0.0006106
v 0.2235165 0.1638065 0.0006106
v 0.2435868 0.1448755 0.0006106
v 0.2337092 0.1687994 0.0006106
v 0.2832716 0.0601764 0.0006106
v 0.2848250 0.0414419 0.0006106
v 0.2757177 0.1268175 0.0006106
v 0.2987160 0.0374343 0.0006106
v 0.1318633 0.3257999 0.0006106
v 0.1931152 0.1982191 0.0006106
v 0.2024289 0.2210744 0.0006106
v 0.3114805 0.0409931 0.0006106
v 0.3820062 -0.0914107 0.0006106
v 0.3553485 -0.0653521 0.0006106
v 0.3665145 0.0129873 0.0006106
v 0.2444623 -0.0633728 0.0006106
v 0.0767993 0.2921096 0.0006106
v 0.1613133 0.3075998 0.0006106
v 0.2111680 0.2361815 0.0006106
v 0.2545011 0.1356755 0.0006106
v 0.2386559 0.2018885 0.0006106
v 0.1800741 0.2031651 0.0006106
v 0.1885744 0.2562765 0.0006106
v 0.1881013 0.2418168 0.0006106
v 0.0200047 0.2042252 0.0006106
v 0.1309155 0.2835122 0.0006106
v 0.1650407 0.2050836 0.0006106
v 0.1535946 0.2453972 0.0006106
v 0.1462076 0.2706623 0.0006106
v 0.0430980 0.2838165 0.0006106
v 0.0483917 0.2953353 0.0006106
v 0.0522831 0.3065901 0.0006106
v 0.0503287 0.2725988 0.0006106
v 0.0113992 0.1740577 0.0006106
v 0.0506094 0.0351583 0.0010215
v 0.0764267 0.2762328 0.0006106
v 0.0146358 0.1944123 0.0006106
v 0.0278960 0.1941141 0.0006106
v 0.0389484 0.3063264 0.0006106
v 0.0642604 0.3010066 0.0006106
v 0.0615194 0.2841355 0.0006106
v 0.0892288 0.2963952 0.0006106
v 0.1111706 0.2356784 0.0006106
v -0.4071936 -0.3680988 0.0006106
v -0.4893102 -0.2500845 0.0006106
v -0.4777900 -0.2522894 0.0006106
v -0.4303000 -0.2468339 0.0006106
v -0.4545602 -0.2489346 0.0006106
v -0.3757191 -0.2635964 0.0006106
v -0.3832231 -0.2875479 0.0006106
v -0.2856816 -0.3275486 0.0006106
v -0.3389954 -0.2304554 0.0006106
v -0.3324569 -0.2423656 0.0006106
v -0.3643114 -0.2527754 0.0006106
v -0.3220166 0.0123454 0.0006106
v -0.3503343 -0.2428929 0.0006106
v -0.3233018 -0.2306476 0.0006106
v -0.3155414 -0.2439444 0.0006106
v -0.3954158 -0.0959112 0.0006106
v -0.2213829 0.1936597 0.0006106
v -0.3745260 -0.0984242 0.0006106
v -0.3974004 0.0183143 0.0006106
v -0.4125816 0.0153286 0.0006106
v -0.2308667 0.1800375 0.0006106
v -0.2389699 -0.0659436 0.0006106
v -0.1293013 0.2956919 0.0006106
v -0.0856762 0.2812102 0.0006106
v -0.3846597 -0.0909813 0.0006106
v -0.3384550 -0.0464146 0.0006106
v -0.2503562 -0.0550422 0.0006106
v -0.3269085 -0.0010984 0.0006106
v -0.2710042 -0.0430827 0.0006106
v -0.3722985 -0.0831848 0.0006106
v -0.2883897 0.0380397 0.0006106
v -0.2669548 0.1381870 0.0006106
v -0.2521895 0.1419201 0.0006106
v -0.2102418 0.1975925 0.0006106
v -0.2062682 0.2093119 0.0006106
v -0.2465433 0.1731422 0.0006106
v -0.1899032 0.2337387 0.0006106
v -0.1843003 0.2192349 0.0006106
v -0.1688648 0.2402914 0.0006106
v -0.0750017 0.2852698 0.0006106
v -0.0682546 0.2958121 0.0006106
v -0.1376602 0.2876777 0.0006106
v -0.1452607 0.2734548 0.0006106
v -0.0484111 0.2694186 0.0006106
v -0.0150004 0.1592594 0.0006106
v -0.0144587 0.1740847 0.0006106
v -0.0046064 0.1825540 0.0006106
v -0.0399289 0.1730813 0.0012223
v -0.0298740 0.1998906 0.0006106
v -0.0270887 0.1520063 0.0006106
v -0.0921930 0.2695653 0.0006106
v -0.0578118 0.3050980 0.0006106
v -0.0581158 0.2834741 0.0006106
v -0.0963957 0.2564817 0.0006106
v 0.4398808 -0.2393983 0.0006106
v 0.2550843 -0.3199700 0.0006106
v 0.4097814 -0.2436535 0.0006106
v 0.3150044 -0.2676409 0.0006106
v 0.3864084 -0.3092067 0.0006106
v 0.3935625 -0.0973427 0.0006106
v 0.2284009 -0.0655176 0.0006106
v 0.3442039 -0.0721785 0.0006106
v 0.2704589 -0.0383848 0.0006106
v 0.3721158 -0.0861149 0.0006106
v 0.1195146 0.2622108 0.0006106
v 0.0340888 0.0574538 0.0006106
v 0.0253926 0.1504032 0.0006106
v -0.4332910 -0.3694383 0.0006106
v -0.4687965 -0.2435246 0.0006106
v -0.4196652 -0.3688665 0.0006106
v -0.2562702 -0.3315937 0.0006106
v -0.2713398 -0.3279561 0.0006106
v -0.3895571 -0.3068624 0.0006106
v -0.4068443 -0.2441015 0.0006106
v -0.2919475 -0.2968213 0.0006106
v -0.4363070 0.0175733 0.0006106
v -0.1987161 0.2208908 0.0006106
v -0.3525768 -0.0455158 0.0006106
v -0.1560102 0.2634348 0.0006106
v -0.1500881 0.2890234 0.0006106
v -0.0419736 0.0530755 0.0006106
v -0.0167898 0.2003270 0.0006106
v -0.0337360 0.0839356 0.0006106
v -0.0384236 0.1016018 0.0006106
v -0.1217976 0.2493435 0.0006106
v -0.1087038 0.2529494 0.0006106
v 0.2171698 0.2980027 0.0068489
v -0.2756287 0.1733143 0.0068444
v -0.2188550 0.2957914 0.0072994
v -0.2386821 0.2588551 0.0080000
v -0.0576113 0.0300642 0.0048473
v 0.1633651 -0.1732236 0.1606749
v 0.1022468 -0.2531075 0.1651394
v 0.3993953 -0.2464542 0.0292581
v 0.4400868 -0.3859760 0.0139904
v 0.3205171 -0.1958180 0.0734006
v 0.3985459 -0.2894164 0.0097442
v 0.3898211 -0.2140829 0.0267503
v 0.4466808 -0.2661204 0.0249131
v 0.4108644 -0.2563186 0.0246285
v 0.4124317 -0.2408487 0.0292685
v 0.3614870 -0.3161794 0.0177489
v 0.2405221 -0.3330593 0.0139934
v 0.1664584 -0.1813374 0.1514487
v 0.1741632 -0.2574016 0.1869237
v 0.2168826 -0.2241591 0.1872040
v 0.2829352 -0.1052840 0.0922590
v 0.2819028 -0.1005321 0.1081042
v 0.0577307 -0.0254051 0.3347917
v 0.0711014 -0.0231113 0.3309092
v 0.0478149 -0.0156577 0.3320023
v 0.1758156 -0.1144517 0.3429957
v 0.1316112 -0.0771593 0.3373807
v 0.1954601 -0.1312308 0.3371214
v 0.2059326 -0.1498429 0.3051436
v 0.1603323 -0.0873640 0.3179424
v 0.1522842 -0.0788397 0.3194520
v 0.1629305 -0.0972537 0.3268973
v 0.1594141 -0.2875247 0.2417005
v 0.1183775 -0.3080889 0.2396759
v 0.1063446 -0.2991260 0.2166250
v 0.0490191 -0.3284464 0.2327338
v 0.0215864 -0.3798350 0.2860343
v 0.0631774 -0.3505011 0.2645556
v 0.0716473 -0.3293414 0.2410471
v 0.0912392 -0.3381059 0.2642138
v 0.0320625 -0.2588763 0.4304797
v 0.0446494 -0.2681116 0.4325212
v 0.0187970 -0.2688720 0.4293510
v 0.0124143 -0.2836732 0.4292272
v 0.2157160 -0.1626481 0.3268118
v 0.2017714 -0.1373925 0.3462457
v 0.2264985 -0.2187652 0.3038283
v 0.0071393 -0.2449614 0.4263783
v 0.0372463 -0.2179547 0.4270847
v 0.0318042 -0.2000078 0.4212471
v 0.0070737 -0.1914913 0.4137785
v 0.0055372 -0.2061920 0.4181948
v 0.0156420 -0.1677896 0.4065006
v 0.0025435 -0.1621930 0.4033574
v 0.0050115 -0.1766639 0.4086137
v 0.0536769 -0.1536930 0.4084786
v 0.0289157 -0.1353680 0.3932055
v 0.1192397 -0.1680713 0.4511195
v 0.1156262 -0.1484230 0.4297042
v 0.1029495 -0.1502344 0.4275966
v 0.0784183 -0.2420694 0.4505131
v 0.0755552 -0.1793197 0.4368887
v 0.0778393 -0.3939323 0.3325469
v 0.0440751 -0.3209636 0.4288711
v 0.0862703 -0.3326961 0.4065568
v 0.0037955 -0.1172813 0.3851896
v 0.0388014 -0.0837880 0.3666452
v 0.0564692 -0.0878589 0.3674402
v 0.0097887 -0.0782244 0.3661761
v 0.0089892 -0.0908970 0.3724994
v 0.1165953 -0.0570833 0.3326999
v 0.0816305 -0.0349764 0.3338444
v 0.1292156 -0.0659007 0.3309087
v 0.1280871 -0.0536685 0.3243120
v 0.1271595 -0.0323684 0.3133555
v 0.1050957 -0.0318899 0.3247388
v 0.1155413 -0.0327589 0.3202062
v 0.1168752 -0.0216103 0.3141672
v 0.0831479 -0.0225576 0.3275864
v 0.0939851 -0.0282102 0.3268563
v 0.1493275 -0.0675748 0.3142701
v 0.1571677 -0.0619156 0.2999074
v 0.1704910 -0.0686169 0.2791006
v 0.1647118 -0.0625317 0.2869308
v 0.1601972 -0.0416930 0.2810016
v 0.1646803 -0.0383790 0.2697520
v 0.1439709 -0.0381149 0.3023223
v 0.1415051 -0.0269031 0.2987396
v 0.1827377 -0.0667813 0.2156419
v 0.1810856 -0.0605134 0.2252594
v 0.1736758 -0.0441708 0.2479442
v 0.1879034 -0.0964627 0.2393061
v 0.1822314 -0.0998654 0.1842097
v 0.1826753 -0.0886342 0.1900959
v 0.1822576 -0.0672879 0.2026999
v 0.1870874 -0.0952396 0.2135890
v 0.1962612 -0.1367713 0.1984571
v 0.1810625 -0.1161337 0.1773708
v 0.1438865 -0.1692324 0.1368939
v 0.1314467 -0.1556309 0.1149767
v 0.0901451 -0.1905636 0.1082789
v 0.1057224 -0.1867064 0.1133847
v 0.0745297 -0.1922400 0.1035793
v 0.1174029 -0.1867331 0.1217842
v 0.0706536 -0.2075097 0.1129046
v 0.0782662 -0.1475539 0.4142874
v 0.0626127 -0.1120632 0.3814303
v 0.3691876 -0.0859309 0.0420883
v 0.3866777 -0.1062626 0.0381197
v 0.3385616 -0.0938522 0.0295628
v 0.2154758 -0.0680007 0.0078508
v 0.2806388 -0.0502572 0.0259445
v 0.3056087 -0.0303457 0.0145101
v 0.2967893 0.1571946 0.0266871
v 0.1651702 0.3320634 0.1261284
v 0.1793618 0.4047110 0.0453785
v 0.2032512 0.3551364 0.0481926
v 0.1725278 0.4044268 0.0293787
v 0.1066872 0.4163035 0.0618685
v 0.1656125 0.4249355 0.0716107
v 0.1564778 0.4328416 0.0694652
v 0.1463359 0.4349900 0.0798753
v 0.1307953 0.4404887 0.0656583
v 0.1166916 0.4065060 0.0800589
v 0.1371967 0.4326871 0.0894593
v 0.1794238 0.4066603 0.0828983
v 0.2174044 0.3322759 0.0419945
v 0.1644339 0.3168902 0.1258577
v 0.2830533 0.1660402 0.0108072
v 0.2676322 0.2303703 0.0473468
v 0.2367054 0.2897874 0.0544595
v 0.1751349 0.0971754 0.0487809
v 0.2001005 0.0884921 0.0429811
v 0.1790442 0.1745432 0.1311737
v 0.1735211 0.2533711 0.1277072
v 0.1633282 0.1015493 0.0541250
v 0.1693609 0.0918212 0.0612277
v 0.1984248 0.0675119 0.0841146
v 0.2198994 0.0483116 0.0806264
v 0.2118038 0.0614237 0.0571902
v 0.2799838 0.0246431 0.0907994
v 0.2725059 0.0266921 0.0768846
v 0.2923565 0.0285682 0.0999082
v 0.2951675 0.0516332 0.0566697
v 0.3067007 0.0744870 0.0609365
v 0.2497865 0.2800487 0.0737643
v 0.2583143 0.2538783 0.0678555
v 0.2257069 0.3323267 0.0915964
v 0.1597428 0.1003537 0.0667796
v 0.1576425 0.1540238 0.1207808
v 0.1074258 0.2776338 0.1040256
v 0.0438870 0.2491591 0.2061497
v 0.0644356 0.2592770 0.1923829
v 0.0995826 0.2495569 0.1728525
v 0.0140673 0.1316240 0.2703020
v 0.0067071 0.1430362 0.2649468
v 0.0007397 0.1281929 0.2720681
v 0.0271030 0.1350177 0.2675743
v 0.0212651 0.1204664 0.2750046
v 0.0495008 0.1253775 0.2687578
v 0.0400850 0.1371706 0.2648129
v 0.0517857 0.1359164 0.2630835
v 0.0350409 0.1774722 0.2453114
v 0.0386800 0.1636466 0.2518022
v 0.0488409 0.1739955 0.2442766
v 0.0144178 0.1696182 0.2516097
v 0.0063732 0.1787594 0.2472704
v 0.0237849 0.1596546 0.2558348
v 0.0109760 0.1570192 0.2580071
v 0.0833491 0.1344120 0.2535506
v 0.0717723 0.1314252 0.2596265
v 0.0792720 0.1210846 0.2618034
v 0.1107535 0.1144949 0.2498323
v 0.0947221 0.1369167 0.2468464
v 0.1054070 0.1383731 0.2399576
v 0.0999561 0.1695693 0.2255758
v 0.0887972 0.1677951 0.2326945
v 0.0898392 0.1803022 0.2253943
v 0.0641119 0.1735121 0.2401943
v 0.0757383 0.1551317 0.2454770
v 0.0665096 0.1615151 0.2456912
v 0.1197893 0.1384073 0.2299935
v 0.1616872 0.1013417 0.1825388
v 0.1566716 0.0786183 0.1244423
v 0.1265839 0.1278369 0.0766811
v 0.1377353 0.1407624 0.1048895
v 0.1456048 0.1423249 0.1278324
v 0.1433885 0.0720850 0.0873949
v 0.1271565 0.0667932 0.0616742
v 0.0152217 0.0666806 0.2995673
v 0.0075412 0.0780701 0.2948838
v 0.0008086 0.0638599 0.3013943
v 0.0295632 0.0698717 0.2972158
v 0.0223574 0.0556232 0.3041092
v 0.0532227 0.0572804 0.2994162
v 0.0438807 0.0719651 0.2946230
v 0.0481184 0.1021032 0.2801696
v 0.0384357 0.0951607 0.2848687
v 0.0163500 0.1064809 0.2818879
v 0.0122173 0.0923713 0.2884000
v 0.0895186 0.0674201 0.2838248
v 0.0853758 0.0548072 0.2912773
v 0.1119492 0.0558801 0.2782409
v 0.1035758 0.0691852 0.2764615
v 0.1173151 0.0683069 0.2689275
v 0.1071825 0.1008492 0.2589447
v 0.0949484 0.0931765 0.2688962
v 0.0934526 0.1040265 0.2642895
v 0.0713673 0.0998678 0.2750148
v 0.0744218 0.1100117 0.2690702
v 0.0822846 0.0899285 0.2758359
v 0.0721939 0.0889109 0.2799834
v 0.1418652 0.0582317 0.2533171
v 0.1378120 0.0488311 0.2619674
v 0.1493503 0.0608983 0.2428701
v 0.1570761 0.0614537 0.2299577
v 0.1536858 0.0915806 0.2190565
v 0.1589489 0.0920408 0.2073665
v 0.1294789 0.0961265 0.2460982
v 0.1204679 0.1046251 0.2483837
v 0.1386917 0.0848680 0.2433422
v 0.1300630 0.0855098 0.2511513
v 0.1692904 0.0515557 0.1937424
v 0.1631062 0.0610261 0.2160620
v 0.1640890 0.0715312 0.2046741
v 0.1711973 0.0376569 0.1938890
v 0.1673561 0.0657745 0.1914505
v 0.1669724 0.0054771 0.1380116
v 0.1586181 0.0221373 0.1135583
v 0.1657961 0.0330482 0.1390059
v 0.1310288 -0.0310781 0.0703184
v 0.0720303 -0.0563175 0.0265817
v 0.0238678 0.3530636 0.1457653
v 0.0177568 0.3347244 0.1616628
v 0.0343491 0.3124375 0.1730360
v 0.0285682 0.3892718 0.1006358
v 0.0683355 0.1350036 0.0165726
v 0.1195813 0.1525248 0.0754159
v 0.1335623 0.1800018 0.1162110
v 0.1113195 0.1903850 0.0753088
v 0.1086082 0.1857928 0.2100911
v 0.1375353 0.1688103 0.1865611
v 0.0937278 0.2339687 0.1894628
v 0.1049944 0.2270031 0.1842316
v 0.0589761 0.1966061 0.2297295
v 0.0682862 0.1873816 0.2312812
v 0.0841737 0.2308422 0.1987293
v 0.0732265 0.2276445 0.2067644
v 0.0516193 0.2157590 0.2217927
v 0.0087159 0.1905281 0.2412971
v 0.0215857 0.1939369 0.2387026
v 0.0297614 0.2020070 0.2335921
v 0.0443391 0.1961645 0.2339970
v 0.0402763 0.2092768 0.2280515
v 0.0425917 0.2343109 0.2142871
v 0.0014786 0.2232362 0.2243844
v 0.0596484 0.3806750 0.0111750
v 0.0851849 0.2159346 0.0198989
v 0.1050231 0.2179476 0.0858467
v 0.1142108 0.3439820 0.0421483
v 0.0793535 0.3699164 0.0103173
v 0.1006795 0.4172072 0.0126738
v 0.0079268 -0.0741524 0.0140451
v 0.0089756 -0.0854362 0.0211795
v 0.0537361 0.0097728 0.3198549
v 0.0510156 -0.0023533 0.3256355
v 0.0453748 0.0177542 0.3177642
v 0.0665338 0.0147961 0.3150415
v 0.0519271 0.0354261 0.3092676
v 0.0608736 0.0431157 0.3039742
v 0.0420375 0.0287326 0.3135653
v 0.0391882 0.0392670 0.3094853
v 0.0148704 0.0402045 0.3113241
v 0.0179270 0.0259581 0.3172895
v 0.0033249 0.0278048 0.3168432
v 0.0139724 0.0053445 0.3262037
v 0.1067300 -0.0093807 0.3130187
v 0.1102411 0.0132182 0.3001528
v 0.1228763 0.0078369 0.2951279
v 0.1127637 0.0328899 0.2889545
v 0.1044080 0.0259019 0.2967996
v 0.0985346 0.0376917 0.2939565
v 0.0850213 0.0429081 0.2969660
v 0.0753231 0.0367049 0.3029258
v 0.0805636 0.0209317 0.3085663
v 0.0785697 0.0057762 0.3158965
v 0.0902913 0.0096805 0.3104978
v 0.0907422 -0.0014993 0.3155594
v 0.1601807 -0.0113428 0.2616492
v 0.1545608 -0.0170964 0.2755485
v 0.1617018 -0.0242942 0.2667326
v 0.1575098 0.0013866 0.2586693
v 0.1587550 0.0220314 0.2453941
v 0.1538549 0.0155786 0.2571074
v 0.1375218 0.0291193 0.2716798
v 0.1389570 0.0176677 0.2763895
v 0.1231009 -0.0108214 0.3048747
v 0.1363201 -0.0120343 0.2952711
v 0.1456455 -0.0085777 0.2833595
v 0.1804066 -0.0516527 0.1996611
v 0.1681418 -0.0000984 0.2347703
v 0.1721502 -0.0046977 0.2232907
v 0.1719074 -0.0291753 0.2422910
v 0.1769903 -0.0402732 0.1765641
v 0.1698767 -0.0851493 0.1456064
v 0.0356258 -0.2465111 0.1362786
v 0.0493837 -0.2157841 0.1138056
v 0.0298942 -0.2069606 0.1042134
v 0.0559985 -0.1809107 0.0908242
v 0.1509841 -0.1535974 0.4441512
v 0.1305672 -0.1471048 0.4324254
v 0.1390010 -0.1391322 0.4227056
v 0.1335834 -0.1182978 0.3892959
v 0.0969441 -0.1753096 0.4469803
v 0.0965027 -0.1609805 0.4349370
v 0.0421632 -0.1791060 0.4175767
v 0.0737695 -0.1675235 0.4278433
v 0.0683237 -0.1564712 0.4172392
v 0.0945025 -0.3894227 0.3739823
v 0.0170652 -0.4392131 0.3942655
v 0.2131968 -0.2485576 0.2593071
v 0.1933611 -0.2336976 0.4620206
v 0.2398278 -0.2379071 0.4088326
v 0.2291495 -0.2614823 0.3795302
v 0.0852966 -0.2700073 0.4490871
v 0.1927560 -0.1693448 0.4709214
v 0.2032712 -0.2259777 0.4619676
v 0.2143432 -0.1936279 0.4525117
v 0.2281319 -0.2313849 0.2957545
v 0.1397879 -0.2252848 0.4843785
v 0.1418256 -0.1828394 0.4775862
v 0.1460095 -0.1467083 0.4341099
v 0.3014300 0.0302416 0.0825271
v 0.1563258 0.2862262 0.1168462
v 0.3119341 0.1010876 0.0870260
v 0.2664697 0.1675012 0.1448154
v 0.2656866 0.1395787 0.1436845
v 0.2562460 0.1588146 0.1457226
v 0.2083806 0.3034268 0.1401850
v 0.1743329 0.3240007 0.1315004
v 0.1449431 0.4257525 0.0974513
v 0.2767331 0.0338268 0.0634323
v -0.1734969 -0.1491716 0.1686807
v -0.0971920 -0.2330942 0.1440342
v -0.1297988 -0.2018751 0.1436981
v -0.2033058 -0.2429468 0.2267091
v -0.2081727 -0.2397071 0.2394474
v -0.3070490 -0.2572945 0.0356318
v -0.3712500 -0.2388188 0.0439474
v -0.3643850 -0.2087665 0.0453453
v -0.4616643 -0.2271568 0.0224318
v -0.4079960 -0.2238818 0.0104832
v -0.3856586 -0.3560968 0.0293355
v -0.2394121 -0.3324951 0.0096130
v -0.4161326 -0.2655378 0.0149347
v -0.2143294 -0.2031118 0.1268034
v -0.2024969 -0.1739633 0.1083215
v -0.2374759 -0.1379679 0.1681847
v -0.1979983 -0.1328794 0.1304063
v -0.2182349 -0.2218516 0.1878919
v -0.1684147 -0.1774123 0.1521241
v -0.3055486 -0.1559811 0.1032222
v -0.2608507 -0.1258105 0.0629068
v -0.2822376 -0.1044368 0.0935307
v -0.2695919 -0.0977668 0.0993581
v -0.2928138 -0.1520126 0.1246640
v -0.0633411 -0.0426027 0.3419706
v -0.0558092 -0.0137534 0.3297551
v -0.0440346 -0.0190385 0.3341689
v -0.0562574 -0.0282741 0.3364461
v -0.0317931 -0.0264437 0.3392269
v -0.1870555 -0.1250808 0.3548408
v -0.1423258 -0.0750828 0.3267107
v -0.1331862 -0.0781832 0.3372414
v -0.1289382 -0.0951662 0.3572131
v -0.1976177 -0.1341057 0.3280790
v -0.1608985 -0.0910712 0.3212397
v -0.1568143 -0.0941431 0.3321312
v -0.1684914 -0.0948331 0.3130323
v -0.2277006 -0.2258528 0.2641733
v -0.1181428 -0.3118830 0.2463908
v -0.0503639 -0.3132101 0.2126628
v -0.0093841 -0.4394803 0.3770039
v -0.0084454 -0.3772307 0.2818546
v -0.0163857 -0.3853029 0.2912333
v -0.0319028 -0.3657436 0.2724696
v -0.0139804 -0.3451085 0.2482697
v -0.0707687 -0.3545651 0.2733760
v -0.0197839 -0.2598056 0.4289479
v -0.0477318 -0.2651645 0.4332364
v -0.1983948 -0.1340574 0.3512360
v -0.2093915 -0.1534111 0.3180584
v -0.0459141 -0.2403145 0.4329843
v -0.0331560 -0.2393652 0.4290402
v -0.0366853 -0.2091978 0.4249527
v -0.0070726 -0.2078973 0.4187286
v -0.0048162 -0.1856833 0.4117220
v -0.0085677 -0.1721140 0.4073441
v -0.0183557 -0.1838257 0.4125791
v -0.0141978 -0.1574144 0.4023148
v -0.0084383 -0.1324569 0.3915150
v -0.0194451 -0.1268606 0.3891640
v -0.0270861 -0.1497269 0.4001859
v -0.0029920 -0.1476254 0.3979079
v -0.0812274 -0.1891259 0.4456475
v -0.0751753 -0.1760646 0.4346784
v -0.0523283 -0.1931041 0.4278495
v -0.0550752 -0.2023591 0.4317612
v 0.0066366 -0.4039142 0.4251678
v -0.0249563 -0.3556718 0.4292815
v -0.0932555 -0.3335116 0.3973109
v -0.0085523 -0.4030224 0.3117270
v -0.0414736 -0.3887472 0.3014740
v -0.0487505 -0.2980057 0.4304284
v -0.0480730 -0.3944605 0.3111494
v -0.0161701 -0.0909920 0.3723052
v -0.1426118 -0.0634225 0.3189963
v -0.1211438 -0.0555253 0.3293978
v -0.1224671 -0.0184424 0.3092972
v -0.1219817 -0.0307074 0.3159667
v -0.1096748 -0.0223572 0.3179470
v -0.1214021 -0.0432159 0.3225051
v -0.0840734 -0.0331910 0.3323112
v -0.0955230 -0.0253673 0.3249945
v -0.1504567 -0.0733673 0.3173448
v -0.1537168 -0.0650797 0.3072553
v -0.1650660 -0.0752849 0.2973994
v -0.1705469 -0.0650406 0.2754423
v -0.1629632 -0.0305262 0.2682323
v -0.1685369 -0.0522012 0.2701015
v -0.1610725 -0.0411232 0.2788695
v -0.1437995 -0.0521776 0.3107169
v -0.1336996 -0.0405657 0.3132276
v -0.1444983 -0.0402282 0.3029048
v -0.1734335 -0.0522533 0.2557391
v -0.1723552 -0.0404460 0.2493603
v -0.1752547 -0.0374356 0.2358279
v -0.1779299 -0.0541088 0.2393144
v -0.1783301 -0.0874513 0.1723458
v -0.1848779 -0.0970077 0.1966556
v -0.1775340 -0.1021246 0.1689027
v -0.1831260 -0.0725869 0.2060388
v -0.1813053 -0.0599841 0.2003967
v -0.1819421 -0.0744164 0.1928098
v -0.1687540 -0.1106079 0.1470255
v -0.1721379 -0.1219393 0.1569558
v -0.1706678 -0.0948042 0.1486744
v -0.1292609 -0.1803948 0.1275056
v -0.1119026 -0.2010707 0.1275207
v -0.1160688 -0.1890221 0.1221704
v -0.0836011 -0.1866063 0.1029474
v -0.0702131 -0.1197064 0.3875196
v -0.4317806 0.0473680 0.0125688
v -0.2249919 0.0828328 0.0260265
v -0.2461483 -0.0493789 0.0355950
v -0.2420261 -0.0404650 0.0294396
v -0.1719660 0.4043450 0.0278334
v -0.1379886 0.4365045 0.0301002
v -0.1460905 0.4343497 0.0819249
v -0.1456485 0.4382467 0.0664695
v -0.1170239 0.4373936 0.0485214
v -0.1259634 0.4390950 0.0346945
v -0.2519087 0.0432045 0.0577775
v -0.2978518 0.1110706 0.0587453
v -0.2923030 0.1376838 0.0595847
v -0.2999411 0.0951226 0.0574271
v -0.1834844 0.3999402 0.0835080
v -0.2283583 0.3142594 0.0730187
v -0.2243322 0.3215726 0.0453342
v -0.2322708 0.3077881 0.0379194
v -0.2183096 0.0545576 0.0950890
v -0.2262335 0.0626073 0.1147344
v -0.2367008 0.0558782 0.1149733
v -0.2812077 0.1655294 0.0090782
v -0.2294240 0.2891468 0.1379725
v -0.2284051 0.2425520 0.1462544
v -0.2474188 0.2924065 0.1079523
v -0.2378573 0.2875085 0.0542941
v -0.2168050 0.3071703 0.0114097
v -0.1870614 0.1063770 0.0385095
v -0.2017802 0.0964899 0.0385821
v -0.1072052 0.2919084 0.1120118
v -0.1710120 0.0888636 0.0699073
v -0.2101015 0.0638535 0.0558411
v -0.1989119 0.0654515 0.0797839
v -0.1903247 0.0742147 0.0830849
v -0.1907639 0.0715358 0.0706767
v -0.2426804 0.0370657 0.0700616
v -0.2291524 0.0437773 0.0690477
v -0.2297655 0.0456797 0.0935918
v -0.2311717 0.0524161 0.0558902
v -0.2805054 0.0249542 0.0947692
v -0.3073607 0.0370231 0.0777028
v -0.3063760 0.0820730 0.0611925
v -0.3133684 0.0787132 0.0719371
v -0.3085605 0.0706979 0.0625599
v -0.3068240 0.1028467 0.0677942
v -0.2563237 0.2575061 0.0679266
v -0.2486726 0.2719281 0.0682955
v -0.2372719 0.3033755 0.0738925
v -0.0954119 0.3769830 0.0570597
v -0.1369337 0.1339462 0.0854676
v -0.1050668 0.2922798 0.1059200
v -0.0943143 0.2802758 0.0868576
v -0.0854671 0.3599176 0.0931624
v -0.0334084 0.2819825 0.1908852
v -0.0500048 0.2455668 0.2062188
v -0.0448451 0.2657826 0.1969083
v -0.0656282 0.2603849 0.1909689
v -0.0984851 0.2440254 0.1778843
v -0.0993814 0.2642761 0.1624629
v -0.0862249 0.3042714 0.1503565
v -0.0130134 0.1248682 0.2734947
v -0.0207331 0.1318049 0.2696753
v -0.0086982 0.1408655 0.2659178
v -0.0215787 0.1421719 0.2645669
v -0.0330918 0.1370349 0.2657910
v -0.0347577 0.1741621 0.2470380
v -0.0533427 0.1558657 0.2526757
v -0.0112890 0.1666299 0.2532302
v -0.0668430 0.1226758 0.2653897
v -0.0676609 0.1359616 0.2585839
v -0.1089171 0.1297792 0.2427433
v -0.0880723 0.1379876 0.2494331
v -0.1008668 0.1533947 0.2341977
v -0.0648025 0.1639602 0.2449694
v -0.0772390 0.1578570 0.2434504
v -0.1185787 0.1214582 0.2406098
v -0.1194044 0.1086234 0.2470706
v -0.1283311 0.1130090 0.2377865
v -0.1267315 0.1368064 0.2248973
v -0.1185581 0.1341254 0.2333992
v -0.1622293 0.0973982 0.1871220
v -0.1611184 0.1065294 0.1728059
v -0.1606637 0.0679943 0.1329942
v -0.1202815 0.1431165 0.0723534
v -0.0135078 0.0622888 0.3016275
v -0.0193658 0.0732719 0.2964304
v -0.0317858 0.0648178 0.2992797
v -0.0283644 0.0821031 0.2919532
v -0.0615749 0.0636286 0.2948776
v -0.0467467 0.0641140 0.2977615
v -0.0533111 0.0767046 0.2907145
v -0.0419885 0.0894769 0.2869916
v -0.0060655 0.1134738 0.2788388
v -0.0122020 0.0992207 0.2853871
v -0.0258171 0.0950254 0.2862633
v -0.0754191 0.0603495 0.2923055
v -0.0806444 0.0717902 0.2851347
v -0.0892190 0.0579024 0.2883904
v -0.0751554 0.0854099 0.2807431
v -0.1185588 0.0599930 0.2722889
v -0.1063051 0.0667622 0.2762845
v -0.1113476 0.0752273 0.2690774
v -0.1108764 0.1052352 0.2545160
v -0.1066870 0.0974593 0.2609697
v -0.1005745 0.1101009 0.2580107
v -0.1018920 0.0889194 0.2677507
v -0.0642947 0.1089232 0.2728311
v -0.0775062 0.0991097 0.2732310
v -0.0652044 0.0957448 0.2788703
v -0.0872767 0.0807762 0.2783840
v -0.0883055 0.0905991 0.2732243
v -0.1317925 0.0551572 0.2645033
v -0.1353741 0.0666467 0.2557350
v -0.1430845 0.0518750 0.2550780
v -0.1411200 0.0781707 0.2445323
v -0.1603387 0.0502318 0.2288149
v -0.1573480 0.0637092 0.2281706
v -0.1505893 0.0926004 0.2241608
v -0.1560239 0.0776105 0.2230346
v -0.1488833 0.0831622 0.2317732
v -0.1206046 0.0950991 0.2533308
v -0.1333198 0.0906305 0.2454570
v -0.1651997 0.0374863 0.2230063
v -0.1683568 0.0393204 0.2117934
v -0.1687266 0.0477482 0.2022536
v -0.1654082 0.0500815 0.2148388
v -0.1653940 0.0817233 0.1694225
v -0.1623572 0.0866271 0.1989753
v -0.1659741 0.0722183 0.1948440
v -0.1658341 0.0169020 0.1357264
v -0.0246939 0.3463815 0.1511507
v -0.0339304 0.3266370 0.1637154
v -0.0352517 0.3383137 0.1544763
v -0.0399347 0.3855294 0.0994530
v -0.1128697 0.1414443 0.0599473
v -0.1238774 0.1701931 0.0909044
v -0.1425404 0.1629808 0.1343933
v -0.0969298 0.2035112 0.2077444
v -0.1061804 0.2297137 0.1809219
v -0.1010823 0.2213106 0.1925709
v -0.0621373 0.1888149 0.2328127
v -0.0712477 0.2047864 0.2208575
v -0.0770356 0.2402242 0.1973701
v -0.0648591 0.2378612 0.2048065
v -0.0758077 0.2307789 0.2036544
v -0.0883907 0.2284631 0.1974855
v -0.0583157 0.2217890 0.2164854
v -0.0057914 0.1822249 0.2455482
v -0.0164124 0.1913433 0.2404580
v -0.0470971 0.1832387 0.2399109
v -0.0450320 0.1941956 0.2348498
v -0.0853179 0.3279234 0.1353257
v -0.0512253 0.3773997 0.1033250
v -0.0429674 0.3915321 0.0858193
v -0.0305898 0.3989101 0.0468884
v -0.1076558 0.3373787 0.0177592
v -0.0737259 0.3768802 0.0197996
v -0.0877006 0.2161213 0.0292359
v -0.0930505 0.1896108 0.0168997
v -0.0757396 0.1577140 0.0237792
v -0.1285872 0.1454400 0.0830950
v -0.1208473 0.1546226 0.0751937
v -0.0968049 0.4052126 0.0170116
v -0.1909853 0.1056724 0.0068572
v -0.2112582 0.0974651 0.0056063
v -0.2050885 0.0975180 0.0089381
v -0.1172063 0.3269413 0.0117192
v -0.0205752 -0.0656526 0.0101355
v -0.0398689 -0.0700079 0.0167565
v -0.0535964 -0.0077183 0.0037370
v -0.0952370 0.1837397 0.0083705
v -0.0566882 -0.0004910 0.3237347
v -0.0458998 0.0045957 0.3233863
v -0.0549725 0.0119159 0.3186584
v -0.0579071 0.0422561 0.3049859
v -0.0472154 0.0352134 0.3101886
v -0.0451966 0.0470432 0.3053339
v -0.0508062 0.0236089 0.3145048
v -0.0380314 0.0264601 0.3150883
v -0.0169777 0.0392252 0.3116993
v -0.0292659 0.0150532 0.3209679
v -0.0250680 0.0276331 0.3159536
v -0.0229981 -0.0058863 0.3307045
v -0.1211273 -0.0049531 0.3031170
v -0.1187881 0.0071087 0.2982674
v -0.1162759 0.0388980 0.2836999
v -0.1073722 0.0328202 0.2920067
v -0.0684518 0.0500680 0.2989426
v -0.0719195 0.0372834 0.3036547
v -0.0858621 0.0305631 0.3022838
v -0.0743464 0.0243802 0.3087854
v -0.0979440 0.0241837 0.3007739
v -0.0790025 -0.0189789 0.3270130
v -0.0678896 -0.0081204 0.3247639
v -0.0794388 -0.0032957 0.3197806
v -0.1008097 -0.0149427 0.3181750
v -0.0989779 -0.0041463 0.3138843
v -0.0888774 0.0024713 0.3143630
v -0.0979316 0.0100152 0.3075907
v -0.1628896 -0.0178494 0.2597228
v -0.1614870 -0.0042075 0.2536568
v -0.1555975 -0.0062591 0.2668889
v -0.1604643 0.0215111 0.2420749
v -0.1546258 0.0180584 0.2546283
v -0.1554640 0.0282824 0.2486776
v -0.1605640 0.0091579 0.2482928
v -0.1257871 0.0452504 0.2739885
v -0.1294559 0.0324035 0.2774015
v -0.1401326 0.0238617 0.2714506
v -0.1310330 0.0210661 0.2817651
v -0.1477604 0.0155462 0.2667652
v -0.1409144 -0.0129145 0.2913654
v -0.1429953 -0.0037432 0.2840034
v -0.1491890 -0.0173058 0.2838245
v -0.1804879 -0.0516481 0.2127272
v -0.1768475 -0.0307380 0.2206275
v -0.1655028 0.0235185 0.2293739
v -0.1659424 0.0107680 0.2348665
v -0.1711029 -0.0011753 0.2261758
v -0.1715042 -0.0286925 0.2432162
v -0.1734267 -0.0229462 0.2323117
v -0.1778970 -0.0654861 0.1741758
v -0.1776759 -0.0541125 0.1764366
v -0.1599070 -0.1067249 0.1288792
v -0.0622906 -0.1054367 0.0457667
v -0.0435191 -0.2427281 0.1343911
v -0.0571176 -0.2154038 0.1152118
v -0.0628791 -0.2227747 0.1223087
v -0.0587193 -0.2061231 0.1088983
v -0.1145973 -0.1436322 0.4238471
v -0.1705363 -0.1293700 0.3990740
v -0.0866365 -0.1762336 0.4412960
v -0.1010871 -0.1584026 0.4344043
v -0.0865810 -0.1634656 0.4323981
v -0.0734469 -0.1633450 0.4243186
v -0.0773648 -0.1429826 0.4096762
v -0.1922193 -0.1282015 0.3406309
v -0.2289904 -0.2248070 0.2777637
v -0.2079533 -0.2729106 0.2950194
v -0.0924405 -0.3744069 0.3831252
v -0.2347921 -0.2444988 0.3664549
v -0.1543742 -0.3099602 0.3488115
v -0.2428700 -0.1739446 0.3926765
v -0.2392884 -0.2396438 0.4087875
v -0.2386059 -0.2431657 0.3804832
v -0.2423464 -0.2188854 0.3804797
v -0.2142369 -0.1918202 0.4521742
v -0.1153134 -0.1946860 0.4707064
v -0.1486835 -0.1474112 0.4354047
v -0.1818202 -0.1476543 0.4315049
v -0.3026239 0.0304185 0.0874438
v -0.3143396 0.0859103 0.0845980
v -0.3032535 0.1286084 0.1143709
v -0.2743935 0.1599165 0.1420220
v -0.2928505 0.0247900 0.0848497
v -0.0944762 -0.0923395 0.0562624
v -0.0865897 -0.0873321 0.0488942
v 0.4079174 -0.3895710 0.0006106
v 0.2598796 0.1524762 0.0006106
v 0.2884917 0.0023605 0.0006106
v 0.2777248 0.0504427 0.0006106
v 0.3463725 -0.2202889 0.0006106
v 0.3169674 -0.2124308 0.0006106
v 0.3645979 -0.1167132 0.0006106
v 0.2884406 0.0814072 0.0006106
v 0.0767405 0.3089364 0.0006106
v 0.3235553 0.0204816 0.0006106
v 0.3693970 -0.1010291 0.0006106
v 0.2576311 0.1763575 0.0006106
v 0.1746713 0.1490027 0.0006106
v 0.0172672 0.0370637 0.0006106
v 0.1386066 0.3742524 0.0006106
v 0.0407077 0.3741380 0.0006106
v 0.0044184 0.1891215 0.0006106
v 0.0151053 0.0805045 0.0006106
v 0.0540340 0.0208709 0.0027323
v 0.0420602 0.0248005 0.0006106
v 0.0669267 0.3327103 0.0006106
v 0.0650257 0.2524354 0.0006106
v 0.0144886 0.2888587 0.0006106
v 0.0621538 0.2388480 0.0006106
v -0.3820049 -0.3015778 0.0006106
v -0.2793948 -0.3382480 0.0006106
v -0.3001196 -0.3249784 0.0006106
v -0.2848076 -0.2891442 0.0006106
v -0.3052561 -0.2734674 0.0006106
v -0.3842534 0.0193710 0.0006106
v -0.2331033 -0.0821436 0.0006106
v -0.1903056 0.1791233 0.0006106
v -0.2038840 0.1707695 0.0006106
v -0.3880895 -0.1058955 0.0006106
v -0.3424466 -0.0020501 0.0006106
v -0.3884964 0.0080201 0.0006106
v -0.2753352 0.1150897 0.0006106
v -0.2642012 0.1527342 0.0006106
v -0.2444865 0.1144900 0.0006106
v -0.0499953 0.2540746 0.0006106
v -0.0448946 0.3371825 0.0006106
v -0.0361496 0.0131726 0.0006106
v -0.0689446 0.3264523 0.0006106
v -0.0091108 0.0691048 0.0006106
v -0.0278196 0.1692166 0.0006106
v -0.0489949 0.2418210 0.0006106
v 0.2776969 -0.3491836 0.0006106
v 0.4157770 -0.3454710 0.0006106
v 0.4215108 -0.3851842 0.0006106
v 0.3945704 -0.3244943 0.0006106
v 0.2859695 -0.2983060 0.0006106
v 0.2869460 -0.3440465 0.0006106
v 0.3827233 -0.2709569 0.0006106
v 0.3305483 -0.2164709 0.0006106
v 0.4094629 0.0328532 0.0006106
v 0.3968690 0.0315068 0.0006106
v 0.2756420 0.0028076 0.0006106
v 0.1723339 0.3172520 0.0006106
v 0.1189610 0.4041691 0.0006106
v 0.3017770 0.0055906 0.0006106
v 0.3041871 0.0538683 0.0006106
v 0.3773264 -0.1134011 0.0006106
v 0.3664414 -0.0618138 0.0006106
v 0.3498373 0.0102003 0.0006106
v 0.3746689 0.0239248 0.0006106
v 0.2560496 -0.0726366 0.0006106
v 0.1857420 0.3124669 0.0006106
v 0.1499299 0.2001798 0.0006106
v 0.1554730 0.3317712 0.0006106
v 0.2020523 0.2783127 0.0006106
v 0.2483389 0.1948206 0.0006106
v 0.1891156 0.2851529 0.0006106
v 0.1939648 0.3001869 0.0006106
v 0.1747785 0.3033956 0.0006106
v 0.1211812 0.2744682 0.0006106
v 0.0045835 0.3037177 0.0006106
v 0.0199429 0.0645130 0.0006106
v -0.3680627 -0.2386866 0.0006106
v -0.2687067 -0.3428247 0.0006106
v -0.3879738 -0.2605987 0.0006106
v -0.2795283 -0.3001072 0.0006106
v -0.3803422 -0.2491786 0.0006106
v -0.3309652 0.0210917 0.0006106
v -0.3107733 -0.3132167 0.0006106
v -0.3433191 -0.2182139 0.0006106
v -0.3303550 -0.2188222 0.0006106
v -0.4461527 0.0238759 0.0006106
v -0.3939804 -0.0820492 0.0006106
v -0.1351557 0.3546196 0.0006106
v -0.3785582 -0.1137201 0.0006106
v -0.3777092 -0.0704183 0.0006106
v -0.3837985 -0.0782666 0.0006106
v -0.3440496 -0.0705424 0.0006106
v -0.2496778 -0.0392174 0.0006106
v -0.2663332 -0.0169961 0.0006106
v -0.2916993 0.0807220 0.0006106
v -0.2845944 0.0919955 0.0006106
v -0.2252118 0.1520663 0.0006106
v -0.2192091 0.2364940 0.0006106
v -0.2037968 0.2617006 0.0006106
v -0.2375676 0.2111723 0.0006106
v -0.1850471 0.2867286 0.0006106
v -0.1680317 0.3113570 0.0006106
v -0.1344938 0.2102784 0.0006106
v -0.1321764 0.3426669 0.0006106
v -0.1270710 0.3078189 0.0006106
v -0.1129922 0.1992311 0.0006106
v -0.1448587 0.3454049 0.0006106
v -0.0967118 0.3070841 0.0006106
v -0.0524625 0.0610544 0.0020146
v 0.0009946 0.2797865 0.0006106
v -0.0022350 0.1681997 0.0006106
v -0.0159168 0.2764825 0.0006106
v -0.0018748 0.2916076 0.0006106
v -0.0346931 0.1270141 0.0006106
v -0.0581531 0.3456731 0.0006106
v -0.0874097 0.2300199 0.0006106
v -0.0797487 0.3268698 0.0006106
v -0.1104234 0.2119511 0.0006106
v -0.1200872 0.3215396 0.0006106
v -0.1240743 0.1948704 0.0006106
v 0.0049557 -0.0323393 0.0006106
v 0.0155275 -0.0385514 0.0006106
v 0.0346325 -0.0333914 0.0007567
v 0.0248881 -0.0309696 0.0006106
v -0.4275481 -0.2642139 0.0010232
v -0.2071467 0.1146587 0.0011725
v -0.2849441 0.1551395 0.0088821
v -0.1948332 0.1182830 0.0006106
v -0.0177040 -0.0374956 0.0006106
v -0.0312357 -0.0364343 0.0009896
v 0.0433621 -0.0513777 0.3499210
v 0.0480740 -0.0631458 0.3553874
v 0.0531776 -0.0408609 0.3431185
v 0.0430435 -0.0290509 0.3389979
v -0.0062867 -0.0213697 0.3386927
v 0.1961580 -0.1314021 0.2924568
v 0.1747279 -0.0998990 0.3069074
v 0.2030003 -0.1361067 0.2366410
v 0.0516830 -0.3733484 0.2871951
v 0.0313171 -0.3397327 0.2435572
v 0.0422047 -0.1927295 0.4228223
v 0.0273219 -0.2116156 0.4227797
v 0.0301339 -0.1879359 0.4168272
v 0.0023667 -0.1267045 0.3893827
v -0.0030153 -0.0945017 0.3745286
v 0.1218899 -0.0434414 0.3223810
v 0.1468173 -0.0533864 0.3081080
v 0.1670993 -0.0876028 0.3058161
v 0.1603106 -0.0518169 0.2879740
v 0.1518042 -0.0355417 0.2910181
v 0.1563287 -0.0294955 0.2803791
v 0.1266020 -0.1793927 0.1242478
v 0.1668164 0.2849318 0.1254933
v 0.2614690 0.2477404 0.0294628
v 0.2456019 0.0355259 0.0732993
v 0.2414630 0.2884957 0.0700600
v -0.0001522 0.3070213 0.1808796
v 0.1098955 0.2441746 0.1656728
v 0.1058974 0.2536666 0.1632641
v 0.0332947 0.1489912 0.2598640
v -0.0025796 0.1542676 0.2595824
v 0.0633676 0.1520003 0.2515729
v 0.0867056 0.1472294 0.2451095
v 0.0886775 0.1578279 0.2382704
v 0.0548999 0.1846830 0.2371666
v 0.1308122 0.1074013 0.2385784
v 0.1102867 0.1473181 0.2317457
v 0.1469951 0.1069117 0.2204267
v 0.1591412 0.1136891 0.1769920
v 0.1437924 0.1550202 0.1867130
v 0.1618737 0.0698259 0.1388712
v 0.1442933 0.0968646 0.0973314
v 0.1511142 0.0906485 0.1125464
v 0.1548020 0.0596507 0.1106760
v 0.1414926 0.0507388 0.0811909
v 0.1234557 0.0992003 0.0622179
v 0.1060343 0.0968441 0.0419932
v 0.0948108 0.0771787 0.0311119
v 0.0355641 0.0837228 0.2904349
v 0.0597606 0.1096860 0.2739071
v 0.0320838 0.1085206 0.2795483
v 0.0740934 0.0669476 0.2896900
v 0.0663002 0.0814786 0.2852754
v 0.0939637 0.0803840 0.2756808
v 0.0863531 0.1118437 0.2637413
v 0.1313624 0.0633937 0.2609991
v 0.1253129 0.0535341 0.2703496
v 0.1243304 0.0784569 0.2588712
v 0.1486793 0.0736385 0.2374997
v 0.1689939 0.0305987 0.2146881
v 0.1741835 0.0074832 0.1907511
v 0.1668906 0.0678744 0.1635776
v 0.1644714 0.0886553 0.1804247
v 0.1649189 -0.0211068 0.1289996
v 0.1686072 -0.0173021 0.1418386
v 0.0945567 0.1481805 0.0389458
v 0.1315935 0.1900786 0.1769409
v 0.0573460 0.3512944 0.1321272
v 0.0198135 -0.0659508 0.0101824
v 0.0333353 -0.0703778 0.0148005
v 0.0372498 -0.0058226 0.3292437
v 0.0309273 0.0464589 0.3074806
v 0.0326293 0.0216933 0.3178344
v 0.0233514 0.0134492 0.3221639
v 0.1196218 0.0420229 0.2800878
v 0.0943594 0.0468855 0.2915679
v 0.0963962 0.0183338 0.3041913
v 0.1618105 0.0310473 0.2348477
v 0.1427887 0.0364031 0.2622840
v 0.1488130 0.0095865 0.2684191
v 0.1316499 0.0123817 0.2857635
v 0.1346946 0.0005012 0.2898563
v 0.1647187 -0.0062758 0.2476342
v 0.1647337 -0.0826033 0.1326318
v 0.1052211 -0.1069371 0.0701346
v 0.0256248 -0.2325732 0.1234879
v 0.0108903 -0.2358295 0.1250430
v 0.0171254 -0.2092065 0.1044255
v 0.0692164 -0.1805706 0.0944988
v 0.0677415 -0.0355749 0.0180156
v -0.0198714 -0.0670938 0.3601489
v -0.0212907 -0.0539180 0.3535258
v -0.0440045 -0.0311950 0.3398865
v -0.0704006 -0.0310659 0.3347982
v -0.0331750 -0.0118007 0.3323287
v -0.2003998 -0.1393041 0.2822184
v -0.2028692 -0.1356915 0.2361484
v -0.0719194 -0.3140005 0.2202157
v -0.1355547 -0.1502079 0.4370043
v -0.1103106 -0.1637612 0.4446402
v -0.1131080 -0.1530195 0.4344980
v -0.1050347 -0.1494867 0.4276323
v -0.0921803 -0.0671199 0.3484167
v -0.0954991 -0.0551140 0.3402088
v -0.1898456 -0.1034395 0.2353191
v -0.1365317 -0.1894457 0.1415201
v -0.1099280 0.4312481 0.0434236
v -0.2508136 0.2271317 0.0054448
v -0.2337599 0.2675431 0.0075518
v -0.0333025 0.2477942 0.2091516
v -0.0402936 0.1245564 0.2709134
v -0.0343142 0.1153903 0.2761257
v -0.0969031 0.1253841 0.2519749
v -0.0892971 0.1155927 0.2606065
v -0.1468181 0.1261355 0.2083080
v -0.1637581 0.0925768 0.1738393
v -0.1422299 0.1411785 0.1163868
v -0.1341427 0.0458677 0.0693989
v -0.1269575 0.0786869 0.0631065
v -0.1335109 0.1042321 0.0793980
v -0.0980390 0.1433847 0.0417854
v -0.0077294 0.0506000 0.3069384
v -0.0347233 0.0545384 0.3035169
v -0.0589753 0.0870124 0.2847522
v -0.1041855 0.0575794 0.2816990
v -0.1037899 0.0446583 0.2880604
v -0.1158315 0.0843356 0.2618630
v -0.1526770 0.0495396 0.2433222
v -0.1507385 0.0379825 0.2514188
v -0.1620885 0.0747394 0.2096757
v -0.1356635 0.1030813 0.2362485
v -0.1619578 -0.0133595 0.1208975
v -0.1584046 0.0270289 0.1135046
v -0.1618901 0.0154243 0.1225110
v -0.1649014 0.0061543 0.1308525
v -0.1525386 0.0344106 0.1013664
v -0.1603114 0.0556519 0.1262787
v -0.1019454 0.0203902 0.0369038
v -0.1339928 0.1854490 0.1756038
v -0.0994738 0.1805196 0.2196400
v -0.1056335 0.2084053 0.1976219
v -0.0565924 0.3521073 0.1318007
v -0.0043683 -0.0910936 0.0246557
v -0.0644443 0.0186774 0.3137930
v -0.0045168 0.0187573 0.3206315
v -0.0110704 0.0279037 0.3166410
v -0.1249057 0.0146143 0.2901469
v -0.0777181 0.0111362 0.3136781
v -0.1680298 -0.0291760 0.2544776
v -0.1666423 -0.0014478 0.2400248
v -0.1793652 -0.0432006 0.2006573
v -0.0330257 -0.1267100 0.0506689
v -0.0153921 -0.0973771 0.0292280
v -0.0285272 -0.2453313 0.1344588
v -0.0177673 -0.2098223 0.1049082
v -0.0981168 -0.1696372 0.4434236
v -0.2938142 0.0272458 0.0961009
v 0.4320275 -0.3795712 0.0006106
v 0.4556514 -0.2331664 0.0006106
v 0.2932541 0.0716565 0.0006106
v 0.3722091 -0.2402402 0.0005634
v 0.2625039 -0.3087758 0.0006106
v 0.2404469 0.1292767 0.0006106
v 0.2748021 -0.2995802 0.0006106
v 0.2896912 0.0922949 0.0006106
v 0.3453335 -0.2692618 0.0006106
v 0.3064515 -0.2815188 0.0006106
v 0.3135656 -0.2914556 0.0006106
v 0.3607188 -0.2291716 0.0006106
v 0.4047374 -0.3358423 0.0006106
v 0.3902355 -0.1108672 0.0006106
v 0.4208627 0.0352392 0.0006106
v 0.4224202 0.0070364 0.0006106
v 0.2736273 0.0876561 0.0006106
v 0.2324533 -0.0543117 0.0006106
v 0.2815149 -0.0119272 0.0006106
v 0.3598053 0.0240881 0.0006106
v 0.3830570 -0.0761949 0.0006106
v 0.1316505 0.2219107 0.0006106
v 0.2020786 0.2635502 0.0006106
v 0.2964337 0.0623557 0.0006106
v 0.2651986 -0.0186829 0.0006106
v 0.3126320 0.0117664 0.0006106
v 0.2559796 -0.0440685 0.0006106
v 0.2466008 -0.0356126 0.0006106
v 0.2023622 0.1728234 0.0006106
v 0.2138027 0.1754277 0.0006106
v 0.2118854 0.1598026 0.0006106
v 0.1898680 0.1674686 0.0006106
v 0.1940749 0.1825633 0.0006106
v 0.1017259 0.2885416 0.0006106
v 0.1666831 0.3276082 0.0006106
v 0.0368191 0.2355100 0.0006106
v 0.0462526 0.0112134 0.0006106
v 0.0306240 0.2943231 0.0006106
v 0.0298834 0.3139891 0.0006106
v 0.0542308 0.3296392 0.0006106
v 0.0373170 0.1139054 0.0006106
v 0.0973591 0.3204306 0.0006106
v 0.0698011 0.3512733 0.0006106
v -0.4519296 -0.2615520 0.0006106
v -0.4815080 -0.2358606 0.0006106
v -0.4400162 -0.2549792 0.0006106
v -0.4407670 -0.2399934 0.0006106
v -0.4276206 -0.3550753 0.0006106
v -0.4104552 -0.3451939 0.0006106
v -0.2629676 -0.3185866 0.0006106
v -0.3090515 -0.2575729 0.0006106
v -0.3616581 -0.2780719 0.0006106
v -0.3145754 -0.0201978 0.0006106
v -0.3208555 -0.2694410 0.0006106
v -0.2295116 0.2242415 0.0006106
v -0.4033973 0.0047995 0.0006106
v -0.4205420 0.0362203 0.0006106
v -0.4335541 0.0303142 0.0006106
v -0.2802866 -0.0205153 0.0006106
v -0.2383570 -0.0484226 0.0006106
v -0.2592781 0.1674927 0.0006106
v -0.2745059 -0.0054524 0.0006106
v -0.1949950 0.2744444 0.0006106
v -0.0853442 0.2455325 0.0006106
v -0.3617429 -0.0563033 0.0006106
v -0.2253050 -0.0698350 0.0006106
v -0.2608491 0.1102278 0.0006106
v -0.2124774 0.1553925 0.0006106
v -0.2113064 0.2489977 0.0006106
v -0.2453559 0.2002299 0.0006106
v -0.0842036 0.2577533 0.0006106
v -0.0740418 0.2514935 0.0006106
v -0.1664114 0.3276415 0.0006106
v -0.0235958 0.2995052 0.0006106
v -0.0440409 0.2275441 0.0006106
v -0.0445169 0.3526365 0.0006106
v -0.0481272 0.0767911 0.0006106
v -0.0628068 0.2451694 0.0006106
v -0.0110468 0.3001572 0.0006106
v -0.0346385 0.2372702 0.0006106
v -0.0357393 0.2991332 0.0006106
v -0.0485461 0.1285572 0.0034589
v -0.0585491 0.3317464 0.0006106
v -0.0875372 0.3169317 0.0006106
v 0.4139929 -0.3585681 0.0006106
v 0.4273140 -0.3547727 0.0006106
v 0.4537834 -0.2628376 0.0006106
v 0.4685819 -0.2682469 0.0006106
v 0.4690107 -0.2293849 0.0006106
v 0.4400822 -0.2559757 0.0006106
v 0.2589946 -0.3448395 0.0006106
v 0.3979932 -0.3778012 0.0006106
v 0.3868309 -0.3551586 0.0006106
v 0.3863552 -0.3694932 0.0006106
v 0.3016028 -0.2671264 0.0006106
v 0.3042880 -0.3198973 0.0006106
v 0.4110308 0.0011581 0.0006106
v 0.3934569 -0.0823316 0.0006106
v 0.4324448 0.0316891 0.0006106
v 0.2260076 -0.0760893 0.0006106
v 0.1114059 0.2990563 0.0006106
v 0.2408273 -0.0802434 0.0006106
v 0.3747088 -0.0702589 0.0006106
v 0.3823913 0.0114594 0.0006106
v 0.1811754 0.1778655 0.0006106
v 0.2569003 0.1649636 0.0006106
v 0.1678029 0.1745422 0.0006106
v 0.1271198 0.3521389 0.0006106
v 0.0507188 0.2420154 0.0006106
v 0.0272743 0.2798369 0.0006106
v 0.0365313 0.2740382 0.0006106
v -0.4543287 -0.2353406 0.0006106
v -0.4835672 -0.2623927 0.0006106
v -0.4740283 -0.2656037 0.0006106
v -0.4669737 -0.2287923 0.0006106
v -0.4631041 -0.2661534 0.0006106
v -0.4239360 -0.3842086 0.0006106
v -0.3672709 -0.2925010 0.0006106
v -0.2673198 -0.3063605 0.0006106
v -0.4005195 -0.3329551 0.0006106
v -0.4079350 -0.3793830 0.0006106
v -0.3881083 -0.2718705 0.0006106
v -0.3872183 -0.3601229 0.0006106
v -0.3930543 -0.3214249 0.0006106
v -0.3104580 -0.2984435 0.0006106
v -0.4069499 0.0301085 0.0006106
v -0.4180916 0.0007344 0.0006106
v -0.4270279 0.0089806 0.0006106
v -0.3916194 0.0306456 0.0006106
v -0.2877916 0.0099199 0.0006106
v -0.2708977 -0.0569379 0.0006106
v -0.1086577 0.2273350 0.0006106
v -0.1699057 0.1939610 0.0006106
v -0.1600324 0.1852290 0.0006106
v -0.2975045 -0.0000657 0.0006106
v -0.3590573 -0.0931628 0.0006106
v -0.3642138 -0.1073163 0.0006106
v -0.2286535 -0.0559789 0.0006106
v -0.3116217 -0.0067483 0.0006106
v -0.3672107 -0.0674974 0.0006106
v -0.2462488 -0.0808502 0.0006106
v -0.1561290 0.3367654 0.0006106
v -0.1569948 0.1989391 0.0006106
v -0.1760993 0.1793237 0.0006106
v -0.0618598 0.2601049 0.0006106
v -0.1462991 0.2050862 0.0006106
v -0.0991707 0.2215477 0.0006106
v -0.0480078 0.0194941 0.0006106
v -0.0176750 0.0818491 0.0006106
v -0.0158784 0.0576454 0.0006106
v -0.0014184 0.0836596 0.0006106
v 0.0051980 0.0669005 0.0006106
v -0.0038235 0.0563340 0.0006106
v -0.0381509 0.0684713 0.0006106
v -0.0244675 0.0698082 0.0006106
v -0.0580110 0.2313211 0.0006106
v -0.0331122 0.3297161 0.0006106
v -0.1058525 0.2942035 0.0006106
v -0.1193886 0.2903233 0.0006106
v -0.0075476 -0.0432085 0.0016427
v 0.3984178 -0.2693504 0.0108851
v 0.3971050 -0.2190414 0.0151560
v 0.3979975 -0.2294025 0.0308698
v 0.3714074 -0.3548152 0.0137915
v 0.3118336 -0.3305213 0.0113631
v 0.2446924 -0.3079017 0.0140316
v 0.2969800 -0.1920066 0.0957248
v 0.2001548 -0.2159333 0.1398959
v 0.2188876 -0.2144710 0.1999166
v 0.2124195 -0.2276579 0.2001384
v 0.0439251 -0.2512871 0.4326088
v 0.0665962 -0.2373780 0.4418359
v 0.0904890 -0.1902240 0.4522224
v 0.0094705 -0.3301234 0.4285724
v 0.0273451 -0.3945570 0.3042520
v 0.0327575 -0.2953930 0.4296406
v 0.1402022 -0.1474894 0.1200228
v 0.1036275 -0.2104971 0.1290068
v 0.4450197 0.0353187 0.0111043
v 0.4479893 0.0173456 0.0110927
v 0.3757718 -0.1172182 0.0357192
v 0.2276131 -0.0734632 0.0301722
v 0.1461131 0.4304173 0.0241074
v 0.2497999 0.0559313 0.0480213
v 0.1263456 0.4102662 0.0940721
v 0.2157605 0.3179427 0.0176984
v 0.2391015 0.0667346 0.1254083
v 0.2378514 0.0554148 0.1151033
v 0.1711887 0.3726999 0.1233071
v 0.1018367 0.2434061 0.0934345
v 0.2732592 0.2184598 0.0663531
v 0.2463368 0.2969741 0.0880499
v 0.1069952 0.3665737 0.0649646
v 0.0975969 0.2637748 0.0833996
v 0.1628703 0.0274095 0.1270056
v 0.1471649 0.1480530 0.1404575
v 0.1076213 0.2903578 0.1235307
v 0.1146151 0.2094902 0.0878364
v 0.0179208 0.4047526 0.0753631
v 0.0941962 0.1601708 0.0409724
v 0.1259956 0.1527930 0.0868153
v 0.1720355 -0.0386472 0.1524533
v 0.1634534 -0.0673072 0.1271264
v 0.0224988 -0.2616235 0.1485092
v 0.2402266 -0.1780055 0.3652019
v 0.1883113 -0.2870465 0.3810312
v 0.1285872 -0.2679352 0.4599037
v 0.2225419 -0.1965405 0.3086594
v 0.2374886 -0.1831271 0.3527667
v 0.3137498 0.0864993 0.0907333
v 0.0887808 -0.2614362 0.4556510
v -0.1707620 -0.1614579 0.1683426
v -0.1375422 -0.2018291 0.1512576
v -0.1654404 -0.2532194 0.1780055
v -0.3419797 -0.2677291 0.0374309
v -0.2807968 -0.1512900 0.0331155
v -0.2960420 -0.3523254 0.0108253
v -0.2505471 -0.2992891 0.0137101
v -0.2616598 -0.2953592 0.0223546
v -0.2734721 -0.2882557 0.0230538
v -0.3201276 -0.3020762 0.0118630
v -0.3082223 -0.1425714 0.0590186
v -0.2585102 -0.1461605 0.1575763
v -0.2170479 -0.2181858 0.1507356
v -0.0624599 -0.0683597 0.3555893
v -0.1758584 -0.1180399 0.3598249
v -0.0230876 -0.3390746 0.2420674
v -0.1245011 -0.3239568 0.2733962
v -0.2270136 -0.1656407 0.3538861
v -0.0292382 -0.1951046 0.4188106
v -0.1316299 -0.1324037 0.4119018
v -0.0605718 -0.3495271 0.4263841
v -0.0174617 -0.4156053 0.3303616
v -0.0353474 -0.3959375 0.3079777
v -0.0148226 -0.3291428 0.4285462
v -0.1596321 -0.0598698 0.2945409
v -0.1851882 -0.0997565 0.2666621
v -0.1548147 -0.1210151 0.1258728
v -0.1357102 -0.1549480 0.1190612
v -0.2876886 0.0327923 0.0361734
v -0.4089131 -0.0129966 0.0109383
v -0.2668037 0.0449343 0.0241142
v -0.3505612 -0.0454622 0.0321120
v -0.3336563 -0.0808190 0.0217974
v -0.1911578 0.3579042 0.0211898
v -0.1102016 0.4242463 0.0657701
v -0.1215877 0.4197791 0.0892456
v -0.2066524 0.0730843 0.1062474
v -0.2933125 0.0531654 0.1154001
v -0.2799372 0.1847634 0.1353063
v -0.1876283 0.0940709 0.0446514
v -0.1065794 0.3127720 0.1088576
v -0.2001247 0.0652598 0.0662433
v -0.2853217 0.0440420 0.0571619
v -0.1623944 0.4106858 0.1045404
v -0.1003985 0.3035652 0.1091077
v -0.0909342 0.3750793 0.0702931
v -0.0512080 0.1324770 0.2649635
v -0.1006038 0.1671594 0.2265456
v -0.0895804 0.1629246 0.2349639
v -0.1515083 0.1133886 0.2088313
v -0.1580389 0.0911933 0.1355089
v -0.1498817 0.1080053 0.1170992
v -0.0914357 0.0396780 0.0281240
v -0.0488335 0.3694542 0.1161510
v -0.1365566 0.1528019 0.1088930
v -0.0289232 0.1987697 0.2353861
v -0.1158386 0.2654225 0.1239599
v -0.1115487 0.2676809 0.1072892
v -0.1141992 0.2098974 0.0871455
v -0.0943345 0.2028062 0.0497591
v -0.0843137 0.1775014 0.0334053
v -0.1395206 0.2232835 0.1270609
v -0.1055510 0.3681826 0.0535829
v -0.1714642 -0.0790407 0.1495977
v -0.0797470 -0.0671071 0.0357900
v -0.0254937 -0.1046652 0.0353010
v -0.2269201 -0.2372168 0.3013918
v -0.1019970 -0.3311644 0.3871607
v -0.2140981 -0.1584018 0.4379471
v -0.2349886 -0.1641074 0.4101784
v -0.2693977 0.1764125 0.1434513
v -0.2452602 0.1950202 0.1473027
v -0.1747777 0.2625765 0.1290082
v -0.1778451 0.3249983 0.1330174
v -0.0697072 -0.0223703 0.0171965
v 0.3635562 -0.0765275 0.0006106
v 0.3113297 0.0267480 0.0006106
v 0.1853398 0.1392514 0.0006106
v 0.1342394 0.3880984 0.0006106
v 0.1613875 0.1591692 0.0006106
v 0.0515303 0.3660147 0.0006106
v 0.0123786 0.2412889 0.0006106
v 0.0664511 0.2225263 0.0006106
v 0.0793121 0.3517788 0.0006106
v -0.2831694 0.1191803 0.0006106
v -0.2742417 0.1016553 0.0006106
v -0.3750731 0.0120001 0.0006106
v -0.3336300 0.0327072 0.0006106
v -0.2606242 -0.0478845 0.0006106
v -0.2625550 -0.0639552 0.0006106
v -0.2620519 -0.0800360 0.0006106
v -0.0420667 0.2858419 0.0006106
v 0.3705580 -0.2839155 0.0004280
v 0.1074331 0.3139569 0.0006106
v 0.0808017 0.3378442 0.0006106
v 0.3301063 -0.0297879 0.0006106
v 0.2529803 -0.0871549 0.0006106
v 0.2363856 0.1855925 0.0006106
v 0.0376859 0.0017182 0.0006106
v -0.3941765 -0.3866186 0.0006106
v -0.4208209 -0.2400715 0.0006106
v -0.1745469 0.1491176 0.0006106
v -0.1986734 0.1559261 0.0006106
v -0.1154219 0.1826435 0.0006106
v -0.3015471 -0.0157697 0.0006106
v -0.3701591 -0.1194562 0.0006106
v -0.2608434 0.0954601 0.0006106
v -0.1853013 0.3129387 0.0006106
v -0.0732957 0.3521095 0.0006106
v -0.1587255 0.2776381 0.0006106
v -0.0933575 0.3319414 0.0006106
v -0.1329951 0.1806160 0.0006106
v -0.4522661 -0.2204434 0.0006106
v -0.2626114 -0.2893966 0.0114258
v 0.0830832 -0.3332274 0.2520529
v 0.0595604 -0.3337018 0.2423240
v 0.1738476 -0.0637342 0.2652293
v 0.1897654 -0.1028258 0.2285906
v 0.0834116 -0.1810135 0.0993328
v 0.0975801 -0.1432252 0.4178564
v 0.2290382 0.0460570 0.0931335
v 0.1727618 0.0226117 0.1905383
v 0.0106196 0.3766096 0.1246537
v 0.1282812 0.1806265 0.1045517
v 0.0947421 0.1934431 0.2151223
v 0.1751218 -0.0484275 0.1642479
v 0.1755762 -0.0636173 0.1643758
v 0.1787227 -0.0695133 0.1771348
v 0.1689021 -0.0703881 0.1418933
v 0.0281294 -0.1396639 0.0580427
v 0.0153830 -0.1455213 0.0603745
v 0.1090935 -0.1566563 0.4368758
v -0.2168175 -0.2235634 0.1643937
v -0.1364776 -0.3136660 0.2688368
v -0.0212030 -0.2069948 0.4203716
v -0.0054271 -0.0725749 0.3635541
v -0.0733011 -0.0951120 0.3697945
v -0.2754126 0.2117501 0.0658245
v -0.1414092 0.1207739 0.1023448
v -0.1360446 0.1273921 0.0942038
v -0.0682099 0.0406385 0.0123810
v -0.1564987 0.0404342 0.1103371
v -0.0916618 0.0276038 0.0287925
v -0.1149540 0.2472586 0.1563851
v -0.0817280 -0.1525707 0.4200694
v 0.3145108 -0.1981099 0.0006106
v 0.2636580 0.1166134 0.0006106
v 0.3270918 -0.2012241 0.0006106
v 0.3418797 -0.2433481 0.0006106
v 0.2941131 -0.3085019 0.0006106
v 0.3572081 -0.2437980 0.0006106
v 0.3779683 -0.2567561 0.0006106
v 0.3428307 -0.0583477 0.0006106
v 0.2794486 0.0136755 0.0006106
v 0.2860714 0.0266639 0.0006106
v 0.2666851 0.1006556 0.0006106
v 0.3523725 -0.1074485 0.0006106
v 0.2786900 0.1138356 0.0006106
v 0.2061576 0.1893986 0.0006106
v 0.1844354 0.1904888 0.0006106
v 0.1694749 0.2776090 0.0006106
v 0.1806629 0.3266668 0.0006106
v 0.1097945 0.2743348 0.0006106
v 0.1556056 0.2831218 0.0006106
v 0.0513358 0.2584971 0.0006106
v 0.0109803 0.2264321 0.0006106
v 0.0339956 0.2207541 0.0006106
v 0.0621483 0.3611317 0.0006106
v -0.3651785 -0.2127945 0.0006106
v -0.3031716 -0.2905431 0.0006106
v -0.3074729 0.0391655 0.0006106
v -0.2399976 0.1300647 0.0006106
v -0.1117572 0.2785021 0.0006106
v -0.0849135 0.3422137 0.0006106
v -0.3459741 -0.0572101 0.0006106
v -0.3233859 -0.0137358 0.0006106
v -0.2918048 0.0677347 0.0006106
v -0.2334517 0.1965635 0.0006106
v -0.1567791 0.3006865 0.0006106
v -0.0583521 0.3170859 0.0006106
v -0.0218752 0.2538511 0.0006106
v -0.0090264 0.2122720 0.0006106
v -0.0379463 0.2111917 0.0006106
v -0.0459703 0.3229111 0.0006106
v 0.4794779 -0.2611443 0.0006106
v 0.3857607 -0.3813333 0.0006106
v 0.2950819 -0.3328594 0.0006106
v 0.3511542 -0.2567496 0.0006106
v 0.4112335 -0.3737001 0.0006106
v 0.2689804 -0.0061912 0.0006106
v 0.1654645 0.3410259 0.0006106
v 0.1206307 0.3144349 0.0006106
v 0.1068110 0.2242072 0.0006106
v 0.3566377 -0.0522077 0.0006106
v 0.3458154 -0.0048407 0.0006106
v 0.3461419 0.0243830 0.0006106
v 0.2652719 -0.0813408 0.0006106
v 0.2442501 -0.0483543 0.0006106
v 0.1778804 0.2166779 0.0006106
v 0.1731331 0.1347917 0.0006106
v 0.1416743 0.1708835 0.0006106
v 0.2099948 0.1441157 0.0006106
v 0.1994123 0.1560300 0.0006106
v 0.2570635 0.0905634 0.0006106
v 0.2189202 0.1991638 0.0006106
v 0.0636581 0.2673204 0.0006106
v 0.1304072 0.2517460 0.0006106
v 0.1240352 0.2091125 0.0006106
v 0.1558342 0.1730057 0.0006106
v 0.0413831 0.0835521 0.0006106
v 0.0121485 0.1192762 0.0006106
v 0.0130883 0.1071523 0.0006106
v 0.0048920 0.0328518 0.0006106
v 0.0269048 0.1009714 0.0006106
v 0.0232686 0.2318807 0.0006106
v 0.0251657 0.1171438 0.0006106
v 0.0428245 0.0683698 0.0006106
v -0.4085506 -0.3932245 0.0006106
v -0.4004989 -0.3588005 0.0006106
v -0.2937708 -0.3404965 0.0006106
v -0.3427870 -0.2799808 0.0006106
v -0.3536217 -0.2856902 0.0006106
v -0.3938656 -0.3457878 0.0006106
v -0.4226007 0.0230709 0.0006106
v -0.1028998 0.1911973 0.0006106
v -0.1682583 0.3430762 0.0006106
v -0.1616179 0.2900804 0.0006106
v -0.3491186 -0.1022448 0.0006106
v -0.3448676 0.0224891 0.0006106
v -0.2605541 -0.0308892 0.0006106
v -0.3040463 0.0562498 0.0006106
v -0.1555951 0.3696768 0.0006106
v -0.1512191 0.3114415 0.0006106
v -0.1530047 0.1614518 0.0006106
v -0.1837443 0.1905278 0.0006106
v -0.1931148 0.1985262 0.0006106
v -0.2471378 0.1877088 0.0006106
v -0.2384880 0.1466782 0.0006106
v -0.2570976 0.1794641 0.0006106
v -0.2238987 0.2488145 0.0006106
v -0.2143088 0.2225713 0.0006106
v -0.2164890 0.1419403 0.0006106
v -0.2094518 0.2754778 0.0006106
v -0.1798155 0.2045102 0.0006106
v -0.2360675 0.1626360 0.0006106
v -0.1622695 0.2264008 0.0006106
v -0.0633650 0.2728670 0.0006106
v -0.1448434 0.2398425 0.0006106
v -0.0003546 0.2342011 0.0006106
v 0.0003291 0.1141753 0.0006106
v 0.0011459 0.0172918 0.0006106
v -0.0296627 0.0567907 0.0006106
v -0.0213587 0.1206700 0.0006106
v -0.0314917 0.1118772 0.0006106
v -0.0240043 0.0210077 0.0006106
v -0.0449976 0.0366760 0.0006106
v -0.0332217 0.2741817 0.0006106
v -0.0722916 0.2341537 0.0006106
v -0.1296958 0.2774912 0.0006106
v -0.1204016 0.2655980 0.0006106
v 0.1456223 0.0963122 0.2288216
v 0.0999514 0.4192361 0.0246191
v 0.1150447 0.0000138 0.3044770
v 0.1762405 -0.0756520 0.1654912
v 0.0356121 -0.2240060 0.1176638
v -0.0116939 -0.3944246 0.3011704
v -0.1065525 -0.2116812 0.1318329
v -0.0783615 0.1440182 0.2503896
v -0.0324476 0.0399834 0.3100844
v -0.1567544 -0.0188835 0.2725063
v 0.2278643 0.2088687 0.0006106
v 0.3381978 -0.2073590 0.0006106
v 0.3175527 -0.2274880 0.0006106
v 0.2772099 0.0732848 0.0006106
v 0.1098639 0.2128155 0.0006106
v 0.1428199 0.2408304 0.0006106
v 0.3304209 -0.0073055 0.0006106
v 0.3255377 0.0059896 0.0006106
v 0.3215647 -0.0190725 0.0006106
v 0.1030271 0.2599295 0.0006106
v 0.1337050 0.3111176 0.0006106
v 0.1642198 0.2372756 0.0006106
v 0.0626733 0.3173206 0.0006106
v -0.0059282 0.1374832 0.0006106
v 0.0387914 0.0410327 0.0006106
v 0.0437562 0.2122633 0.0006106
v 0.1128378 0.1978662 0.0006106
v -0.2778243 -0.3159046 0.0006106
v -0.2752340 -0.0300759 0.0006106
v -0.0904803 0.2937979 0.0006106
v -0.1336235 0.2446431 0.0006106
v -0.0092274 0.1242649 0.0006106
v 0.4016539 -0.3487659 0.0006106
v 0.3879803 -0.2957776 0.0006106
v 0.3864560 -0.2451058 0.0006106
v 0.2913215 -0.3222841 0.0006106
v 0.3788455 -0.2970433 0.0006106
v 0.3841268 -0.2310707 0.0006106
v 0.3510787 -0.0805719 0.0006106
v 0.2561996 -0.0576097 0.0006106
v 0.2680452 -0.0520218 0.0006106
v 0.2452976 0.1733988 0.0006106
v 0.2448476 0.1597802 0.0006106
v 0.2190566 0.2487291 0.0006106
v 0.2153105 0.2596565 0.0006106
v 0.2486693 0.1842710 0.0006106
v 0.2367096 0.2160238 0.0006106
v 0.1760843 0.2320911 0.0006106
v 0.0456578 0.3191625 0.0006106
v 0.0290965 0.0309986 0.0006106
v 0.0382827 0.2621822 0.0006106
v -0.3117743 -0.2321819 0.0006106
v -0.2895055 -0.3127525 0.0006106
v -0.3007034 -0.3070706 0.0006106
v -0.2761088 0.1281272 0.0006106
v -0.1305051 0.3917297 0.0006106
v -0.1719252 0.2165870 0.0006106
v -0.3443025 -0.0861192 0.0006106
v -0.3423403 -0.0226898 0.0006106
v -0.3039743 0.0150928 0.0006106
v -0.1749496 0.2556859 0.0006106
v -0.2659926 0.1226397 0.0006106
v -0.0722958 0.3122021 0.0006106
v -0.0986382 0.2821623 0.0006106
v -0.0454696 0.3104078 0.0006106
v -0.0125852 0.3444295 0.0006106
v -0.0210385 0.2317161 0.0006106
v -0.0453563 0.0906802 0.0006106
v -0.0991719 0.2393118 0.0006106
v -0.0222424 -0.0263357 0.0006106
v 0.0612820 0.1299354 0.2636085
v 0.1670729 0.0728744 0.1777378
v -0.1540359 0.0591327 0.2370470
v -0.1356600 0.1661001 0.1142671
v 0.2221456 0.1481688 0.0006106
v 0.2195312 0.1341503 0.0006106
v 0.3537099 -0.2858933 0.0006106
v 0.3379625 -0.2805277 0.0006106
v 0.3112317 -0.2418613 0.0006106
v 0.3227765 0.0350395 0.0006106
v 0.3203148 -0.2553177 0.0006106
v 0.3651383 -0.2566103 0.0002527
v 0.2763442 -0.0269752 0.0006106
v 0.1335271 0.2694383 0.0006106
v 0.1393067 0.2970717 0.0006106
v 0.1428921 0.2835413 0.0006106
v 0.0940877 0.2173304 0.0006106
v 0.2990527 -0.0083266 0.0006106
v 0.3360322 0.0045923 0.0006106
v 0.1975707 0.1408310 0.0006106
v 0.2503293 0.1048917 0.0006106
v 0.2121085 0.2716050 0.0006106
v 0.1760265 0.3352375 0.0006106
v 0.1758656 0.2623058 0.0006106
v 0.0231284 0.3374661 0.0006106
v 0.0115396 0.3466440 0.0006106
v 0.1450372 0.3228111 0.0006106
v 0.1632422 0.2526253 0.0006106
v 0.0500285 0.2255754 0.0006106
v 0.0029868 0.3206069 0.0006106
v 0.0268485 0.2491115 0.0006106
v 0.0346036 0.3440966 0.0006106
v 0.0398019 0.1424089 0.0006106
v 0.1207570 0.3278431 0.0006106
v -0.3776386 -0.3185997 0.0006106
v -0.3734644 -0.2240572 0.0006106
v -0.3814640 -0.2331762 0.0006106
v -0.3391165 -0.2533934 0.0006106
v -0.3391246 -0.2055743 0.0006106
v -0.3156409 -0.2181256 0.0006106
v -0.3170342 -0.2049855 0.0006106
v -0.3206788 0.0410512 0.0006106
v -0.3523198 -0.2090925 0.0006106
v -0.4186186 -0.2527758 0.0006106
v -0.2162325 0.2619759 0.0006106
v -0.2751970 0.0655407 0.0006106
v -0.2483429 0.1023204 0.0006106
v -0.2495300 0.1574959 0.0006106
v -0.2308896 0.2369825 0.0006106
v -0.2842893 0.1074274 0.0006106
v -0.1156821 0.3016949 0.0006106
v -0.0821283 0.3013279 0.0006106
v -0.3324400 -0.0341340 0.0006106
v -0.2015709 0.2879041 0.0006106
v -0.2550090 0.1260211 0.0006106
v -0.1189372 0.3897365 0.0006106
v -0.1223359 0.3741254 0.0006106
v -0.0326117 0.3459199 0.0006106
v -0.0651174 0.3617601 0.0006106
v -0.0884403 0.2158137 0.0006106
v -0.1007713 0.3217391 0.0006106
v 0.3229891 -0.2801984 0.0006106
v 0.3926281 -0.3901631 0.0006106
v 0.3488136 -0.2045209 0.0006106
v 0.3356330 -0.2554534 0.0006106
v 0.2677708 -0.0676251 0.0006106
v 0.1194074 0.2237884 0.0006106
v 0.0841835 0.2400798 0.0006106
v 0.3438721 -0.0300791 0.0006106
v 0.3065885 -0.0187944 0.0006106
v 0.0818573 0.2253729 0.0006106
v 0.1873271 0.1521923 0.0006106
v 0.2330244 0.1539378 0.0006106
v 0.2308825 0.1385469 0.0006106
v 0.2516170 0.1220471 0.0006106
v 0.1733218 0.1901233 0.0006106
v 0.1211070 0.3914462 0.0006106
v 0.0962639 0.2334458 0.0006106
v 0.1537716 0.2586405 0.0006106
v 0.0469247 0.0521054 0.0006106
v 0.0400933 0.2486367 0.0006106
v 0.0289535 0.0742515 0.0006106
v 0.0400034 0.0975366 0.0006106
v 0.0322572 0.0162780 0.0006106
v 0.0341148 0.3290114 0.0006106
v 0.0887804 0.2697429 0.0006106
v -0.3114388 0.0049332 0.0006106
v -0.2576102 -0.3460772 0.0006106
v -0.3953103 -0.2533719 0.0006106
v -0.3916491 -0.2385593 0.0006106
v -0.3854167 -0.3334574 0.0006106
v -0.3727185 -0.2766267 0.0006106
v -0.3833746 -0.3756070 0.0006106
v -0.3557209 -0.2257010 0.0006106
v -0.3502207 -0.2583147 0.0006106
v -0.2936381 -0.2814143 0.0006106
v -0.3515720 -0.2717580 0.0006106
v -0.3019324 0.0303224 0.0006106
v -0.3160788 -0.2856942 0.0006106
v -0.3621020 -0.2658878 0.0006106
v -0.3255970 -0.2556626 0.0006106
v -0.3303117 -0.2810474 0.0006106
v -0.2879366 -0.0118858 0.0006106
v -0.1100532 0.2392964 0.0006106
v -0.1631882 0.1557122 0.0006106
v -0.1974111 0.2475343 0.0006106
v -0.3583449 -0.1167815 0.0006106
v -0.3546908 -0.0648224 0.0006106
v -0.3359944 -0.0136210 0.0006106
v -0.3459884 -0.0339910 0.0006106
v -0.2903641 0.0229208 0.0006106
v -0.1566691 0.2373640 0.0006106
v -0.2138127 0.1822142 0.0006106
v -0.2055165 0.2352610 0.0006106
v -0.2051571 0.1430244 0.0006106
v -0.2208339 0.1670331 0.0006106
v -0.0643725 0.2195966 0.0006106
v -0.1223001 0.2187472 0.0006106
v -0.0216775 0.3393638 0.0006106
v -0.0337641 0.0426694 0.0006106
v -0.0243373 0.0326282 0.0006106
v -0.0335606 -0.0012653 0.0006106
v -0.0981979 0.2055525 0.0006106
v 0.1393802 -0.2621170 0.1869445
v 0.1083756 -0.2875583 0.2032498
v 0.3703828 -0.3753811 0.0096663
v 0.3860337 -0.3212385 0.0292730
v 0.3251932 -0.2974485 0.0098834
v 0.2855863 -0.2211793 0.0338006
v 0.2635516 -0.1720735 0.1490658
v 0.2727003 -0.1648495 0.1438559
v 0.4070270 -0.2242135 0.0092804
v 0.3003711 -0.1728832 0.0135855
v 0.1812585 -0.1037953 0.2932772
v 0.2052801 -0.1452852 0.2485743
v 0.0487730 -0.3136772 0.2129379
v 0.0958203 -0.3300183 0.2559852
v 0.0549431 -0.2316438 0.4358907
v 0.0884992 -0.3452441 0.3981675
v 0.0058272 -0.4059396 0.3154862
v 0.1449731 -0.1346715 0.1184880
v 0.1067395 -0.1735063 0.1059088
v 0.0643018 -0.1666842 0.4220049
v 0.3560296 -0.0024405 0.0131170
v 0.3242102 -0.0400374 0.0257051
v 0.2935199 -0.0312844 0.0140415
v 0.3895999 0.0003456 0.0264436
v 0.2306696 0.1060705 0.1374651
v 0.1636832 0.3968505 0.0092106
v 0.2875161 0.1738954 0.0474689
v 0.1077166 0.2640014 0.0966780
v 0.0767507 0.3702363 0.0889717
v 0.0184277 0.2425991 0.2136833
v 0.0749333 0.2543752 0.1893328
v 0.1022736 0.1261269 0.2486921
v 0.1563090 0.1165394 0.1495282
v 0.1465228 0.1565129 0.1625172
v 0.0736042 0.1045304 0.0175659
v 0.1574078 0.0472950 0.2364199
v 0.0781651 0.3155870 0.1495387
v 0.0037119 0.3964923 0.0972398
v -0.0022569 0.3918169 0.0093814
v 0.0747972 0.1443207 0.0217644
v 0.1339966 0.1929356 0.1248632
v 0.2062679 0.0951448 0.0245413
v 0.0741855 0.3807242 0.0299866
v 0.0912579 0.1721079 0.0400015
v 0.0408566 -0.0618569 0.0126224
v 0.0219181 0.3909481 0.0164031
v 0.2175217 -0.2647467 0.3063663
v 0.0294600 -0.1736367 0.4112199
v 0.1766766 -0.2939046 0.3408590
v 0.2904598 0.1768652 0.1239818
v 0.3115413 0.0549261 0.0699856
v 0.0608500 -0.0762461 0.0286940
v -0.2641727 -0.3432907 0.0308321
v -0.2917230 -0.2066641 0.0149146
v -0.3297907 -0.2924492 0.0172381
v -0.2335770 -0.2012708 0.1791689
v -0.3425336 -0.1865058 0.0095162
v -0.0336884 -0.0614462 0.3561901
v -0.1643603 -0.2842039 0.2402632
v -0.0939834 -0.3875276 0.3495058
v -0.0925518 -0.3208326 0.4058418
v -0.0260127 -0.4170441 0.4146891
v -0.0070408 -0.1148105 0.3840098
v -0.1874855 -0.0992448 0.2514129
v -0.1451858 -0.1507542 0.1276777
v -0.2429478 -0.0921507 0.0286715
v -0.2693031 -0.0612896 0.0350166
v -0.1472020 0.4361796 0.0434759
v -0.1207677 0.4342383 0.0754437
v -0.2342847 0.3153239 0.0816640
v -0.1538473 0.1601337 0.1210708
v -0.0258912 0.2584461 0.2047577
v -0.1008097 0.1666704 0.0510722
v -0.0652828 0.3426588 0.1356456
v -0.1116046 0.2470933 0.0954109
v -0.0736594 0.1741339 0.0235790
v -0.0492275 0.1692783 0.0071780
v -0.0959887 0.1932636 0.0408678
v -0.0909866 0.1872567 0.0428211
v -0.2483782 0.0686205 0.0116285
v -0.1045820 0.3750569 0.0101162
v -0.1976125 0.1059932 0.0031066
v -0.1341020 -0.0150803 0.2993259
v -0.0320254 -0.2062286 0.1039429
v -0.0243191 -0.1498556 0.0639626
v -0.1458641 -0.3057500 0.3689626
v -0.2095686 0.2230700 0.1412335
v 0.1885934 0.2267561 0.0006106
v 0.1989147 0.2341106 0.0006106
v 0.0128632 0.0086348 0.0006106
v 0.1425836 0.2255954 0.0006106
v 0.0249654 0.1394058 0.0006106
v -0.2795025 -0.3500725 0.0006106
v -0.1466976 0.3971281 0.0006106
v -0.0455449 0.3712476 0.0006106
v 0.4416922 -0.2702604 0.0007125
v 0.3369592 -0.0967994 0.0006106
v -0.1854554 0.1270851 0.0006106
v -0.0083085 -0.0571544 0.0056210
v 0.1070066 -0.0674419 0.3435374
v 0.1795266 -0.0748870 0.2552499
v 0.1050889 -0.2224658 0.1398704
v 0.2590790 0.2344219 0.0592643
v 0.0616582 0.1407811 0.2579254
v 0.1318060 0.1044835 0.0766862
v 0.1157496 0.0888571 0.0509407
v 0.1474508 0.0854936 0.2324726
v 0.1623123 0.0503913 0.2244120
v 0.1576684 0.0096625 0.1103409
v 0.0564783 0.3318537 0.1503986
v 0.1409972 0.1692838 0.1344729
v 0.1320465 0.0398835 0.2716441
v 0.0702217 -0.2210114 0.1228058
v 0.0589962 -0.2089184 0.1109750
v -0.1633502 -0.2895342 0.2525069
v -0.0477142 -0.3633522 0.2738968
v -0.0778079 -0.2325269 0.1344561
v -0.0711482 -0.1868768 0.0988890
v -0.1308495 0.1449006 0.2161253
v -0.1614222 0.0794692 0.1421114
v -0.0852602 0.0614020 0.0236954
v -0.0874999 0.1504681 0.0324134
v -0.0648316 -0.0019983 0.0111996
v -0.1557314 -0.0291912 0.2812708
v -0.0571123 -0.1634887 0.0799007
v 0.0115125 0.2112328 0.0006106
v -0.3570548 -0.0772457 0.0006106
v -0.0505330 0.2969921 0.0006106
v -0.0068051 0.1993050 0.0006106
v 0.4692194 -0.2544861 0.0006106
v 0.4079601 0.0185794 0.0006106
v 0.3823749 -0.1025145 0.0006106
v 0.1489409 0.3841187 0.0006106
v 0.1547015 0.3699244 0.0006106
v 0.1513726 0.2971677 0.0006106
v 0.0177390 0.1302523 0.0006106
v 0.0221929 0.2165519 0.0006106
v -0.4142888 -0.3581378 0.0006106
v -0.1907468 0.2094707 0.0006106
v -0.0152683 0.1455142 0.0006106
v -0.0349726 0.3627681 0.0006106
v 0.1877877 0.0927633 0.0453432
v 0.2043336 0.0618779 0.0662099
v 0.2148946 0.0536390 0.0668340
v 0.3053583 0.0982478 0.0652958
v 0.1203160 0.1512397 0.2219746
v 0.0775975 -0.0092498 0.3229201
v 0.0081285 -0.3852916 0.2904586
v -0.1105305 0.1562705 0.2263451
v -0.0200761 0.1776322 0.2471246
v 0.1356184 0.1973724 0.0006106
v 0.1754409 0.2477995 0.0006106
v 0.0113102 0.1583729 0.0006106
v -0.2812479 0.0532011 0.0006106
v -0.2770554 0.0770383 0.0006106
v -0.1340262 0.2608736 0.0006106
v 0.3007092 0.0204017 0.0006106
v 0.1838416 0.2981728 0.0006106
v 0.2259163 0.2236977 0.0006106
v 0.1454429 0.3609841 0.0006106
v 0.1247865 0.2974282 0.0006106
v 0.1644312 0.2933358 0.0006106
v 0.0042878 0.2035988 0.0006106
v -0.1353781 0.4054892 0.0006106
v -0.0169020 0.3721060 0.0006106
v -0.0105466 0.2481870 0.0006106
v -0.1215260 0.2343275 0.0006106
v 0.1053712 -0.3242550 0.2551761
v 0.2264974 0.0532079 0.0569277
v 0.1509279 0.0306585 0.2546326
v 0.3593996 -0.2707544 0.0006106
v 0.3876939 -0.3396799 0.0006106
v 0.2300235 0.1967133 0.0006106
v 0.2024848 0.2488858 0.0006106
v 0.0771421 0.2620561 0.0006106
v 0.2052118 0.2063778 0.0006106
v 0.0148337 0.3157453 0.0006106
v -0.0078619 0.3133816 0.0006106
v -0.3591296 0.0267289 0.0006106
v -0.1355484 0.1945144 0.0006106
v -0.0102336 0.3594164 0.0006106
v -0.0289436 0.2871509 0.0006106
v 0.1479910 0.3103016 0.0006106
v 0.1602719 0.1879922 0.0006106
v 0.1242164 0.1919982 0.0006106
v 0.1464223 0.1852002 0.0006106
v 0.1610982 0.2675780 0.0006106
v 0.0103292 0.1422937 0.0006106
v 0.0256021 0.2645847 0.0006106
v 0.0237512 0.3232204 0.0006106
v 0.0244866 0.0475235 0.0006106
v -0.3369571 -0.2674609 0.0006106
v -0.1677272 0.2668728 0.0006106
v -0.1889102 0.1675937 0.0006106
v -0.1580249 0.2133310 0.0006106
v -0.1824569 0.2455503 0.0006106
v -0.1858489 0.1557278 0.0006106
v -0.1628882 0.1703077 0.0006106
v -0.1487676 0.1743774 0.0006106
v -0.1472962 0.2228744 0.0006106
v -0.0356657 0.0285323 0.0006106
v -0.0013926 -0.0001916 0.0006106
v -0.0323634 0.2254875 0.0006106
v -0.0253542 0.0075580 0.0006106
v -0.0240325 0.0972513 0.0006106
v -0.0226025 0.2154279 0.0006106
v -0.0199628 0.0440138 0.0006106
v -0.0375070 0.2619274 0.0006106
v -0.0360045 0.2498486 0.0006106
v -0.1757924 0.4141338 0.0579922
v -0.2941624 0.0523192 0.0554216
v -0.1077101 0.1667620 0.0611725
v 0.2251580 0.2379759 0.0006106
v 0.3583739 -0.0912021 0.0006106
v 0.0947577 0.3324860 0.0006106
v 0.1281118 0.3634004 0.0006106
v -0.3374248 0.0065064 0.0006106
v -0.1757702 0.1641393 0.0006106
v -0.1736979 0.1346053 0.0006106
v -0.2256516 0.1339905 0.0006106
v -0.0713340 0.3379073 0.0006106
v -0.1254339 0.3587575 0.0006106
v -0.1438091 0.3607534 0.0006106
v 0.1772545 0.2886953 0.0006106
v 0.1305407 0.3395148 0.0006106
v 0.1800727 0.2751754 0.0006106
v -0.1409671 0.3024040 0.0006106
v -0.0506467 0.2162194 0.0006106
v 0.3452978 -0.0950778 0.0006106
v 0.3144755 -0.0043805 0.0006106
v 0.2242895 0.1819142 0.0006106
v 0.0991244 0.2462277 0.0006106
v 0.1395374 0.1580344 0.0006106
v 0.0144752 0.0930571 0.0006106
v 0.0277496 0.0859636 0.0006106
v 0.0094235 0.0503485 0.0006106
v -0.1892435 0.2598403 0.0006106
v -0.1470269 0.1895978 0.0006106
v -0.1587751 0.2506444 0.0006106
v -0.0117309 0.0947491 0.0006106
v 0.1285808 0.2359120 0.0006106
v 0.1430325 0.2562861 0.0006106
v 0.1649560 0.2218217 0.0006106
v 0.1493010 0.1505712 0.0006106
v 0.0041251 0.1282561 0.0006106
v -0.0030440 0.1518295 0.0006106
v 0.1153671 0.1816011 0.0006106
v -0.1341760 0.2275046 0.0006106
v 0.3856542 -0.2849008 0.0006106
v 0.1766374 0.1630406 0.0006106
v 0.1444773 0.3980761 0.0006106
v 0.0248815 0.0058151 0.0006106
v 0.0320914 0.1289972 0.0006106
v -0.1392670 0.3747717 0.0006106
v -0.1317597 0.3674935 0.0006106
v -0.1715024 0.2811428 0.0006106
v -0.1445423 0.2562336 0.0006106
v -0.1428658 0.3319194 0.0006106
v 0.0006971 0.2184840 0.0006106
v 0.3595758 -0.2144344 0.0006106
v 0.2346753 0.2306462 0.0006106
v 0.1304446 0.4064477 0.0006106
v 0.2020155 0.2909788 0.0006106
v 0.1896182 0.2697832 0.0006106
v 0.1427315 0.3363516 0.0006106
v 0.1247928 0.3771258 0.0006106
v 0.1543485 0.2300792 0.0006106
v 0.0470189 0.3510777 0.0006106
v 0.0566482 0.2139548 0.0006106
v 0.0031852 0.3610947 0.0006106
v 0.0343763 0.3605497 0.0006106
v -0.1620717 0.3524067 0.0006106
v 0.0997251 0.2017974 0.0006106
v 0.1533650 0.2158512 0.0006106
v 0.1917251 0.2121771 0.0006106
v 0.2376452 0.1143627 0.0006106
v 0.0978769 0.2755968 0.0006106
v 0.1292046 0.1639348 0.0006106
v 0.0253811 0.3520605 0.0006106
v 0.0884743 0.2830197 0.0006106
v 0.0881666 0.2544656 0.0006106
v -0.1257792 0.1695783 0.0006106
v -0.1674599 0.2057055 0.0006106
v -0.1540507 0.3224596 0.0006106
v -0.1604364 0.1425718 0.0006106
v -0.1803719 0.2707461 0.0006106
v -0.1772498 0.3338107 0.0006106
v -0.1476101 0.1503917 0.0006106
v -0.0198995 0.1338202 0.0006106
v -0.0259605 0.2641338 0.0006106
v 0.3305823 -0.2722095 0.0344488
v 0.1267790 -0.2988433 0.2307094
v 0.0408407 -0.3457622 0.2519664
v 0.1758172 -0.0760762 0.2711305
v 0.3747726 -0.1285084 0.0006106
v 0.2852042 -0.0421862 0.0123595
v 0.3046088 0.1329286 0.0258116
v 0.1088029 0.4274604 0.0547156
v 0.1263016 0.4300957 0.0090911
v 0.2968462 0.1165219 0.0589753
v 0.2252597 0.3142961 0.0287750
v 0.2163893 0.1703926 0.1381725
v 0.1916557 0.1834000 0.1318986
v 0.1706441 0.0969176 0.0907955
v 0.1794388 0.2156024 0.1279447
v 0.1683026 0.0927867 0.0768183
v 0.3031214 0.1108314 0.0647240
v 0.1616260 0.1088638 0.0935518
v 0.0786109 0.3761619 0.0773630
v 0.0577088 0.3407867 0.1420752
v 0.0840495 0.1464914 0.0288293
v 0.1071619 0.1618635 0.0585276
v 0.0710248 0.3831226 0.0726844
v 0.0494932 0.3900910 0.0810441
v 0.1800760 0.1121740 0.0052266
v 0.0470102 -0.1535987 0.0708738
v 0.0978598 -0.3773207 0.3749844
v 0.1622835 -0.3001638 0.3587123
v 0.1676518 -0.1963005 0.4834818
v 0.2262153 -0.1891589 0.3268429
v 0.1644099 -0.2949967 0.4328087
v 0.2470101 0.0904936 0.1368399
v 0.2840526 0.1808447 0.1321361
v -0.1146182 -0.2177188 0.1431577
v -0.3162598 -0.1591435 0.0297585
v -0.4380392 -0.2629621 0.0240699
v -0.3861572 -0.3992864 0.0109083
v -0.3763270 -0.3605425 0.0237136
v -0.3632075 -0.2945493 0.0258567
v -0.2907063 -0.2516770 0.0107988
v -0.2286156 -0.1940508 0.1950242
v -0.2111891 -0.2307835 0.1909311
v -0.2219163 -0.2042135 0.2019907
v -0.2229240 -0.1105213 0.1132323
v -0.0729544 -0.3999676 0.3963179
v -0.0737904 -0.4091642 0.3569584
v -0.1837177 -0.0849011 0.2480047
v -0.1820940 -0.0683030 0.2297866
v -0.3333768 -0.0299916 0.0297621
v -0.3077595 0.1240993 0.0332003
v -0.1990363 0.3576751 0.0342484
v -0.1656255 0.4005373 0.0144822
v -0.1768330 0.4080744 0.0433367
v -0.1575259 0.4324281 0.0555360
v -0.1452069 0.4299881 0.0219013
v -0.2443701 0.2704670 0.0195760
v -0.1969822 0.3785424 0.0873234
v -0.0715137 0.3883561 0.0519387
v -0.0832676 0.1270206 0.0262137
v -0.1512146 0.0678010 0.1034018
v -0.0830578 0.2098021 0.2125995
v -0.1620364 0.1230004 0.0139790
v -0.0485495 0.1156614 0.0021086
v -0.0901239 -0.3934146 0.3649571
v -0.2292168 -0.2051066 0.4358574
v -0.1235039 -0.3226098 0.3701474
v 0.2669091 -0.3360182 0.0006106
v 0.3993556 -0.0066830 0.0006106
v -0.3229367 -0.1846627 0.0006106
v -0.2576728 0.0845014 0.0006106
v -0.3312103 -0.0588584 0.0007243
v 0.1818340 -0.2590666 0.1990895
v 0.1174240 -0.2997175 0.2245101
v 0.1626406 -0.1271065 0.1411930
v 0.0802272 -0.2280171 0.1317434
v 0.1742134 0.0009063 0.1793678
v 0.0035459 -0.1378660 0.0545907
v -0.1279000 0.1261589 0.2302807
v -0.0024346 0.0889272 0.2901419
v -0.1619338 0.0631776 0.2187165
v -0.0138873 0.2050380 0.2334805
v -0.0359212 -0.1941648 0.0957822
v -0.3959334 -0.3718482 0.0006106
v 0.2056906 -0.2372582 0.1896139
v 0.2865564 0.1896314 0.1240851
v -0.2216248 0.0703041 0.0464351
v -0.1384369 0.0108075 0.2806512
v 0.3349439 -0.2296376 0.0006106
v -0.0238053 0.1857992 0.0006106
v -0.4677580 -0.2556291 0.0006106
v 0.1528210 0.1022746 0.1230447
v 0.0795467 0.0334695 0.0203029
v -0.1454402 -0.0261336 0.2943319
v -0.0382401 0.2166453 0.2246166
v 0.2914877 -0.0208808 0.0006106
v 0.0154709 0.2731043 0.0006106
v -0.2828457 0.0001493 0.0006106
v -0.0278049 0.3713280 0.0006106
v 0.2918217 0.0513709 0.0006106
v -0.2519422 -0.0699204 0.0006106
v -0.0001180 0.3364623 0.0006106
v 0.0693136 0.3868156 0.0403362
v -0.0113179 0.2628677 0.0006106
v -0.1491313 0.4320461 0.0321765
v -0.2221724 0.2086599 0.0006106
v 0.2917041 0.0130735 0.0006106
v 0.0451560 0.3350883 0.0006106
v -0.1985650 0.1862630 0.0006106
v 0.1519904 0.3467372 0.0006106
v -0.0028453 0.3501638 0.0006106
v -0.1801126 0.3228365 0.0006106
v 0.1050738 0.1892430 0.0006106
v 0.0179236 0.0209963 0.0006106
v -0.1760554 0.2305333 0.0006106
v -0.0113165 0.0292006 0.0006106
v 0.1644175 0.0387660 0.2247668
v -0.0231091 0.3570749 0.0006106
v 0.1390602 0.2114737 0.0006106
v 0.0012244 0.2523978 0.0006106
v 0.1201386 0.3391271 0.0349448
v 0.4831066 -0.2229203 0.0006106
v 0.0191791 0.3032034 0.0006106
v 0.1379213 0.3505760 0.0006106
v 0.0175185 0.3623793 0.0006106
v 0.0103950 0.3744230 0.0006106
v 0.0272058 0.3741044 0.0006106
v -0.0186883 0.3095177 0.0006106
v 0.1869299 -0.2618366 0.2219863
v 0.3810558 -0.2109871 0.0348515
v 0.2833199 -0.1580267 0.1358568
v 0.3780501 -0.2044483 0.0216982
v 0.0347220 -0.3319651 0.2345580
v 0.0561285 -0.2580513 0.4365081
v 0.1120273 -0.1970712 0.1245309
v 0.3343768 -0.1048590 0.0107961
v 0.3358767 -0.0811682 0.0256911
v 0.2135326 0.3484229 0.1091186
v 0.1612009 0.1959929 0.1306778
v 0.1580778 0.0974072 0.1397661
v 0.0730316 0.2102687 0.0106115
v 0.1536893 0.1290396 0.0023506
v 0.0966310 -0.0982268 0.0603196
v 0.1827036 -0.2888783 0.3475969
v 0.1118197 -0.2406823 0.4797792
v 0.2212090 -0.2247536 0.4468157
v 0.2131106 -0.2178704 0.4549679
v 0.2363484 0.1388793 0.1396408
v 0.2760673 0.1623014 0.1411003
v 0.2240569 0.1897747 0.1431018
v -0.1116812 -0.2833222 0.2001016
v -0.2995510 -0.2362960 0.0403892
v -0.2716117 -0.3601849 0.0122813
v -0.2850111 -0.3570399 0.0158502
v -0.3812906 -0.2069064 0.0181931
v -0.3311682 -0.1832731 0.0076816
v -0.2403718 -0.1089926 0.1266486
v -0.1819712 -0.1041782 0.2910454
v -0.2221887 -0.1995325 0.4449982
v -0.1676402 -0.0411279 0.2641169
v -0.0580933 -0.1199427 0.3862127
v -0.4476417 0.0275974 0.0110201
v -0.1460773 0.4232902 0.0109825
v -0.3039618 0.1065007 0.0480791
v -0.2103725 0.3385558 0.0317320
v -0.2035618 0.3253787 0.0098896
v -0.1560666 0.3236367 0.1195907
v -0.2682382 0.2118871 0.0141018
v -0.1451201 0.3550042 0.1070382
v -0.1149499 0.2036275 0.0996277
v -0.3288257 -0.0594567 0.0068215
v -0.1043562 0.3877079 0.0051245
v -0.0342499 -0.2239513 0.1174613
v -0.2412326 -0.1769999 0.3703405
v -0.1813951 -0.2981312 0.3277731
v -0.0994401 -0.3804450 0.3570333
v -0.1760453 -0.2154706 0.4704309
v -0.1848551 -0.2886841 0.3364427
v -0.1754567 -0.2948413 0.3403629
v -0.3108780 0.0640914 0.1035833
v -0.0010975 0.1005050 0.0006106
v 0.0276241 0.1716414 0.0006106
v 0.3242106 -0.0437005 0.0008058
v -0.0369356 -0.0253822 0.0006106
v 0.2797136 0.1964620 0.0639030
v 0.1557316 0.0906549 0.1265947
v 0.0305886 -0.1267810 0.0502773
v 0.0336582 -0.1968347 0.0973888
v -0.1693201 -0.0887567 0.3029144
v -0.1735674 -0.1054347 0.1575277
v -0.1040510 -0.1709784 0.1029124
v -0.2410017 0.3059556 0.1038831
v -0.2071477 0.0640820 0.0936945
v -0.0696873 0.0661424 0.0134099
v -0.1121652 -0.0276057 0.0509963
v -0.0361605 0.3475558 0.1464935
v -0.0745453 0.1948694 0.2248005
v -0.1744257 0.0037162 0.1866575
v -0.1328501 -0.0756056 0.0815162
v 0.3972071 -0.2377212 0.0006106
v -0.3763894 0.0302668 0.0006106
v 0.2414604 0.2495745 0.0063106
v -0.1312437 0.1389117 0.0904104
v 0.2677271 0.1425544 0.0006106
v 0.0978227 0.3050350 0.0006106
v 0.2539528 -0.3326908 0.0006106
v 0.0171389 -0.0212649 0.0006106
v 0.0344753 -0.1857577 0.0896902
v 0.3358154 0.0310209 0.0006106
v -0.1711377 0.2960834 0.0006106
v 0.3791827 -0.3491933 0.0256292
v 0.1918117 -0.1249626 0.3083179
v -0.1926316 -0.1185772 0.2694846
v 0.3356247 0.0167314 0.0006106
v 0.2973147 -0.2931985 0.0006106
v -0.0100219 0.2260865 0.0006106
v 0.0332363 -0.2424501 0.4293741
v -0.3145858 -0.3216702 0.0093703
v -0.3286060 -0.0235361 0.0006106
v -0.3177911 0.0265009 0.0006106
v 0.2790124 -0.3297814 0.0006106
v 0.3727894 -0.2226486 0.0006106
v 0.0129443 0.3297405 0.0006106
v -0.1932052 0.3017728 0.0006106
v -0.0760671 0.2687141 0.0006106
v 0.0341408 0.2055216 0.0006106
v -0.1042155 0.2682325 0.0006106
v 0.4905067 -0.2261305 0.0117619
v 0.0931439 -0.2303449 0.1397104
v -0.2706498 0.0869881 0.0006106
v -0.0324205 0.3135965 0.0006106
v -0.3174424 0.0562495 0.0849514
v 0.1271930 0.1760663 0.0006106
v 0.1574111 0.3201985 0.0006106
v 0.1746438 -0.0824971 0.2816319
v 0.1663133 0.1207246 0.0035012
v -0.1527121 0.3509562 0.1156297
v -0.4319811 -0.2682770 0.0118705
v -0.1267783 0.3321163 0.0006106
v 0.3976062 0.0065337 0.0006106
v 0.1261611 -0.2142189 0.1500309
v 0.3067139 -0.1730662 0.0988581
v 0.3115557 -0.1625714 0.0899443
v 0.2031761 -0.1432091 0.1043895
v 0.2004413 -0.2050317 0.1296423
v 0.2726421 -0.1416794 0.0434148
v 0.2230123 -0.1558520 0.3685610
v 0.0274019 -0.1105067 0.3811627
v 0.1778462 0.4104482 0.0571620
v 0.1048736 -0.0148662 0.0432564
v 0.1006491 0.3017983 0.1352652
v 0.1042487 0.2997552 0.1268730
v 0.1274289 0.1919284 0.1111289
v 0.1205031 0.2007026 0.1062107
v 0.1465147 0.1337701 0.0090882
v 0.1576409 0.1259569 0.0110302
v 0.1822714 -0.2111331 0.4691781
v 0.1057488 -0.2491610 0.4739493
v -0.3901683 -0.2208580 0.0327458
v 0.0026391 -0.3794066 0.2838354
v -0.0639947 -0.3606804 0.2775041
v -0.2294574 -0.1595113 0.3829405
v -0.2802161 -0.0548502 0.0260768
v -0.3388899 0.0498253 0.0141340
v -0.2919946 0.1349969 0.0089077
v -0.2001497 0.3418525 0.1303319
v -0.2031579 0.3598469 0.1149220
v -0.2459325 0.2888876 0.1196995
v -0.0175015 0.3964552 0.0268589
v -0.1066706 0.2154230 0.0747607
v -0.1088983 -0.3686312 0.3492500
v -0.2188779 -0.2345757 0.4478525
v -0.2328637 -0.2540018 0.3738916
v -0.1713110 -0.3049140 0.3330827
v -0.1114487 -0.3028813 0.4081713
v 0.1100719 0.4228699 0.0063131
v 0.1980323 0.1184181 0.0006106
v -0.4177562 -0.2624093 0.0009549
v -0.0043087 -0.2207108 0.1126747
v -0.1269779 -0.1342981 0.0996600
v -0.1642015 0.2743469 0.1224249
v -0.2559196 0.0321409 0.0690413
v -0.0743445 0.0553815 0.0164932
v -0.1617869 0.0896619 0.1514071
v 0.2609000 -0.0302641 0.0006106
v 0.2867506 -0.1269442 0.1331725
v 0.0678152 -0.0359166 0.3377329
v 0.3086654 0.0404446 0.0747536
v 0.1003519 0.1579760 0.2318985
v -0.4238683 0.0471682 0.0231994
v -0.0542523 0.1205282 0.2700632
v 0.3072075 -0.3060559 0.0006106
v 0.0732267 0.2358837 0.0006106
v -0.2744187 0.0073939 0.0006106
v -0.1081525 0.3085057 0.0006106
v 0.2926014 -0.2810634 0.0006106
v 0.1612720 0.1431166 0.0006106
v -0.0068829 0.0448523 0.0006106
v -0.0851080 -0.3364942 0.2579249
v 0.3369751 -0.0177784 0.0006106
v 0.1505290 0.1630499 0.0006106
v 0.1153329 0.2479432 0.0006106
v -0.3263578 -0.2066518 0.0006106
v -0.1379200 0.1659122 0.0006106
v -0.1505845 0.3852016 0.0006106
v -0.0276984 0.1407628 0.0006106
v -0.0032176 -0.3873023 0.2925151
v 0.1171222 0.2858393 0.0006106
v 0.0192680 -0.2520646 0.4282769
v -0.1372743 0.3184378 0.0006106
v -0.0226135 0.2434663 0.0006106
v -0.0151266 0.1091159 0.0006106
v 0.0136188 0.2580723 0.0006106
v -0.0043014 0.3735684 0.0006106
v 0.2086186 0.1356790 0.1367045
v 0.3712805 -0.2017349 0.0098699
v 0.1848965 0.3957366 0.0599745
v -0.1018741 -0.3779272 0.3466279
v 0.1346957 0.1841210 0.0006106
v 0.0125043 -0.3748918 0.2796399
v 0.0390057 -0.2818476 0.4309203
v 0.1938799 -0.1331087 0.3808641
v 0.0873149 -0.2477818 0.4577546
v 0.0662629 -0.3610126 0.4200625
v 0.0939370 -0.3874864 0.3508489
v 0.2094864 0.0751575 0.0473938
v 0.1842800 0.2050734 0.1299510
v 0.1103682 0.3666720 0.0328452
v 0.0537440 0.0812493 0.0034250
v 0.1319620 -0.3444771 0.3245682
v 0.1040646 -0.2365298 0.4750099
v -0.2773741 -0.1604991 0.0288500
v -0.1910763 -0.1557085 0.1215208
v -0.2423482 -0.1765492 0.1775630
v -0.1887567 -0.1171593 0.2945818
v -0.0644963 -0.4109440 0.3469194
v -0.0449721 -0.1145684 0.3826235
v -0.3376152 -0.1045608 0.0257204
v -0.2345057 -0.0957707 0.0148854
v -0.2830515 -0.0722271 0.0134926
v -0.3769439 0.0248737 0.0323527
v -0.2640512 0.2420435 0.0674986
v -0.1055910 0.1939545 0.0662760
v -0.0842795 0.3653588 0.0084245
v -0.0422408 -0.0889144 0.0290427
v -0.0483184 -0.2538051 0.1451091
v -0.1781104 -0.1115764 0.3256887
v -0.0989310 -0.3788038 0.3730220
v -0.2176577 -0.1506858 0.3842205
v -0.1869290 0.2554983 0.1353609
v -0.1171824 -0.0607156 0.0623313
v 0.2789213 -0.0630018 0.0006106
v -0.2524019 -0.0965717 0.0006106
v 0.1441457 -0.0951477 0.1011756
v 0.0443795 -0.1195627 0.0484745
v -0.1577182 -0.0489360 0.2903775
v -0.1093304 -0.1800873 0.1115251
v 0.3831639 0.0307838 0.0006106
v -0.2805889 0.0221679 0.0006106
v -0.2529310 -0.3161282 0.0006106
v 0.2218790 -0.2196808 0.1766454
v 0.1607072 0.0771617 0.2130074
v -0.1812236 0.3015136 0.0006106
v -0.0086736 -0.3390600 0.2413623
v 0.4834641 -0.2389278 0.0006106
v 0.3495761 -0.0440361 0.0006106
v -0.0119472 0.0113559 0.0006106
v 0.4959897 -0.2368347 0.0137444
v -0.0026223 0.3957738 0.0189632
v 0.1830248 -0.1241563 0.3686306
v -0.3645355 0.0150003 0.0006106
v -0.1629885 0.0934383 0.1633760
v -0.0125247 0.2382130 0.0006106
v 0.0004856 0.2681210 0.0006106
v -0.2400829 0.3027857 0.1157715
v 0.1690108 0.0575013 0.1765435
v -0.2950768 0.0504478 0.0006106
v 0.2139154 -0.1172218 0.1181863
v 0.2029775 -0.1311979 0.1642660
v 0.2113563 -0.2301760 0.1756911
v 0.2111583 -0.1210990 0.0932481
v 0.2499112 -0.1914225 0.1217725
v 0.0982343 -0.3576006 0.3809612
v 0.0493800 -0.1281178 0.3907622
v 0.3715458 0.0275179 0.0316662
v 0.1063931 0.1728199 0.0612896
v 0.2034781 0.0984452 0.0086941
v 0.2264104 0.0841132 0.0124990
v 0.2521089 0.2836450 0.1032744
v -0.2888032 -0.3328557 0.0338702
v -0.0199439 -0.3319405 0.2332025
v -0.0005789 -0.3474276 0.2506579
v -0.0908802 -0.3299664 0.2524165
v -0.1515945 -0.2986232 0.2572497
v -0.0418409 -0.2550156 0.4320469
v -0.0686166 -0.3543003 0.4199222
v -0.1156894 0.2577532 0.1101453
v -0.1118782 0.2227224 0.0868673
v -0.0994351 -0.2866374 0.4381757
v -0.2681141 0.2487614 0.0971199
v 0.4235648 -0.2397314 0.0006106
v 0.0243335 0.1625515 0.0006106
v 0.0258332 -0.0787867 0.3654014
v 0.0619264 -0.2178247 0.1182237
v -0.2993861 0.1419543 0.0455496
v -0.2828277 0.1988916 0.0290722
v -0.0265285 0.1233598 0.2732239
v -0.1263206 0.1171082 0.0716475
v -0.1090123 -0.1347073 0.0860759
v -0.0124031 -0.2306776 0.1208832
v 0.1118383 0.1775511 0.0720989
v -0.3524895 0.0116187 0.0006106
v 0.4304951 -0.2489930 0.0006106
v -0.0125010 0.2878724 0.0006106
v 0.1702870 0.0464455 0.1815365
v 0.3901838 0.0205505 0.0006106
v 0.0743781 0.2475923 0.0006106
v 0.2271993 -0.1991012 0.3234810
v -0.0546943 0.3618999 0.0006106
v 0.0771862 0.3236298 0.0006106
v 0.0192386 0.1840009 0.0006106
v 0.0865464 0.3231068 0.0006106
v 0.1633958 0.3540460 0.0006106
v -0.0129433 0.1880566 0.0006106
v -0.0211842 0.3242778 0.0006106
v 0.2223218 -0.1861700 0.3181275
v -0.0097620 0.3282285 0.0006106
v -0.3202412 -0.1931409 0.0006106
v -0.1180178 -0.0479002 0.0600304
v 0.1190646 -0.2824908 0.2023929
v 0.3769093 -0.3791679 0.0222567
v 0.2035109 -0.1436528 0.3171388
v 0.0882738 0.3646000 0.0159279
v 0.1074514 0.3382474 0.0184487
v 0.0234005 0.0007277 0.3276739
v 0.1774976 -0.0265731 0.1997619
v 0.1907963 -0.2754374 0.4334792
v 0.3057106 0.1111842 0.1121305
v -0.3674472 -0.3259918 0.0073140
v -0.2466808 -0.1950456 0.1424047
v -0.0992079 -0.3459769 0.2820923
v -0.0409134 -0.3946223 0.4203120
v -0.0454652 -0.0783568 0.0235583
v -0.0729097 -0.2005100 0.4438211
v -0.1947682 0.2954584 0.1397531
v 0.0949208 0.3533961 0.0095442
v -0.3682435 -0.3205304 0.0007796
v -0.2351273 0.1062952 0.0008287
v 0.1543165 -0.0458874 0.2937227
v 0.2563319 0.2233684 0.0084119
v 0.1304581 0.1978547 0.1710164
v -0.0074302 -0.2137444 0.1074303
v 0.1357402 -0.0321006 0.3074031
v 0.0578111 0.0716614 0.2920639
v -0.0405923 -0.1961479 0.4231265
v -0.0948506 0.0491204 0.2902561
v 0.0991827 -0.0862327 0.0567192
v 0.0575779 0.3467738 0.0006106
v 0.0890928 0.3110159 0.0006106
v -0.1247266 0.2039334 0.0006106
# 9665 vertices, 0 vertices normals

f 1 2 3
f 3 4 1
f 3 5 6
f 6 4 3
f 6 7 8
f 8 4 6
f 8 9 1
f 1 4 8
f 12 13 11
f 14 13 12
f 14 7 6
f 6 13 14
f 6 5 10
f 10 13 6
f 16 6238 14
f 16 12 15
f 12 16 14
f 9 8 7352
f 23 18 456
f 17 18 23
f 457 2 1
f 1 9 19
f 19 457 1
f 20 19 9
f 21 456 6104
f 6104 456 19
f 22 23 651
f 22 17 23
f 23 456 21
f 651 23 21
f 12 11 24
f 24 7261 25
f 25 12 24
f 26 12 25
f 28 27 33
f 29 25 27
f 28 30 7354
f 31 30 28
f 15 12 26
f 26 25 29
f 29 32 26
f 35 9446 463
f 35 6110 6106
f 6106 9446 35
f 463 9446 34
f 38 9446 6106
f 31 33 34
f 34 6107 31
f 34 9446 6107
f 39 6107 38
f 40 9334 41
f 43 44 42
f 42 44 40
f 45 684 46
f 47 45 46
f 44 58 9334
f 48 6120 49
f 49 6109 48
f 41 47 6108
f 41 9334 47
f 52 44 43
f 54 53 17
f 56 51 57
f 54 17 22
f 22 55 54
f 684 45 1049
f 44 52 58
f 58 52 2585
f 467 59 35
f 59 6111 61
f 35 59 6110
f 62 68 8917
f 63 6111 62
f 60 6111 63
f 59 467 62
f 62 6111 59
f 65 6114 6112
f 60 64 6115
f 6116 6105 6117
f 36 6110 61
f 61 60 7262
f 70 6121 8917
f 71 64 63
f 63 8917 71
f 72 6121 70
f 70 73 6119
f 70 68 73
f 74 75 6120
f 74 6123 76
f 76 75 74
f 72 75 6121
f 6119 6125 6108
f 49 75 72
f 71 6121 76
f 76 9635 71
f 80 81 78
f 85 83 84
f 279 82 9207
f 85 285 9207
f 81 80 86
f 80 87 86
f 90 89 91
f 94 7263 93
f 89 90 94
f 98 96 97
f 91 89 96
f 96 107 91
f 98 107 96
f 97 96 99
f 93 99 89
f 93 92 99
f 89 99 96
f 100 105 101
f 102 100 101
f 102 101 116
f 113 103 104
f 106 98 105
f 105 100 108
f 108 106 105
f 107 98 106
f 106 82 107
f 100 83 108
f 108 83 85
f 103 113 112
f 97 99 112
f 99 92 95
f 109 84 83
f 83 100 102
f 109 83 102
f 109 110 291
f 102 110 109
f 101 105 111
f 98 111 105
f 98 97 111
f 111 97 112
f 113 111 112
f 111 115 101
f 111 113 115
f 114 113 104
f 115 113 114
f 116 101 115
f 115 114 116
f 110 117 306
f 110 102 117
f 102 116 118
f 102 118 117
f 80 117 118
f 78 306 117
f 80 78 117
f 116 120 118
f 116 114 120
f 120 114 119
f 7265 87 120
f 119 7265 120
f 118 120 87
f 123 124 7264
f 5657 124 5671
f 129 126 125
f 128 125 126
f 126 127 128
f 126 129 130
f 132 337 130
f 131 132 130
f 140 132 131
f 127 126 130
f 130 337 127
f 133 134 135
f 135 134 136
f 136 137 135
f 139 214 138
f 139 135 137
f 137 214 139
f 139 140 135
f 139 138 344
f 344 140 139
f 144 142 141
f 143 141 142
f 220 141 143
f 144 145 142
f 145 148 5675
f 5675 5659 145
f 122 121 146
f 6074 147 121
f 121 147 146
f 148 146 147
f 148 145 144
f 144 146 148
f 122 146 149
f 123 122 149
f 144 149 146
f 144 141 149
f 141 220 150
f 150 123 149
f 141 150 149
f 142 145 151
f 151 5659 152
f 145 5659 151
f 230 143 153
f 151 153 142
f 153 143 142
f 153 151 152
f 152 154 153
f 155 230 153
f 154 155 153
f 156 159 158
f 158 159 157
f 236 157 159
f 179 161 160
f 161 179 162
f 161 162 165
f 164 162 163
f 174 164 163
f 6076 9573 165
f 165 162 164
f 185 167 166
f 167 185 168
f 181 169 168
f 181 170 169
f 170 5664 188
f 171 172 9012
f 171 173 172
f 186 172 7268
f 174 163 175
f 176 174 175
f 175 166 173
f 173 171 176
f 176 5663 174
f 173 176 175
f 176 171 5665
f 180 177 178
f 178 170 180
f 179 160 182
f 180 160 177
f 182 160 180
f 181 168 182
f 180 181 182
f 170 181 180
f 168 185 182
f 163 183 175
f 163 162 184
f 184 183 163
f 179 184 162
f 185 166 183
f 184 185 183
f 184 179 182
f 182 185 184
f 166 175 183
f 187 191 186
f 186 167 187
f 186 7268 167
f 186 191 321
f 321 172 186
f 321 322 172
f 9012 172 322
f 189 169 188
f 187 167 168
f 168 190 187
f 189 190 169
f 190 168 169
f 190 189 320
f 190 192 187
f 91 107 196
f 196 197 91
f 197 90 91
f 236 159 198
f 7267 199 9337
f 7267 92 8415
f 8415 92 93
f 8415 7270 193
f 7263 94 311
f 7263 7270 8415
f 311 94 195
f 195 8413 311
f 124 200 201
f 124 201 5671
f 5680 5671 201
f 78 79 205
f 204 305 205
f 205 206 204
f 79 206 205
f 207 208 210
f 211 212 210
f 211 204 212
f 213 138 214
f 216 214 215
f 213 214 216
f 137 136 8926
f 215 214 137
f 137 8926 215
f 215 209 208
f 8926 209 215
f 216 215 207
f 215 208 207
f 217 219 218
f 220 219 227
f 219 220 218
f 218 220 143
f 5687 8919 5681
f 5721 222 5687
f 203 202 223
f 9636 8919 222
f 202 224 223
f 219 9636 224
f 219 224 227
f 202 201 200
f 225 227 224
f 224 202 225
f 200 124 123
f 226 200 123
f 226 227 225
f 225 200 226
f 225 202 200
f 150 220 227
f 226 123 150
f 150 227 226
f 8416 228 5739
f 221 217 8416
f 217 9416 8416
f 217 218 9416
f 218 143 230
f 230 229 9416
f 9416 218 230
f 155 229 230
f 231 232 233
f 157 236 235
f 234 235 236
f 245 237 240
f 239 5689 7272
f 240 237 7272
f 245 240 246
f 246 242 244
f 244 245 246
f 246 5706 242
f 250 271 249
f 258 250 249
f 249 271 252
f 252 253 251
f 271 253 252
f 250 258 257
f 250 257 273
f 8417 273 257
f 258 259 257
f 259 243 241
f 260 259 241
f 261 8417 257
f 260 261 259
f 262 254 255
f 264 251 254
f 262 264 254
f 263 264 262
f 264 265 251
f 264 263 265
f 238 237 266
f 266 263 238
f 265 263 266
f 237 245 267
f 266 267 268
f 237 267 266
f 268 249 252
f 252 251 265
f 265 268 252
f 265 266 268
f 249 268 269
f 270 245 244
f 245 270 267
f 244 243 270
f 269 268 267
f 267 270 269
f 243 269 270
f 258 249 269
f 243 258 269
f 243 259 258
f 271 250 272
f 253 271 324
f 272 250 273
f 272 273 323
f 273 8417 256
f 5728 323 256
f 275 274 5714
f 255 254 275
f 275 254 276
f 254 251 276
f 276 251 253
f 5736 280 8921
f 315 280 279
f 198 281 236
f 198 197 281
f 236 281 234
f 196 107 82
f 82 282 196
f 282 234 281
f 281 197 196
f 196 282 281
f 279 313 282
f 274 283 6079
f 247 248 283
f 326 247 283
f 277 278 284
f 85 84 284
f 247 277 84
f 84 277 284
f 285 85 284
f 285 284 278
f 103 95 288
f 104 103 288
f 288 303 104
f 286 303 288
f 290 296 289
f 289 296 291
f 292 290 289
f 289 293 292
f 287 286 294
f 95 92 9335
f 286 295 294
f 286 288 295
f 295 9337 294
f 288 95 295
f 248 247 296
f 297 247 84
f 296 247 297
f 291 297 109
f 296 297 291
f 297 84 109
f 290 248 296
f 290 6078 248
f 298 134 301
f 299 134 298
f 134 299 136
f 134 133 301
f 286 287 300
f 287 301 300
f 131 302 133
f 302 300 301
f 133 302 301
f 302 131 129
f 114 104 303
f 303 119 114
f 300 303 286
f 129 304 302
f 129 125 304
f 304 300 302
f 300 304 303
f 125 7265 119
f 304 119 303
f 125 119 304
f 289 8922 307
f 291 110 306
f 306 305 8922
f 205 306 78
f 305 306 205
f 293 289 307
f 307 305 211
f 211 210 308
f 308 307 211
f 308 293 307
f 208 209 309
f 308 309 293
f 308 210 208
f 208 309 308
f 195 94 90
f 194 7266 5729
f 194 159 7266
f 310 311 8413
f 5730 310 8413
f 195 90 197
f 195 198 194
f 198 195 197
f 198 159 194
f 311 310 7269
f 313 312 314
f 280 312 313
f 314 312 233
f 233 7271 314
f 234 282 313
f 314 234 313
f 279 280 313
f 9207 285 279
f 154 152 316
f 5709 156 316
f 8920 155 154
f 316 156 158
f 158 154 316
f 158 157 8920
f 158 8920 154
f 235 317 8920
f 235 8920 157
f 317 7271 318
f 235 7271 317
f 317 228 229
f 317 318 228
f 7271 233 232
f 232 318 7271
f 5708 8925 319
f 189 319 320
f 319 193 320
f 319 8925 193
f 192 190 320
f 320 193 7270
f 320 7270 192
f 191 187 192
f 191 192 7270
f 321 191 7269
f 321 310 322
f 321 7269 310
f 322 310 5741
f 272 323 315
f 323 8921 315
f 324 278 253
f 272 315 324
f 285 324 315
f 324 285 278
f 325 276 253
f 278 277 325
f 325 253 278
f 326 276 325
f 325 277 326
f 275 276 326
f 326 277 247
f 326 274 275
f 326 283 274
f 328 79 327
f 329 327 81
f 79 78 81
f 81 327 79
f 329 547 327
f 329 330 8419
f 8419 547 329
f 329 81 86
f 86 87 330
f 330 329 86
f 330 88 331
f 9448 333 334
f 332 333 9448
f 335 9447 331
f 128 335 88
f 335 331 88
f 127 332 9448
f 339 337 338
f 338 336 339
f 338 341 336
f 339 333 332
f 332 337 339
f 337 332 127
f 132 140 344
f 344 341 338
f 338 132 344
f 337 132 338
f 342 340 341
f 359 340 342
f 341 343 336
f 341 340 343
f 9451 342 213
f 9451 359 342
f 342 341 344
f 138 342 344
f 347 345 346
f 328 345 347
f 350 348 349
f 346 348 350
f 212 204 351
f 351 350 212
f 351 346 350
f 206 79 328
f 347 206 328
f 347 346 351
f 351 206 347
f 351 204 206
f 349 348 352
f 352 355 353
f 353 349 352
f 353 355 354
f 207 210 356
f 356 361 207
f 356 353 354
f 354 361 356
f 349 212 350
f 349 353 356
f 356 212 349
f 356 210 212
f 357 358 537
f 354 358 357
f 213 360 9451
f 213 216 360
f 360 357 9451
f 216 207 361
f 361 354 357
f 360 361 357
f 216 361 360
f 363 364 362
f 506 362 364
f 506 365 362
f 6124 362 365
f 365 366 6124
f 368 367 366
f 369 370 371
f 371 370 372
f 368 480 8923
f 374 369 373
f 373 369 371
f 376 369 374
f 374 377 376
f 375 376 377
f 377 378 375
f 380 381 375
f 382 380 378
f 383 380 382
f 380 375 378
f 383 390 379
f 379 380 383
f 364 363 417
f 364 417 384
f 386 502 384
f 384 385 386
f 385 387 388
f 388 387 421
f 421 389 9449
f 386 385 388
f 388 497 386
f 392 389 390
f 390 9583 392
f 389 392 9449
f 363 362 393
f 393 8420 9450
f 9450 363 393
f 395 393 362
f 395 394 393
f 396 397 398
f 399 397 396
f 395 362 6124
f 6124 366 397
f 397 399 6124
f 399 394 395
f 397 366 367
f 367 398 397
f 401 402 398
f 400 402 401
f 367 368 372
f 372 401 367
f 372 370 403
f 403 401 372
f 403 400 401
f 401 398 367
f 370 369 404
f 407 370 404
f 407 400 403
f 403 370 407
f 406 408 405
f 440 407 406
f 404 369 376
f 406 407 404
f 376 375 408
f 404 408 406
f 376 408 404
f 405 413 412
f 405 408 413
f 413 410 9584
f 408 375 381
f 381 413 408
f 381 380 410
f 410 413 381
f 379 390 411
f 410 411 445
f 410 380 379
f 379 411 410
f 385 384 417
f 417 415 385
f 416 415 417
f 417 363 9450
f 9450 414 416
f 417 9450 416
f 418 419 420
f 420 387 418
f 420 421 387
f 387 385 415
f 418 387 415
f 420 419 422
f 424 422 423
f 420 422 424
f 409 445 423
f 390 389 425
f 425 411 390
f 423 411 425
f 421 420 424
f 424 389 421
f 424 423 425
f 425 389 424
f 427 428 426
f 429 428 427
f 446 430 426
f 430 414 8420
f 8420 394 427
f 427 426 430
f 431 427 394
f 431 429 427
f 431 394 399
f 9566 9585 431
f 396 398 434
f 396 434 433
f 438 435 436
f 436 432 434
f 434 398 402
f 402 436 434
f 400 407 437
f 437 438 400
f 438 436 402
f 400 438 402
f 441 439 440
f 442 435 438
f 438 437 442
f 437 440 439
f 442 437 439
f 437 407 440
f 405 441 440
f 440 406 405
f 454 443 409
f 441 412 444
f 444 412 443
f 412 441 405
f 409 443 9584
f 447 446 466
f 447 430 446
f 450 448 466
f 450 449 448
f 449 415 416
f 416 448 449
f 430 447 414
f 447 466 448
f 448 416 414
f 414 447 448
f 451 449 450
f 451 450 7273
f 7273 452 451
f 419 451 452
f 451 419 418
f 418 415 449
f 449 451 418
f 454 409 455
f 453 454 455
f 453 452 462
f 462 454 453
f 423 455 409
f 422 455 423
f 422 453 455
f 419 452 453
f 453 422 419
f 461 19 456
f 461 457 19
f 457 458 2
f 18 17 459
f 459 435 18
f 18 460 456
f 442 460 435
f 442 439 461
f 461 460 442
f 461 456 460
f 439 441 458
f 457 439 458
f 461 439 457
f 2 458 444
f 444 3 2
f 5 3 444
f 458 441 444
f 444 443 5
f 462 24 11
f 10 454 462
f 462 452 24
f 462 11 10
f 452 7261 24
f 469 35 463
f 463 34 464
f 469 463 464
f 464 34 33
f 33 465 464
f 7273 450 465
f 465 27 7273
f 465 466 464
f 450 466 465
f 476 68 62
f 467 476 62
f 468 476 467
f 467 35 469
f 469 468 467
f 466 446 470
f 470 468 469
f 470 464 466
f 464 470 469
f 470 471 468
f 446 471 470
f 472 9278 7274
f 476 468 6126
f 69 476 6126
f 471 446 426
f 473 6126 471
f 6126 468 471
f 428 429 475
f 474 428 475
f 473 428 474
f 473 426 428
f 477 43 42
f 478 477 42
f 8422 477 9290
f 472 474 479
f 479 475 9290
f 478 42 40
f 9290 475 9585
f 9566 7275 9585
f 8421 17 53
f 8421 459 17
f 50 43 477
f 459 436 435
f 480 8924 8923
f 482 374 373
f 373 371 481
f 378 377 483
f 374 484 377
f 377 484 483
f 485 484 482
f 486 484 485
f 486 483 484
f 484 374 482
f 490 483 487
f 487 483 486
f 391 9583 488
f 488 489 391
f 382 378 483
f 490 382 483
f 488 382 490
f 488 383 382
f 490 487 491
f 492 488 490
f 490 491 492
f 494 392 391
f 489 493 495
f 496 499 9586
f 503 386 497
f 497 9449 498
f 9449 499 498
f 499 500 498
f 496 500 499
f 501 504 503
f 497 501 503
f 498 501 497
f 508 364 384
f 502 508 384
f 502 386 503
f 505 503 504
f 505 502 503
f 505 508 502
f 507 9587 506
f 509 507 506
f 506 508 509
f 364 508 506
f 508 505 509
f 368 366 510
f 510 480 368
f 366 365 510
f 507 511 9587
f 510 511 480
f 512 574 513
f 514 334 515
f 515 513 514
f 512 513 515
f 544 516 571
f 516 334 514
f 571 516 514
f 334 516 9447
f 516 544 517
f 518 515 333
f 518 512 515
f 333 515 334
f 520 519 7276
f 520 521 519
f 522 574 512
f 518 333 339
f 523 518 339
f 521 518 523
f 521 512 518
f 524 531 519
f 519 521 523
f 523 524 519
f 523 339 336
f 336 524 523
f 525 526 527
f 529 527 528
f 529 533 525
f 525 527 529
f 528 7276 531
f 528 527 530
f 530 7276 528
f 524 336 343
f 343 532 524
f 343 340 532
f 532 528 531
f 524 532 531
f 529 528 532
f 532 340 533
f 532 533 529
f 535 526 525
f 525 533 536
f 536 535 525
f 359 536 533
f 537 536 359
f 537 534 536
f 537 358 534
f 538 355 352
f 352 539 538
f 540 355 538
f 358 354 355
f 355 540 358
f 540 534 358
f 348 539 352
f 541 346 345
f 346 541 348
f 541 539 348
f 328 327 542
f 542 345 328
f 327 543 542
f 543 327 547
f 547 8419 545
f 546 547 545
f 543 547 546
f 517 544 545
f 545 8419 517
f 487 486 549
f 549 548 487
f 550 548 549
f 549 485 552
f 549 486 485
f 522 520 553
f 553 552 522
f 553 550 552
f 7277 7276 554
f 554 548 7277
f 553 7277 550
f 553 520 7277
f 493 555 561
f 493 492 556
f 556 555 493
f 491 487 548
f 548 557 491
f 557 558 556
f 556 492 491
f 491 557 556
f 554 7276 530
f 530 558 554
f 530 527 558
f 558 555 556
f 557 548 554
f 554 558 557
f 526 561 555
f 555 527 526
f 558 527 555
f 496 495 560
f 560 559 496
f 495 493 561
f 495 561 560
f 535 562 526
f 562 560 561
f 526 562 561
f 535 534 563
f 559 560 562
f 562 563 559
f 535 563 562
f 501 498 500
f 500 564 565
f 565 501 500
f 504 501 565
f 500 496 559
f 564 500 559
f 563 534 540
f 564 540 538
f 564 559 563
f 563 540 564
f 539 504 565
f 565 564 538
f 538 539 565
f 567 566 505
f 567 505 504
f 541 567 539
f 567 504 539
f 541 345 566
f 541 566 567
f 569 568 507
f 509 505 566
f 569 509 566
f 566 345 569
f 569 542 543
f 543 568 569
f 480 570 572
f 511 570 480
f 570 571 572
f 511 507 568
f 568 543 546
f 546 511 568
f 571 570 544
f 570 511 546
f 546 545 544
f 544 570 546
f 482 373 481
f 572 571 9336
f 551 481 9336
f 481 8924 9336
f 573 551 9336
f 9336 571 573
f 573 574 551
f 573 514 513
f 513 574 573
f 5741 310 5730
f 5732 8925 5708
f 5730 8413 5729
f 5696 248 6078
f 248 5696 5720
f 312 280 5722
f 280 5736 5722
f 301 287 576
f 301 576 298
f 5726 292 577
f 5726 290 292
f 292 293 577
f 287 578 576
f 287 294 578
f 578 9521 5684
f 294 9521 578
f 6080 579 580
f 8926 136 581
f 581 5695 5727
f 580 581 5727
f 209 8926 580
f 579 6080 5718
f 579 577 293
f 209 580 309
f 309 579 293
f 581 136 299
f 5695 581 299
f 5737 299 298
f 5729 7266 5672
f 575 233 312
f 587 585 584
f 6128 585 6127
f 6129 6130 6131
f 592 594 6132
f 592 6132 6131
f 587 586 8097
f 587 8097 8096
f 7278 9492 7279
f 8099 7278 7280
f 6128 6127 6135
f 597 598 596
f 604 6136 605
f 6136 624 605
f 606 607 608
f 607 599 608
f 613 6138 614
f 6138 6137 615
f 604 603 616
f 618 619 617
f 6138 619 6137
f 617 619 6138
f 6139 6140 6141
f 6142 6143 6141
f 628 613 629
f 613 7281 629
f 631 632 7284
f 626 632 9417
f 8101 6146 6147
f 633 8927 6147
f 617 6138 7287
f 628 636 7287
f 628 627 6145
f 8113 636 8102
f 635 7285 8113
f 637 631 7284
f 640 631 637
f 640 642 641
f 640 637 639
f 6151 6149 6150
f 6148 6151 6146
f 644 645 646
f 642 638 647
f 638 648 647
f 648 674 650
f 642 647 6152
f 651 21 6156
f 649 651 6156
f 652 651 650
f 20 9 6154
f 653 6155 6154
f 655 8103 6155
f 6152 649 6158
f 655 6157 8103
f 659 660 661
f 2693 665 1137
f 666 669 2591
f 648 638 672
f 2590 2664 673
f 675 676 783
f 675 6160 677
f 677 676 675
f 678 676 677
f 679 6188 680
f 680 681 6159
f 6159 6160 6161
f 682 6120 48
f 48 6109 7288
f 6162 681 682
f 684 685 46
f 684 1046 685
f 677 6160 7288
f 683 685 677
f 46 685 683
f 6188 686 680
f 688 7289 686
f 681 7289 9208
f 6122 692 6164
f 6123 7290 8918
f 7290 9279 6165
f 74 6120 682
f 682 9208 74
f 682 681 9208
f 6169 6170 6168
f 694 9338 6170
f 697 6169 6171
f 700 694 697
f 6172 6164 6173
f 691 6174 6173
f 701 702 6175
f 1003 712 711
f 719 995 720
f 718 717 719
f 721 1025 718
f 718 719 721
f 723 1001 724
f 724 725 723
f 728 726 727
f 728 7292 729
f 731 7292 728
f 9064 9525 7292
f 734 733 9525
f 729 7292 732
f 736 6178 737
f 737 6585 736
f 738 6585 737
f 738 746 6585
f 726 6177 739
f 726 729 8104
f 741 738 737
f 737 6177 741
f 739 6177 6178
f 740 741 730
f 743 741 740
f 743 738 741
f 743 742 6179
f 752 753 760
f 760 754 752
f 763 755 2581
f 768 767 735
f 768 6182 9209
f 769 767 768
f 733 734 770
f 770 9597 6180
f 6181 6180 6182
f 6170 9338 772
f 769 9209 6183
f 768 9209 769
f 6179 775 744
f 742 775 6179
f 6186 775 7295
f 774 775 6186
f 6184 7295 742
f 742 740 6184
f 7293 6183 6185
f 8579 7294 6185
f 686 6188 6187
f 777 778 1034
f 780 6586 774
f 778 6586 780
f 679 781 6188
f 782 781 679
f 780 774 6187
f 6187 781 780
f 783 676 1041
f 776 782 779
f 782 6161 783
f 2594 2654 2595
f 663 664 790
f 798 799 800
f 799 798 797
f 947 798 800
f 808 7299 6189
f 809 7299 808
f 805 7299 7298
f 806 7299 805
f 9526 864 802
f 809 9526 801
f 809 808 8428
f 815 816 2733
f 819 822 823
f 826 9452 828
f 827 829 828
f 829 830 831
f 610 609 2556
f 829 827 835
f 827 832 835
f 601 600 6584
f 836 6190 837
f 830 9527 834
f 826 846 9452
f 847 844 848
f 850 7284 630
f 610 832 7301
f 832 827 852
f 845 844 853
f 637 7284 850
f 6191 6588 6192
f 639 6192 6193
f 6587 672 6193
f 753 752 2771
f 860 7580 859
f 8423 9339 6194
f 862 9339 7297
f 862 860 859
f 859 9339 862
f 6201 9339 859
f 865 802 864
f 865 860 862
f 862 802 865
f 865 866 860
f 868 6196 6195
f 869 6196 868
f 869 870 6196
f 878 7306 877
f 869 877 7307
f 7308 7309 7310
f 883 6199 6198
f 884 7312 885
f 883 885 886
f 891 892 894
f 836 600 895
f 600 1165 895
f 871 6194 8931
f 7316 8424 6201
f 903 911 904
f 904 8424 903
f 905 1158 908
f 908 911 903
f 903 905 908
f 907 911 908
f 875 876 909
f 874 872 910
f 872 904 910
f 907 8425 912
f 921 913 914
f 913 915 918
f 918 915 916
f 916 917 918
f 914 913 918
f 918 919 914
f 918 917 919
f 921 923 920
f 922 995 923
f 920 923 995
f 924 915 929
f 925 926 927
f 927 928 925
f 925 928 924
f 928 3786 916
f 916 915 924
f 924 928 916
f 930 929 931
f 924 929 930
f 933 8426 925
f 925 930 933
f 925 924 930
f 930 931 932
f 934 935 716
f 716 935 942
f 935 938 942
f 936 932 931
f 931 943 936
f 937 936 943
f 935 934 8932
f 939 938 935
f 938 983 937
f 939 983 938
f 798 947 940
f 941 940 946
f 800 940 9529
f 942 940 948
f 943 800 9529
f 944 947 800
f 929 944 800
f 915 944 929
f 915 913 944
f 913 921 945
f 945 944 913
f 945 947 944
f 947 946 940
f 945 921 920
f 920 946 945
f 945 946 947
f 946 920 941
f 797 940 800
f 800 799 797
f 940 797 798
f 948 940 941
f 719 941 995
f 717 941 719
f 717 948 941
f 941 920 995
f 716 942 948
f 716 948 717
f 793 815 949
f 815 2696 949
f 6202 984 951
f 952 6202 951
f 753 954 953
f 987 6202 950
f 760 753 953
f 953 756 760
f 959 953 952
f 962 1026 9530
f 964 965 999
f 967 966 731
f 969 727 968
f 967 8427 969
f 1010 970 971
f 971 965 964
f 969 971 964
f 1010 971 969
f 807 972 973
f 973 808 6189
f 933 973 8426
f 974 973 933
f 808 973 6203
f 974 7319 975
f 977 936 937
f 937 976 977
f 978 2768 866
f 979 978 866
f 976 978 979
f 975 980 864
f 975 7319 980
f 980 976 979
f 979 865 864
f 864 980 979
f 7319 932 936
f 977 7319 936
f 977 976 980
f 980 7319 977
f 981 2768 978
f 978 976 982
f 982 981 978
f 986 981 982
f 976 937 983
f 983 939 7320
f 7320 986 982
f 982 983 7320
f 976 983 982
f 984 986 7320
f 984 6202 987
f 989 7664 988
f 7664 914 919
f 914 7664 989
f 988 7664 990
f 707 991 993
f 923 921 992
f 988 706 993
f 921 914 989
f 989 988 992
f 992 921 989
f 992 991 923
f 707 994 922
f 1013 994 707
f 1000 711 997
f 710 998 709
f 709 998 997
f 965 997 998
f 998 999 965
f 1000 971 970
f 1000 997 965
f 965 971 1000
f 1003 711 1004
f 1004 1005 1001
f 711 1005 1004
f 739 1006 968
f 739 6178 1006
f 1007 1010 968
f 968 1006 1007
f 960 1007 1006
f 1006 6178 1008
f 6178 736 1008
f 960 724 1009
f 1009 1007 960
f 1009 970 1010
f 1010 969 968
f 1009 1010 1007
f 724 1001 1009
f 1005 1009 1001
f 1009 1005 970
f 714 713 1012
f 714 1012 1015
f 1012 1011 1014
f 1012 713 712
f 712 1011 1012
f 1011 712 1003
f 1017 1011 1003
f 1002 722 1019
f 721 720 1018
f 722 1021 1020
f 722 723 1021
f 1021 1024 1020
f 1018 1019 1020
f 1019 722 1020
f 1021 1022 1024
f 1022 723 725
f 723 1022 1021
f 1024 1022 1023
f 9530 1023 1022
f 1026 1027 9530
f 761 1039 785
f 6113 6172 6204
f 701 6175 6205
f 65 6204 6208
f 6171 6209 6210
f 1054 6211 6210
f 6206 6213 6212
f 6206 6205 6213
f 1057 6216 6212
f 6563 6116 6217
f 6118 6218 6217
f 6208 6207 6219
f 1063 6220 6564
f 1062 6220 6219
f 1067 1066 9453
f 1068 1069 884
f 1068 6224 1069
f 9453 6221 884
f 6222 6129 7323
f 586 7322 590
f 1069 1071 6223
f 1073 7325 7324
f 6130 6139 6225
f 1075 7327 6227
f 592 6225 6227
f 7329 7326 7328
f 1079 7332 7333
f 7335 7334 7327
f 635 7336 7286
f 1082 7339 7338
f 7346 1083 6232
f 646 1085 644
f 9017 6229 1085
f 646 643 6230
f 1088 7345 7344
f 1086 1089 6233
f 1087 1089 6231
f 1090 1092 6233
f 6230 6157 6234
f 655 6235 6234
f 1094 1093 6235
f 1094 6237 7351
f 7351 1093 1094
f 1095 1096 7352
f 7353 1097 1095
f 1097 6237 1094
f 653 1096 6235
f 1098 1099 6236
f 1100 7349 6236
f 1097 7353 7348
f 1100 1102 7349
f 1104 7353 1103
f 6239 6103 9280
f 1103 1105 6239
f 1103 6238 16
f 16 1105 1103
f 1107 1108 6240
f 1109 6239 9280
f 1106 6240 9280
f 1098 1104 6241
f 1098 7353 1104
f 1109 1108 6241
f 32 29 6242
f 1111 6243 6242
f 6244 8117 1114
f 1110 6244 1114
f 30 6244 7354
f 6245 6246 6247
f 1117 6248 6247
f 6251 6245 6252
f 1115 8935 6252
f 1125 7360 7358
f 1112 39 9340
f 6105 6253 9434
f 2649 1139 2648
f 1146 1147 766
f 1149 1150 2602
f 2709 2707 794
f 1148 2711 1151
f 860 866 861
f 881 875 8936
f 898 902 7361
f 1161 1162 6255
f 1163 6200 1164
f 6200 7311 1164
f 600 7568 1165
f 1166 6257 6256
f 1166 1162 6259
f 1161 1160 1167
f 6140 6222 6260
f 7362 1168 1070
f 1166 1168 1169
f 6142 6260 6256
f 1068 884 9589
f 9589 6200 1163
f 1163 6261 9589
f 1163 1162 6261
f 6261 7362 1068
f 1172 1204 1171
f 1170 1204 1172
f 1172 1173 1170
f 1196 1185 1177
f 1197 1356 1360
f 1179 1180 1181
f 1181 1182 1171
f 1373 1289 1183
f 1185 1196 1186
f 1369 1185 1186
f 1186 1187 1369
f 1189 1184 1183
f 1189 1190 1175
f 1175 1184 1189
f 1192 1195 1190
f 1192 1202 1193
f 1201 1187 1193
f 1201 1193 1202
f 1190 1195 1178
f 1178 1176 1175
f 1178 1195 1196
f 1196 1177 1197
f 1196 1197 1178
f 1198 1188 1194
f 1189 1183 1191
f 1198 1189 1191
f 1198 1199 1189
f 1198 1191 1188
f 1196 1195 1186
f 1195 1193 1186
f 1195 1192 1193
f 1193 1187 1186
f 1190 1199 1192
f 1198 1194 1200
f 1199 1200 1192
f 1200 1202 1192
f 1199 1198 1200
f 2396 1187 1201
f 1171 1204 1201
f 1203 1201 1202
f 1205 1202 1200
f 1194 1366 1205
f 1205 1200 1194
f 1179 1181 1205
f 1181 1171 1203
f 1203 1202 1205
f 1181 1203 1205
f 1206 1208 1210
f 1207 1209 1294
f 1206 1207 1211
f 1216 1217 1212
f 1492 1180 1215
f 1180 1179 1216
f 1216 1215 1180
f 1212 1215 1216
f 1212 1213 1214
f 1214 1215 1212
f 1212 1217 1218
f 1213 1212 1218
f 1219 1213 1218
f 1220 1219 5795
f 1220 1213 1219
f 1222 1221 1224
f 1224 1225 1222
f 1223 1222 1225
f 1225 1224 1226
f 1228 1234 1226
f 1227 1228 1226
f 1234 1225 1226
f 1227 1230 5742
f 1206 1229 1208
f 1227 1226 1230
f 1230 1208 1229
f 1226 1224 1231
f 1230 1231 1208
f 1226 1231 1230
f 7364 1210 1232
f 1224 1221 1232
f 1232 1231 1224
f 1232 1208 1231
f 1221 7363 1233
f 7364 1221 1233
f 1232 1221 7364
f 1234 1236 1225
f 1234 1228 1235
f 1376 1234 1235
f 1375 1376 1235
f 1376 1236 1234
f 1236 1223 1225
f 1236 1237 1223
f 1285 1284 1241
f 1239 1285 1241
f 1241 1284 1240
f 1265 1242 1243
f 1242 8432 8431
f 1247 1244 1246
f 1246 1244 8432
f 1273 1248 1249
f 1250 1273 1249
f 1267 1252 1251
f 1250 1249 1251
f 1252 1267 1253
f 1253 1254 1252
f 1253 1255 1257
f 1254 1253 1257
f 1263 1258 5751
f 1259 1248 8940
f 1262 1244 1247
f 1247 1260 1262
f 1259 1261 1272
f 1259 1258 1261
f 1261 1262 1260
f 1272 1261 1260
f 1258 1263 1261
f 5755 1244 1262
f 1263 1262 1261
f 1262 1263 5753
f 1264 1243 8431
f 1264 1256 1243
f 1255 1253 1256
f 1253 1267 1256
f 1265 1243 1266
f 1256 1266 1243
f 1267 1251 1268
f 1266 1267 1268
f 1256 1267 1266
f 1251 1249 1268
f 1265 1266 1268
f 1247 1269 1260
f 1247 1245 1269
f 1270 1245 1265
f 1269 1245 1270
f 1249 1270 1268
f 1249 1248 1271
f 1271 1270 1249
f 1271 1269 1270
f 1270 1265 1268
f 1248 1259 1272
f 1272 1260 1269
f 1271 1272 1269
f 1248 1272 1271
f 1383 1252 1254
f 1250 1251 1382
f 1382 1252 1383
f 1382 1251 1252
f 1276 9590 1280
f 1373 1281 8937
f 1184 1175 1283
f 1283 1282 1184
f 1361 1284 1282
f 1284 1285 1282
f 1286 1288 1276
f 1280 2383 1286
f 1289 1276 1288
f 1288 1188 1191
f 1191 1289 1288
f 1276 1290 9590
f 1289 1290 1276
f 1209 8433 1291
f 1293 1291 1292
f 1309 1293 1292
f 1294 1209 1291
f 1293 1294 1291
f 1309 5762 1293
f 5743 5744 1294
f 5743 1293 9211
f 1293 5743 1294
f 1370 1170 1295
f 1297 1296 1174
f 2385 2384 1418
f 1301 2385 1418
f 1299 2385 1301
f 1308 1303 7365
f 1304 7363 1305
f 1223 1305 7363
f 1304 1302 1303
f 1302 1304 1305
f 1305 1223 1237
f 1308 1306 9341
f 9013 5797 9341
f 1309 1310 5800
f 5725 1307 5797
f 1309 1292 1310
f 1292 1311 1310
f 1308 1311 1312
f 1308 1307 1311
f 1303 1308 1312
f 1303 1312 1314
f 1292 1291 1313
f 1313 1311 1292
f 1313 1314 1312
f 1312 1311 1313
f 8433 1209 7364
f 1313 8433 1314
f 1313 1291 8433
f 1233 7363 1304
f 1304 1314 1233
f 1304 1303 1314
f 1314 8433 1233
f 5801 9013 1306
f 1315 5801 1306
f 9342 1306 7365
f 9342 1302 1317
f 1317 1316 9342
f 1317 1305 1237
f 1302 1305 1317
f 1321 1320 8434
f 1322 1320 1321
f 1322 1321 5769
f 1323 1324 1326
f 1326 1324 1325
f 1320 1322 1327
f 1327 1323 1326
f 1320 1327 1326
f 1332 1330 1331
f 1334 1333 1336
f 1334 1330 1329
f 1329 1333 1334
f 1346 1336 1335
f 1336 1354 1335
f 1335 1352 1337
f 1332 1331 1339
f 1331 1340 1339
f 1341 1338 1339
f 1340 1341 1339
f 1338 1386 1339
f 1340 1331 1342
f 1343 1341 1340
f 1342 1343 1340
f 1344 1343 1342
f 5693 1343 1344
f 1341 1343 5693
f 1324 5806 1344
f 5806 5693 1344
f 5763 5770 7366
f 1345 1335 1337
f 1335 1345 1346
f 1321 8434 1346
f 5763 7366 1345
f 1336 1346 1348
f 8434 1348 1346
f 1347 8434 1320
f 1334 1348 1349
f 1334 1336 1348
f 1347 1348 8434
f 1330 1334 1349
f 1349 1348 1347
f 1351 1349 1350
f 1330 1349 1351
f 1347 1320 1326
f 1326 1325 1350
f 1350 1347 1326
f 1350 1349 1347
f 1331 1351 1342
f 1331 1330 1351
f 1351 1350 1325
f 1342 1351 1325
f 1329 1330 1332
f 1329 1332 7367
f 1332 1339 7367
f 1353 5765 1352
f 1352 1335 1354
f 1354 1353 1352
f 1333 1389 1354
f 1354 1336 1333
f 1329 1388 1333
f 1357 1356 1355
f 1355 1177 1359
f 8939 5774 7368
f 8938 1284 1361
f 1283 1175 1176
f 1362 1283 1176
f 1361 1283 1362
f 1361 1282 1283
f 2388 1358 2389
f 1358 1359 1363
f 1363 1328 1358
f 1185 1328 1363
f 1328 2387 2389
f 1358 1328 2389
f 1363 1359 1177
f 1177 1185 1363
f 1177 1356 1197
f 1177 1355 1356
f 1194 1188 1366
f 1365 1366 1364
f 1187 2391 2393
f 1368 1288 1286
f 1188 1288 1368
f 1364 1366 1368
f 1368 1366 1188
f 2387 1328 1369
f 1328 1185 1369
f 2394 5809 1217
f 5809 1218 1217
f 1217 1365 2394
f 1365 1216 1366
f 1365 1217 1216
f 1179 1205 1366
f 1366 1216 1179
f 2396 2391 1187
f 1204 1170 1370
f 2396 1204 1370
f 2396 1201 1204
f 1371 5705 2393
f 2391 1371 2393
f 2395 1371 2391
f 1183 1281 1373
f 1183 1184 1281
f 1239 1238 2382
f 1372 1239 2382
f 1277 8937 5811
f 1285 1239 1372
f 1281 1282 1285
f 1285 1372 1281
f 8937 1278 1373
f 1290 1373 1278
f 1290 1289 1373
f 1318 8938 1374
f 5816 8939 9212
f 1374 1362 7368
f 1360 7368 1362
f 1356 1357 1360
f 1375 1238 1376
f 1238 1239 1377
f 1376 1238 1377
f 1237 1378 1380
f 1376 1378 1236
f 1378 1237 1236
f 1377 1239 1241
f 1241 1378 1377
f 1240 1378 1241
f 1378 1376 1377
f 1240 1380 1378
f 1316 1317 1380
f 1379 1316 1380
f 1379 1319 1316
f 1317 1237 1380
f 1379 1380 1240
f 1319 1318 1381
f 1381 5803 1315
f 5798 1279 1254
f 2383 1280 1279
f 1383 1254 1279
f 1383 9590 1382
f 1382 1384 1250
f 1384 1273 1250
f 1385 1384 1278
f 1385 1274 8940
f 1384 1290 1278
f 1385 1275 1274
f 1278 1277 1385
f 1385 1277 1275
f 1387 1329 7367
f 1355 1387 1357
f 1357 1387 7367
f 1389 1333 1388
f 1388 1329 1387
f 1359 1388 1355
f 1388 1387 1355
f 1388 1359 1389
f 1389 1390 1353
f 1354 1389 1353
f 1359 1358 1390
f 1390 5815 1353
f 5815 5765 1353
f 1390 1358 2388
f 2388 5815 1390
f 1392 6304 1393
f 1392 1393 1395
f 1397 1578 8941
f 1394 9520 1399
f 1398 8941 1400
f 1405 1414 7369
f 1407 1408 1406
f 1407 1505 1409
f 1214 6262 1504
f 1214 1213 1410
f 1410 6262 1214
f 1409 6262 1410
f 1409 1505 6262
f 1410 1411 1409
f 1213 1220 1410
f 1405 1413 1414
f 9213 1415 1405
f 1415 1412 5717
f 1411 1410 1220
f 1417 1411 1220
f 1411 1412 1415
f 1412 1411 1417
f 1415 9213 1411
f 1418 2384 1419
f 1424 1421 1573
f 1422 1423 1424
f 1424 1425 1422
f 1428 1426 1427
f 1428 1435 1426
f 1430 1428 1429
f 1429 1531 1430
f 1429 1532 1531
f 1431 1437 1432
f 1432 1435 1428
f 1430 1432 1428
f 1430 7372 1431
f 1431 1432 1430
f 1426 1434 7373
f 1435 1434 1426
f 1435 1436 1434
f 1434 8942 1433
f 1437 2398 1438
f 1438 1432 1437
f 1438 1436 1435
f 1435 1432 1438
f 2398 2399 1438
f 1440 7374 1439
f 1439 1441 6263
f 1443 1444 1445
f 1447 1513 1448
f 1442 1446 1448
f 1449 1448 1513
f 1442 1448 1449
f 2404 1450 1451
f 1452 6267 9454
f 1454 7375 1452
f 1456 6265 1457
f 1457 1454 1453
f 1460 1459 6264
f 1460 1454 1457
f 1457 1459 1460
f 7376 1462 7375
f 1460 6264 1461
f 7377 1462 7376
f 1463 1465 1466
f 1466 1464 1463
f 7378 1464 1467
f 1464 6264 1458
f 6264 1464 7378
f 1468 1444 6266
f 1443 7374 9214
f 9214 1467 1466
f 1472 1440 1470
f 7378 1467 1472
f 1472 1473 7378
f 1472 1471 1473
f 1468 1465 1475
f 1475 1474 1468
f 9481 1474 1475
f 1476 1477 1463
f 1475 1477 9215
f 1463 1477 1465
f 8435 6265 1479
f 1482 1483 1481
f 6315 1483 1482
f 6315 8436 1483
f 1173 1486 1174
f 1173 1172 8436
f 8436 1486 1173
f 1485 1486 1484
f 1172 1171 1487
f 1487 1481 1483
f 1483 1172 1487
f 1490 1491 1492
f 1492 1489 1490
f 1492 1493 1488
f 1488 1489 1492
f 1481 1495 1494
f 1495 1491 1490
f 1487 1171 1182
f 1182 1181 1496
f 1495 1481 1487
f 1215 1493 1492
f 1492 1491 1496
f 1496 1181 1180
f 1180 1492 1496
f 1497 1498 1500
f 1502 1503 1497
f 1497 1500 1502
f 1488 1493 1504
f 1504 1501 1488
f 1407 1406 1503
f 1502 9216 1505
f 1407 1502 1505
f 1508 1506 1507
f 1509 1506 1508
f 1510 1868 1511
f 1507 1868 1510
f 1512 1507 1510
f 1510 7379 1512
f 1510 1511 8437
f 1508 1449 1513
f 1512 1449 1508
f 1512 6263 1449
f 8437 1511 1514
f 1473 1471 7380
f 1517 1516 7596
f 1516 1515 7596
f 1470 1440 7379
f 8437 1516 1517
f 1517 1470 8437
f 1517 1471 1470
f 1515 2815 1522
f 1452 7381 6267
f 1523 1524 1525
f 1526 1523 1525
f 1526 1520 1519
f 1519 1523 1526
f 1529 1527 1528
f 1525 1527 1529
f 1525 1524 1527
f 1529 1531 1525
f 1530 1531 1529
f 9522 6267 1520
f 1526 1525 1532
f 1532 1520 1526
f 9522 1520 1429
f 1618 1425 1533
f 2865 2867 2868
f 1535 1534 1624
f 1540 1541 1528
f 1542 1543 1541
f 1544 1529 1528
f 1528 1541 1544
f 1845 1547 1545
f 1549 1547 1548
f 1549 1543 1542
f 1542 1547 1549
f 1545 1547 1542
f 1551 1549 1548
f 1549 1552 1543
f 1552 1549 1551
f 1530 1544 1553
f 1530 1529 1544
f 1543 1552 1553
f 1553 1544 1543
f 1560 1437 1431
f 1431 7372 1554
f 1554 1560 1431
f 1554 7382 1555
f 1551 1550 6268
f 6268 1556 1551
f 1552 1556 7382
f 8438 9217 1562
f 1555 9217 8438
f 7382 1556 1555
f 6268 9217 1556
f 1558 2408 2398
f 1559 2408 1558
f 1558 1560 1561
f 1558 2398 1437
f 1437 1560 1558
f 1563 1559 1561
f 1563 1564 1559
f 9326 1569 1568
f 1569 1447 1568
f 1509 1570 1572
f 1572 1571 1509
f 1447 1570 1513
f 1509 1508 1513
f 1513 1570 1509
f 1569 9326 1759
f 1570 1447 1569
f 1572 1570 1569
f 1569 1759 1572
f 1420 1629 7370
f 8118 1682 2866
f 7370 1629 7383
f 6272 8440 8439
f 1397 1396 1582
f 1582 6270 1397
f 1583 6270 6269
f 1583 6272 1579
f 1579 6270 1583
f 1579 1578 6270
f 1585 1586 6271
f 1583 1586 6272
f 1583 6269 1584
f 1584 1586 1583
f 1588 1592 6273
f 1581 1580 2804
f 2809 2802 2803
f 1580 1591 2804
f 1866 1608 1607
f 1609 1607 1610
f 1610 1423 8441
f 1866 1609 1611
f 1866 1607 1609
f 8441 1613 1860
f 1612 1613 8441
f 1423 1617 1612
f 1422 1617 1423
f 1425 1614 1422
f 1616 1422 1614
f 1617 1422 1616
f 1853 1617 1616
f 1614 1425 1618
f 1620 1618 1619
f 1614 1618 1620
f 1539 1538 1621
f 1621 1622 1539
f 1626 1622 1623
f 1619 1535 1624
f 1627 1626 1848
f 1627 1619 1626
f 9343 1614 1620
f 1620 1847 9343
f 1620 1619 1627
f 1627 1847 1620
f 1627 1848 1847
f 1628 1768 1575
f 1629 1628 1575
f 1607 1631 1420
f 1420 1631 1629
f 1632 1630 1631
f 1631 1607 1608
f 1608 1632 1631
f 1647 1648 9390
f 1497 6276 6319
f 1497 1503 1653
f 1653 1654 6277
f 1659 1660 6278
f 1406 6281 1654
f 1406 7369 6281
f 1659 1655 1662
f 1663 1660 1659
f 1659 1662 1663
f 1662 1404 1663
f 1662 7369 1404
f 1656 6283 5822
f 1656 6282 1657
f 6282 1664 9655
f 1665 6283 1660
f 1663 1665 1660
f 1684 1752 1753
f 1669 1668 1751
f 1669 1751 9219
f 1670 1666 1669
f 1633 1696 2831
f 1672 1638 1674
f 1680 6284 1682
f 1680 7390 6284
f 1684 1683 1752
f 1685 7390 1774
f 1774 1683 1685
f 2862 1693 1689
f 1696 1633 1694
f 1700 2838 2837
f 1700 1689 2838
f 1689 1693 1695
f 1688 6285 1538
f 1688 1700 1697
f 6285 1688 1697
f 1621 6285 1699
f 1707 1698 1704
f 1707 1703 6321
f 1651 7385 6287
f 1709 1710 1711
f 1712 1550 7386
f 1712 7386 1708
f 1557 6292 6290
f 6268 1550 6292
f 1712 6289 6291
f 6288 6294 1711
f 8119 6295 6294
f 8119 6293 6298
f 6290 1713 6297
f 1717 6296 6297
f 9655 6299 6298
f 1715 6300 6295
f 9655 5704 6299
f 9407 5758 1717
f 1419 2384 2415
f 2415 1718 1419
f 1485 9531 6301
f 1724 7388 9058
f 1725 9531 7388
f 1726 1721 9531
f 1727 6302 7389
f 1730 6303 6327
f 1730 6306 1731
f 1731 6303 1730
f 1728 6302 1729
f 1729 6303 1728
f 1732 1396 1399
f 1399 1733 1732
f 1734 1733 9520
f 1734 6303 1731
f 1731 1733 1734
f 1735 6305 6304
f 1735 7389 1728
f 1728 6305 1735
f 1728 6303 6305
f 1393 6305 1734
f 1730 6327 1736
f 1736 1737 1730
f 1741 1737 1739
f 1738 1737 1741
f 1730 1737 6306
f 1740 6308 1742
f 1742 1741 9220
f 1743 6271 1584
f 1584 6307 1743
f 1584 6269 6307
f 1744 1738 1742
f 1742 6307 1744
f 1743 6307 6308
f 1582 1396 6309
f 1738 6309 6306
f 1744 6309 1738
f 1744 6269 1582
f 1582 6309 1744
f 1745 1746 1747
f 1747 1748 1745
f 1749 1748 6335
f 1749 9532 9221
f 9221 1748 1749
f 1745 1748 6311
f 1727 7389 1750
f 1749 1750 9532
f 1735 6304 1670
f 1670 9219 1735
f 1751 9532 1750
f 1750 9219 1751
f 1735 9219 7389
f 1752 6311 9221
f 1751 1753 9532
f 7515 1887 1755
f 1758 1756 1755
f 1755 1757 1758
f 1887 1757 1755
f 1759 1758 1572
f 1759 1756 1758
f 1759 9326 1756
f 1761 1762 1760
f 1761 1763 1764
f 1764 1762 1761
f 1765 1762 1764
f 1762 1766 1760
f 1766 1762 1765
f 1764 1763 1767
f 1628 1630 1764
f 1767 1628 1764
f 1766 1765 1630
f 1630 1765 1764
f 1775 1771 1770
f 1771 1769 1770
f 1768 1769 7589
f 1772 1746 6310
f 1745 6311 1773
f 1773 6310 1745
f 1775 1770 1772
f 1772 6310 1775
f 1775 1773 7390
f 1773 1774 7390
f 1752 1774 6311
f 1775 7390 1680
f 1680 1771 1775
f 1776 1777 1778
f 1778 1787 1776
f 1784 1787 1778
f 1782 1784 1778
f 1778 1779 1782
f 1778 1777 1779
f 1780 6486 1781
f 1782 1781 1783
f 1787 1786 1776
f 1787 1788 1785
f 1785 1786 1787
f 1785 1797 1786
f 1787 1784 1788
f 1877 1790 1789
f 9308 1789 8959
f 1791 1792 1945
f 1793 1794 1795
f 1795 1943 1946
f 1946 1793 1795
f 1945 1792 1793
f 1791 1945 1952
f 1951 1796 1791
f 1951 1935 1796
f 1797 1798 1796
f 1785 1798 1797
f 1740 9220 9222
f 7391 7387 7392
f 7404 7392 9222
f 1743 6308 1801
f 1804 7393 1803
f 1588 6312 1590
f 1588 6273 6313
f 1807 1806 6313
f 1808 8120 1807
f 1810 9085 1808
f 1482 1481 7597
f 1809 1482 6314
f 1811 6315 1809
f 1596 1589 1595
f 7597 1821 1820
f 1822 1595 7398
f 7597 1481 1494
f 1494 1495 7399
f 1821 1494 1825
f 1494 7399 1825
f 1826 1819 1818
f 1824 1490 1489
f 1606 6316 1604
f 1828 1498 1604
f 1828 1499 1498
f 1832 1499 1828
f 1832 9061 9223
f 6317 1640 1833
f 1643 1834 1644
f 1838 1829 1839
f 1839 6318 2829
f 1835 1834 2829
f 1834 1643 2829
f 1647 6318 6277
f 1839 1829 6319
f 1646 8443 1837
f 1647 9390 6320
f 1841 1840 6321
f 6324 1840 7401
f 1640 6317 1701
f 1841 1703 1843
f 1844 7402 1709
f 1842 6286 7402
f 1842 6322 1645
f 1645 6286 1842
f 1546 8121 1708
f 1844 7401 6325
f 1708 7401 1844
f 1846 9343 1847
f 1846 1847 7403
f 8444 1850 1625
f 1845 1546 1547
f 1545 1542 1851
f 1851 1848 1850
f 1850 1845 1545
f 1850 8444 1845
f 1540 1528 1849
f 7403 1540 1846
f 7403 1848 1851
f 1851 1540 7403
f 1852 1617 1853
f 1854 1855 1852
f 1852 1853 1854
f 1615 9343 1846
f 1846 1849 1615
f 1615 1854 1853
f 1853 1616 1615
f 1849 1528 1527
f 1524 1849 1527
f 1524 1854 1615
f 1615 1849 1524
f 1523 1519 1855
f 1854 1523 1855
f 1524 1523 1854
f 1613 1856 1860
f 1612 1617 1852
f 1852 1613 1612
f 1852 1855 1857
f 1857 1613 1852
f 1519 1857 1855
f 2815 1515 1859
f 1515 1861 1859
f 1514 1511 1862
f 1608 1866 1864
f 1864 1866 1865
f 1867 1866 1611
f 1862 1511 1868
f 1868 1507 1865
f 1865 1866 1867
f 1867 1868 1865
f 1862 1868 1867
f 1865 1507 1506
f 1632 1608 1864
f 1864 1869 1632
f 1864 1865 1506
f 1571 1506 1509
f 1869 1506 1571
f 1869 1864 1506
f 1870 1869 1571
f 1571 1873 1870
f 1572 1873 1571
f 1869 1870 1632
f 1760 1766 1871
f 1872 1760 1871
f 1766 1632 1870
f 1870 1871 1766
f 1873 1572 1758
f 1871 1870 1873
f 1872 1871 1873
f 1873 1757 1872
f 1873 1758 1757
f 1874 1875 1876
f 1795 1794 8445
f 1874 1795 8445
f 1874 1943 1795
f 1876 1875 1877
f 1877 1878 1876
f 1789 1878 1877
f 1879 1880 2356
f 6333 1746 1772
f 1772 6326 6333
f 1772 1770 6326
f 1881 2351 6489
f 6489 6326 1881
f 1769 1768 1882
f 1882 1883 1769
f 1882 1879 2357
f 2357 1883 1882
f 1881 1883 2351
f 1881 1770 1769
f 1769 1883 1881
f 1885 1880 1879
f 1761 1880 1885
f 1882 1768 1767
f 1767 1885 1882
f 1767 1763 1885
f 1885 1879 1882
f 1761 1760 1884
f 1885 1763 1761
f 1884 1760 1872
f 1886 1872 1757
f 1884 1872 1886
f 1886 1757 1887
f 1890 1905 1889
f 1891 1905 1890
f 1892 1893 1894
f 1894 1895 1896
f 1896 1891 1890
f 1890 1894 1896
f 1890 1889 1892
f 1892 1894 1890
f 1722 1720 1898
f 1898 1897 1722
f 1898 1891 1896
f 1896 1897 1898
f 1896 1895 1897
f 1898 1899 1891
f 1902 1900 1901
f 1902 1906 1903
f 1903 1900 1902
f 1903 1913 1900
f 1904 1889 1905
f 1905 1891 1906
f 1902 1905 1906
f 1904 1905 1902
f 1907 1899 7404
f 1906 1899 1907
f 1906 1891 1899
f 1799 9224 1908
f 1908 1913 1903
f 1903 1906 1907
f 1907 1908 1903
f 1907 7404 1799
f 1799 1908 1907
f 1909 1910 6331
f 1910 6328 6332
f 6331 1910 6332
f 1912 1901 1900
f 1901 1912 8453
f 1913 1912 1900
f 1910 1912 6328
f 1911 1912 1910
f 1914 9224 1739
f 1915 1914 1739
f 1915 6328 1913
f 1913 1914 1915
f 1908 1914 1913
f 1915 1916 6328
f 1915 1739 1736
f 1736 1916 1915
f 1917 6329 6330
f 6331 6332 1920
f 1918 6329 1919
f 6327 7405 1916
f 1921 7405 1729
f 1921 1918 1920
f 1920 7405 1921
f 1916 7405 6332
f 1918 1727 9344
f 1921 6302 1727
f 2353 6333 6489
f 1917 6330 1924
f 1924 6334 1917
f 1922 6333 1923
f 1923 6334 1922
f 1749 6335 9344
f 9344 6335 1924
f 6333 1922 1746
f 1924 6335 1747
f 1925 1926 1933
f 8446 8944 1927
f 1779 1928 8446
f 1930 1928 1777
f 8446 1928 6336
f 1929 1930 1776
f 1929 1926 1925
f 1925 1930 1929
f 1930 1777 1776
f 1949 1931 1932
f 1926 1932 1931
f 1931 1933 1926
f 1929 1776 1786
f 1934 1932 1926
f 1926 1786 1934
f 1929 1786 1926
f 1935 1934 1797
f 1932 1934 1935
f 1938 1939 1940
f 1940 1936 1938
f 1936 1940 9308
f 1943 8945 1942
f 1942 2253 1944
f 1946 1942 1944
f 1944 1945 1946
f 1952 1945 1944
f 1943 1942 1946
f 1946 1945 1793
f 1944 2253 1947
f 1944 1947 1948
f 1949 1932 1950
f 1951 1948 1950
f 1950 1935 1951
f 1950 1932 1935
f 1951 1791 1952
f 1952 1944 1948
f 1951 1952 1948
f 1940 1939 1953
f 1954 1940 1953
f 1954 1876 1878
f 1878 1940 1954
f 9225 1876 9229
f 1964 1962 1961
f 1958 1962 6338
f 1966 1967 1965
f 1966 6446 1968
f 1968 1967 1966
f 1964 1967 6340
f 6339 6340 1959
f 1969 1971 1968
f 1961 7407 1973
f 1975 1963 1961
f 1961 1973 1975
f 6342 8947 1978
f 1974 8947 7408
f 1976 1977 8947
f 1982 1980 1981
f 1982 1975 1979
f 1979 1980 1982
f 1979 6342 1980
f 1982 6341 1975
f 1982 1981 1983
f 1983 6341 1982
f 1985 1989 1986
f 1988 6479 1989
f 1989 6343 1988
f 1985 6343 1989
f 2234 1990 1991
f 1991 1992 2234
f 1993 1992 1991
f 2234 1992 6479
f 1980 6342 1986
f 1993 2146 1980
f 7410 7411 7412
f 7413 7410 7414
f 7416 7415 7417
f 2003 7421 7422
f 7423 7421 7424
f 7425 7426 7427
f 2008 8948 7428
f 7432 7431 7433
f 2017 2015 6344
f 2008 2015 7437
f 2021 2022 2019
f 2023 2022 6345
f 2017 6344 6346
f 8133 2022 6346
f 2026 2018 6348
f 2023 6349 6348
f 2010 2028 2027
f 2027 2028 6350
f 2021 2020 6351
f 2034 2035 9345
f 6352 6361 6360
f 6356 6355 8950
f 6364 6373 6372
f 6369 6368 6374
f 2051 6379 6381
f 2056 6382 6383
f 2058 6384 6383
f 2060 2044 7440
f 6385 6384 6387
f 2060 7440 6387
f 2053 6379 6388
f 2062 6389 6388
f 2053 8143 6380
f 6392 6496 6390
f 6392 6389 6393
f 2434 2066 6393
f 6451 2067 6492
f 2069 6382 6395
f 7445 7446 7447
f 7448 7445 7449
f 7451 7450 9659
f 7453 7452 8146
f 7455 7454 2078
f 7456 8147 7457
f 7459 7458 7460
f 7462 7461 7463
f 7466 7464 7467
f 7477 7476 7474
f 7479 2093 7480
f 9567 7480 7473
f 6398 6397 6401
f 2039 8139 6409
f 6408 6411 6427
f 6399 6400 6412
f 2105 6413 6410
f 2095 6404 6412
f 7439 8136 6414
f 2111 6419 6418
f 2109 6421 6418
f 2117 6421 6420
f 2109 6417 6422
f 2112 7486 6422
f 2051 6424 6423
f 2117 6426 6425
f 2111 6428 6427
f 2120 6428 6425
f 2120 6424 6429
f 6376 8140 6429
f 2122 2124 2125
f 2124 2135 2125
f 2127 9455 6431
f 2114 6432 6420
f 2128 6432 9455
f 2129 7487 2131
f 6433 6434 2133
f 2124 2136 2135
f 2118 6437 6423
f 2118 6426 6438
f 2128 6439 6438
f 2142 9026 6441
f 2142 6444 2143
f 1983 1981 2145
f 2145 6443 1983
f 2142 6443 6444
f 2142 6441 2144
f 2144 6443 2142
f 1981 1980 2146
f 2146 1993 1991
f 2148 6444 2145
f 2145 2146 2148
f 1981 2146 2145
f 1990 8953 1991
f 2143 2148 8953
f 2143 6444 2148
f 2148 2146 1991
f 2150 2151 2149
f 2153 2152 6951
f 2154 7488 2153
f 1969 2156 6445
f 2157 2156 6446
f 6445 2156 6954
f 2144 7490 6443
f 2158 2157 2144
f 2141 9226 6447
f 2159 2160 6447
f 2154 2160 7488
f 2158 2160 2154
f 2158 6441 2141
f 2255 2161 2162
f 2162 8954 2255
f 2164 6448 2163
f 2163 2165 2255
f 2155 2167 2149
f 2164 2166 6448
f 2168 6450 6449
f 2169 6450 2168
f 2169 6448 2167
f 2167 2155 6450
f 2171 7491 2170
f 2171 2165 7491
f 2163 6448 7491
f 2169 2168 2170
f 2170 7491 2169
f 2173 2175 2174
f 9574 2175 2173
f 2172 2173 2174
f 2069 2067 7492
f 7492 8956 2069
f 7492 2452 2177
f 2177 2452 2179
f 2179 2180 2177
f 2178 2177 2180
f 2181 2044 7493
f 2183 2182 9228
f 2058 2184 6452
f 9591 2336 2185
f 2185 2186 9591
f 2047 2189 6453
f 2190 2189 2047
f 2181 2192 2045
f 2193 2192 6454
f 2190 2192 2191
f 2045 2192 2190
f 2187 9616 7495
f 6455 2195 2194
f 2187 6454 9616
f 2196 2202 2197
f 2197 2198 2196
f 7494 2198 8957
f 2195 2198 8587
f 2196 2198 6455
f 6359 6457 6456
f 6458 6457 6461
f 2202 6482 2204
f 2201 2203 6462
f 6464 6465 6463
f 2204 6482 6465
f 6468 2207 6466
f 2208 2207 6468
f 2209 8588 2207
f 6467 6471 6468
f 2210 6466 6469
f 6464 6463 2211
f 1977 7498 1984
f 1984 7498 2212
f 6473 7502 7503
f 2219 2216 7503
f 6472 2209 6473
f 2220 2219 1972
f 2222 7507 7506
f 2227 7511 1956
f 6476 6442 2230
f 2230 2229 6476
f 2232 2147 1990
f 2232 2233 2230
f 2230 2147 2232
f 2230 6442 2147
f 2233 2229 2230
f 2232 1949 2233
f 1947 2253 2231
f 2229 1947 2231
f 2233 1947 2229
f 2233 1948 1947
f 2234 6479 2236
f 2235 2232 1990
f 1990 2234 9456
f 6343 1987 6477
f 6477 6478 1988
f 1988 6478 6479
f 1933 1931 8449
f 2236 6478 8449
f 2235 9456 9457
f 8449 1931 9457
f 2205 6482 2238
f 2238 6480 2205
f 2239 6480 6481
f 2239 6478 6477
f 6477 6480 2239
f 2241 6481 2238
f 2238 2240 2241
f 2202 2240 6482
f 2242 1927 8944
f 8944 7406 2243
f 2243 2242 8944
f 2242 6481 2241
f 6481 2242 2243
f 7406 1933 2237
f 2237 6478 2239
f 2239 6481 2243
f 2243 7406 2237
f 2240 2202 6483
f 2196 6455 2244
f 2244 6483 2196
f 2245 6483 2247
f 2245 2242 2241
f 2240 6483 2245
f 2246 8450 2194
f 6455 8450 2244
f 2247 2244 8450
f 2248 2247 8450
f 2245 1927 2242
f 2249 2171 2170
f 2170 2168 2250
f 2250 2249 2170
f 2251 2249 2250
f 2251 1941 2249
f 2168 6449 6484
f 2228 2231 2252
f 2252 6484 2228
f 2252 2251 2250
f 2250 6484 2252
f 2168 6484 2250
f 2253 1942 2254
f 2254 2251 2252
f 2252 2253 2254
f 2231 2253 2252
f 2251 8945 1941
f 2254 8945 2251
f 2254 1942 8945
f 2259 8451 2165
f 2256 2257 2161
f 2258 2165 2171
f 2259 2165 2258
f 2261 2263 2262
f 2262 2260 2261
f 2262 2256 8451
f 2259 2260 2262
f 2263 2257 2256
f 1953 1939 2266
f 2266 2267 2265
f 2265 1953 2266
f 2267 2261 2260
f 2260 2265 2267
f 2260 2259 2265
f 2258 2171 9230
f 2249 1941 9230
f 2265 2259 2258
f 2266 1939 1938
f 1938 1936 2268
f 2269 1938 2268
f 2269 2267 2266
f 2266 1938 2269
f 1936 2270 2268
f 2271 2268 2270
f 2267 2271 2261
f 2269 2271 2267
f 2269 2268 2271
f 2272 2273 2274
f 2276 2414 2275
f 2276 2274 2414
f 2272 2274 2276
f 2275 9592 8958
f 1297 1174 6301
f 2275 8958 1724
f 1297 6301 1298
f 1722 2272 2276
f 2276 1723 1722
f 2275 1723 2276
f 2275 1724 1723
f 2279 2278 2277
f 1755 1756 2280
f 2280 7515 1755
f 2280 2277 2278
f 2278 7515 2280
f 2280 1756 9326
f 1937 2281 7512
f 9308 8959 1937
f 2283 2365 1888
f 2285 2284 2423
f 2287 2273 2272
f 2287 1897 1895
f 1897 2272 1722
f 2272 1897 2287
f 1893 2286 1894
f 1893 2285 2286
f 2288 2431 2289
f 2291 2288 2289
f 2289 2290 2291
f 1937 7512 2288
f 1937 2288 2291
f 2294 2331 2180
f 2294 2292 2293
f 2294 2295 2292
f 2180 2295 2294
f 2172 2271 2296
f 2270 1936 2291
f 2290 2270 2291
f 2296 2270 2290
f 5137 5105 2263
f 2174 5137 2263
f 2174 2263 2261
f 2175 5137 2174
f 2298 9346 7513
f 2304 2300 2299
f 2299 2302 2304
f 2301 2304 2302
f 2301 2303 2304
f 2305 2246 7495
f 2306 2246 2305
f 2248 8450 2246
f 2306 2248 2246
f 2297 7513 2308
f 2308 2307 2297
f 2301 2307 2308
f 2301 2302 2307
f 2303 2301 2308
f 2308 7513 2303
f 2309 2248 2310
f 2310 2248 2306
f 2309 2313 2312
f 2310 2313 2309
f 2245 2314 1927
f 2245 2247 2314
f 2315 2317 1927
f 1927 2314 2315
f 2248 2314 2247
f 2309 2314 2248
f 2309 2315 2314
f 2312 2315 2309
f 2316 1779 2317
f 2312 2317 2315
f 2316 2317 2312
f 2319 2318 2320
f 2319 2311 2318
f 2318 2378 2320
f 1782 1779 8442
f 2316 2312 1780
f 1781 8442 1780
f 2312 2313 1780
f 2321 2319 2320
f 2313 2319 7514
f 2321 6486 7514
f 2302 2299 2323
f 2323 2324 2325
f 2325 2322 2302
f 2302 2323 2325
f 2324 2378 2318
f 2325 2318 2311
f 2324 2318 2325
f 2326 2297 2307
f 2326 2307 2327
f 2307 2322 2327
f 2302 2322 2307
f 2310 2322 2311
f 2327 2322 2310
f 2310 2306 2327
f 2298 2297 2328
f 2306 2305 2329
f 2329 2327 2306
f 2329 2328 2326
f 2326 2327 2329
f 2329 2330 2328
f 2305 2330 2329
f 2332 2335 2333
f 2333 2331 2332
f 2334 2298 2328
f 2335 2334 2328
f 2332 2334 2335
f 2185 2335 2330
f 2336 8960 2185
f 2335 2328 2330
f 2334 2337 2298
f 2334 2332 2338
f 2338 2337 2334
f 2294 2338 2331
f 2294 2293 2338
f 2338 2332 2331
f 2338 2454 2337
f 2293 2454 2338
f 2339 2321 2340
f 2321 2339 6486
f 2341 9459 2340
f 2340 9459 2339
f 2340 2320 2342
f 2340 2321 2320
f 1911 2344 2343
f 2344 2341 2342
f 2343 2344 2342
f 1909 6331 2345
f 2344 1911 1909
f 1909 2345 2344
f 2339 2346 6486
f 2347 6487 9459
f 6485 2346 6487
f 1781 2346 6485
f 1919 9458 2345
f 1919 6329 9458
f 2341 9458 9459
f 2349 1785 1788
f 1788 2350 2349
f 2350 2351 2349
f 1783 6490 1784
f 1783 6485 2352
f 2352 6490 1783
f 2350 1788 1784
f 1784 6490 2350
f 2348 6334 1923
f 1923 6488 2348
f 2353 6488 1923
f 2353 2354 2352
f 2352 6488 2353
f 2352 6485 6488
f 2351 2354 6489
f 2350 2354 2351
f 2352 2354 6490
f 1798 2355 1796
f 2356 1880 2355
f 1798 1785 2349
f 2349 2356 1798
f 2357 2356 2349
f 2349 2351 2357
f 1792 2358 2359
f 2359 1793 1792
f 1794 1793 2359
f 2355 1880 2358
f 1791 2358 1792
f 1880 1761 2358
f 1886 1794 2359
f 2359 1884 1886
f 2358 1884 2359
f 2358 1761 1884
f 1794 2360 8445
f 2360 1794 1886
f 2360 1886 1887
f 1887 2361 2360
f 2363 1877 1875
f 8445 2363 1875
f 8445 2360 2361
f 2361 2363 8445
f 2362 2282 1790
f 2363 2361 2364
f 2362 1790 2364
f 1888 2365 2364
f 2361 1888 2364
f 2362 2364 2365
f 9638 2362 2365
f 1893 2366 2285
f 2367 2366 1893
f 2368 2366 2367
f 2368 2369 6491
f 2366 2284 2285
f 2299 2371 2370
f 2299 2300 2371
f 2371 2369 2368
f 2370 2371 2368
f 2372 2378 2324
f 2373 2372 2324
f 2374 2372 2373
f 2374 2379 2372
f 2323 2299 2370
f 2370 2368 2375
f 2375 2374 2373
f 2373 2370 2375
f 2373 2324 2323
f 2323 2370 2373
f 2367 1893 1892
f 1892 1889 2376
f 2376 2367 1892
f 2376 2374 2375
f 2375 2367 2376
f 2375 2368 2367
f 2377 2379 2374
f 2376 2377 2374
f 1889 2377 2376
f 2378 2372 2380
f 2378 2380 2342
f 2379 2380 2372
f 2377 1889 1904
f 2381 2377 1904
f 2379 2377 2381
f 2343 2381 8453
f 2343 2342 2380
f 2380 2381 2343
f 2380 2379 2381
f 2381 1904 1901
f 5796 1218 5809
f 2385 1299 2386
f 9593 2385 2386
f 2384 2385 9593
f 2386 1299 1300
f 1300 1295 2386
f 1298 2416 9593
f 9593 2386 1297
f 1374 9388 1318
f 6086 2388 2389
f 2389 2387 5691
f 2390 1364 1367
f 2393 2392 1187
f 2392 2393 5766
f 5807 2387 2392
f 2390 1365 1364
f 2394 2390 5814
f 2394 1365 2390
f 1295 1300 2395
f 2396 2395 2391
f 2395 1370 1295
f 2396 1370 2395
f 2382 5799 1372
f 5813 7368 5774
f 1374 7368 5813
f 5813 9388 1374
f 6084 1238 1375
f 1434 2397 8942
f 1434 1436 2397
f 1438 2399 1436
f 1436 2399 2397
f 1450 2404 2401
f 2400 1450 2401
f 1474 9481 7517
f 2403 2400 2401
f 2402 2403 2401
f 5820 2400 2403
f 2401 2404 2405
f 2406 2404 1451
f 2407 2404 2406
f 2407 2405 2404
f 1446 2405 2407
f 2407 1448 1446
f 1445 1444 2402
f 2402 2401 2405
f 2405 1445 2402
f 1446 1445 2405
f 2408 1559 5828
f 5830 2408 5828
f 1564 1563 8438
f 5787 5828 1559
f 2406 1451 1565
f 2410 2406 1565
f 9533 2406 2410
f 9533 2407 2406
f 1567 1566 2411
f 1567 2412 2410
f 2412 1567 2411
f 2410 1565 1567
f 2412 9326 1568
f 1568 2410 2412
f 9533 2410 1568
f 9533 1568 1447
f 1716 7256 1562
f 5833 2413 9231
f 2414 9231 2413
f 2416 2415 2384
f 2415 9592 2413
f 2414 2413 9592
f 2273 9231 2274
f 2411 1566 1754
f 2417 2411 1754
f 2417 2277 2411
f 2420 2279 2418
f 2420 9639 2279
f 2279 2277 2417
f 2418 2279 2417
f 2411 2277 2412
f 2419 2304 2303
f 2419 5835 2300
f 2300 2304 2419
f 5852 5866 7516
f 7512 2281 5866
f 6083 9651 9639
f 9639 2420 6083
f 5862 9651 6083
f 2284 2422 2423
f 9347 9461 9460
f 2424 2425 2426
f 2426 2427 2424
f 5794 2427 2426
f 7513 2424 2427
f 2427 5794 2303
f 2303 7513 2427
f 5860 2428 2429
f 2430 2429 2428
f 2430 2290 2289
f 2289 2429 2430
f 2431 2429 2289
f 7512 2431 2288
f 5841 2293 5859
f 6451 6492 6493
f 2435 6501 6497
f 2437 6497 2436
f 2438 8088 6498
f 2438 6501 2435
f 2435 8088 2438
f 6554 2441 6500
f 2438 2443 8961
f 2438 6498 6502
f 2445 7518 7519
f 2446 6498 5861
f 6504 2138 6503
f 2446 6505 2439
f 2446 2448 2447
f 2447 6505 2446
f 9346 2425 2424
f 5851 2425 9346
f 9346 2424 7513
f 2450 2173 8962
f 2428 2451 2430
f 2296 2451 8962
f 2296 2290 2430
f 2430 2451 2296
f 5847 2292 2295
f 5859 2293 2292
f 2295 2180 2179
f 8826 2179 2452
f 2453 8826 2452
f 2449 9346 5867
f 2454 9346 2337
f 5867 9346 2454
f 2454 2293 5841
f 9638 2365 9651
f 2366 6491 2284
f 2369 2455 2456
f 2456 6491 2369
f 6491 2422 2284
f 2422 6491 2456
f 2300 2455 2371
f 2300 5835 2455
f 2371 2455 2369
f 7520 7521 2457
f 2458 7520 7523
f 2074 7524 7525
f 7526 7524 7527
f 7529 7528 7530
f 597 6506 6133
f 2464 7531 2463
f 7533 8726 7534
f 2082 7535 8170
f 7536 7535 7537
f 2457 9063 7541
f 7544 7545 7546
f 7547 7544 8178
f 7549 7548 9086
f 2476 2477 7555
f 1088 2477 6508
f 8585 6510 8156
f 2482 2479 6511
f 2484 7557 7556
f 2482 6510 6513
f 2091 2483 6513
f 1083 7346 7558
f 2480 2484 7558
f 6236 1099 8727
f 2100 8160 8159
f 6514 6516 6528
f 6509 6512 6518
f 6518 6519 2490
f 6402 6517 6520
f 9559 2492 6521
f 1107 2492 2494
f 2112 6524 6523
f 6522 6527 6526
f 6525 6524 6530
f 6416 2101 6530
f 1099 7560 2485
f 6241 1108 7560
f 6246 6532 6533
f 6534 6535 6533
f 2498 6536 2500
f 6538 8180 6537
f 6535 6538 6539
f 2130 2136 2131
f 2136 2124 2505
f 2500 2499 9348
f 2122 2113 2509
f 2113 6523 2509
f 2124 2122 2512
f 2502 6543 6539
f 1121 6543 6542
f 6537 2511 6544
f 6541 6545 6544
f 7061 8238 6547
f 2519 6546 6550
f 7061 6547 6550
f 2503 2507 2504
f 2507 2508 2523
f 2524 6552 2525
f 6553 6552 6551
f 6548 2441 6553
f 6532 6555 6556
f 6557 6558 6556
f 6561 6557 6560
f 2523 2499 2525
f 2532 8456 6566
f 2531 6567 6566
f 8728 2537 2536
f 2539 7562 2538
f 2539 6571 1129
f 1129 6571 2541
f 6575 6573 6574
f 2543 9413 6575
f 2521 9232 6577
f 6578 2545 6577
f 2543 6578 9413
f 6574 6579 6580
f 2544 6576 6580
f 6555 6251 6581
f 2547 6583 6581
f 9232 6559 6583
f 889 2548 906
f 2548 1157 906
f 2795 906 2787
f 838 2554 837
f 2554 6584 837
f 896 2557 895
f 2558 608 7568
f 2559 832 852
f 7565 7587 894
f 599 6258 1165
f 6258 896 1165
f 2554 840 6584
f 834 2554 839
f 2554 838 839
f 604 2558 603
f 826 828 825
f 834 9527 833
f 835 610 2556
f 2556 9527 835
f 610 7301 7283
f 851 2559 853
f 2559 852 853
f 2562 907 912
f 907 2548 889
f 2548 907 908
f 1157 2548 1158
f 2548 908 1158
f 874 910 909
f 2562 912 909
f 904 911 2562
f 907 2562 911
f 1164 7311 7573
f 875 881 876
f 881 6198 7571
f 1161 6255 1160
f 896 6258 1167
f 6258 6259 1167
f 6138 615 614
f 606 608 605
f 625 2559 851
f 604 616 615
f 612 2563 629
f 2563 7283 626
f 851 7300 630
f 628 629 627
f 2564 2565 1051
f 2566 1046 2565
f 1051 1045 2564
f 788 667 2567
f 1045 2567 2569
f 2564 2566 2565
f 2566 2564 2573
f 1048 2571 2565
f 1046 1048 2565
f 1051 2565 2571
f 676 678 1047
f 787 2570 2572
f 1047 2573 2574
f 1047 2566 2573
f 856 786 784
f 1043 786 1040
f 786 2575 1040
f 786 2762 764
f 2575 764 2576
f 786 764 2575
f 1040 2577 1044
f 761 2576 762
f 2576 764 762
f 2580 1036 761
f 2579 762 764
f 2576 761 785
f 763 2580 762
f 762 2580 761
f 1042 1039 2578
f 1034 1035 777
f 2581 2580 763
f 2581 759 1038
f 2581 1038 2580
f 1038 1036 2580
f 1035 1037 1038
f 1030 2582 9535
f 1030 1038 759
f 2582 1032 1033
f 1028 1032 757
f 958 1029 757
f 958 756 953
f 750 963 751
f 962 963 1026
f 1022 725 9530
f 962 9530 725
f 723 722 1001
f 1003 1004 1002
f 1003 1002 1017
f 714 1015 2665
f 709 715 713
f 713 714 3584
f 709 997 715
f 708 2666 706
f 711 712 715
f 712 713 715
f 922 991 707
f 707 993 705
f 705 993 706
f 997 711 715
f 724 7318 725
f 7318 962 725
f 962 7318 961
f 963 962 961
f 963 961 751
f 961 736 751
f 749 1031 751
f 745 2583 747
f 2583 777 748
f 2578 779 1042
f 2584 1041 1042
f 2584 783 1041
f 1048 1049 2571
f 7576 2571 2585
f 1049 1048 684
f 684 1048 1046
f 2585 2571 1049
f 668 7576 669
f 1049 58 2585
f 52 56 2585
f 7576 2585 1050
f 56 57 1050
f 669 7576 1050
f 2588 666 7584
f 669 1050 2587
f 1050 57 2587
f 2587 671 2591
f 669 2587 2591
f 1050 2585 56
f 2588 2586 670
f 666 2588 670
f 666 2591 673
f 2591 2590 673
f 7584 666 673
f 2567 2586 788
f 2593 788 2592
f 667 788 8963
f 856 784 2595
f 784 2594 2595
f 958 953 959
f 952 9588 959
f 957 716 717
f 957 1025 7574
f 957 718 1025
f 991 922 923
f 706 988 708
f 988 990 708
f 992 993 991
f 988 993 992
f 922 720 995
f 2769 1150 2599
f 794 1151 795
f 1148 1151 2707
f 2605 2603 2604
f 2719 2606 2605
f 2624 1159 7585
f 2630 2631 2632
f 2631 2633 2632
f 2628 2633 2635
f 2633 2628 2632
f 2635 2633 2636
f 1130 2642 2645
f 2646 2651 2758
f 755 2763 2772
f 755 763 2763
f 2655 2595 2654
f 841 2758 8457
f 2657 2643 825
f 825 2643 841
f 621 623 624
f 623 606 624
f 638 642 639
f 642 640 639
f 2589 672 2664
f 2665 1015 7575
f 2666 2665 7575
f 1015 1014 7575
f 705 7575 1014
f 1014 1015 1012
f 1011 996 1014
f 705 1014 1013
f 994 1013 996
f 1014 996 1013
f 996 1011 1017
f 1016 996 1017
f 1016 1017 1019
f 1016 994 996
f 1017 1002 1019
f 721 719 720
f 1020 721 1018
f 721 1020 1025
f 1025 1020 1024
f 1024 1023 7574
f 7574 1025 1024
f 955 957 9233
f 1029 2667 2668
f 1028 757 1029
f 1029 1027 1028
f 1028 1026 750
f 1029 2668 1027
f 757 1032 2582
f 758 2582 1030
f 758 1030 759
f 757 2582 758
f 1040 2575 785
f 2575 2576 785
f 787 2564 667
f 669 666 670
f 669 670 668
f 670 2568 668
f 2591 671 2590
f 648 672 2589
f 2590 674 2589
f 652 671 55
f 671 2587 55
f 648 2589 674
f 674 2590 671
f 2587 57 55
f 652 55 22
f 651 652 22
f 671 652 674
f 54 55 57
f 51 54 57
f 649 647 650
f 647 648 650
f 674 652 650
f 52 43 56
f 43 50 51
f 45 58 1049
f 672 6587 2664
f 2589 2664 2590
f 855 6587 8460
f 677 685 678
f 685 1046 678
f 2584 782 783
f 782 2584 779
f 780 781 776
f 781 782 776
f 780 776 778
f 745 6179 744
f 749 746 745
f 745 744 2583
f 744 6586 2583
f 6179 745 746
f 736 961 1008
f 1006 1008 960
f 1008 7318 960
f 1005 711 1000
f 970 1005 1000
f 1013 707 705
f 957 717 718
f 2567 1045 2568
f 2567 2568 2586
f 670 2586 2568
f 1051 7576 668
f 668 2568 1051
f 2568 1045 1051
f 667 2569 2567
f 667 2570 787
f 2573 2564 787
f 1045 2569 2564
f 2569 667 2564
f 2574 787 2572
f 2570 2654 2594
f 2570 2594 2572
f 2594 784 2572
f 786 1043 784
f 1044 2574 1043
f 2574 2572 1043
f 2574 2573 787
f 1047 2574 1044
f 1047 1044 1041
f 1044 2577 1041
f 2572 784 1043
f 1042 1041 2577
f 1040 1044 1043
f 785 1039 2577
f 785 2577 1040
f 2577 1039 1042
f 1039 761 2578
f 2578 761 1037
f 1037 761 1036
f 1036 1038 1037
f 748 777 1035
f 1033 748 9535
f 758 759 754
f 755 754 2581
f 759 2581 754
f 758 754 760
f 760 756 758
f 758 756 757
f 748 1033 747
f 958 757 756
f 956 2667 959
f 958 2667 1029
f 2667 958 959
f 1026 963 750
f 1027 1026 1028
f 956 955 9233
f 2667 956 9233
f 7574 1023 2668
f 2668 9233 7574
f 2668 2667 9233
f 1023 1027 2668
f 1018 720 1016
f 1019 1018 1016
f 2672 2670 810
f 2675 810 2674
f 2724 2688 2675
f 817 2678 2676
f 2680 2681 2723
f 2680 8458 2681
f 1145 2613 8458
f 2612 2684 2613
f 2613 2684 2683
f 2677 2724 2675
f 2680 2678 2685
f 1145 2682 2686
f 2725 2675 2688
f 2676 2724 2677
f 8458 2682 1145
f 766 1147 765
f 816 814 2733
f 821 2688 823
f 663 1138 7578
f 2692 662 7578
f 790 791 7579
f 791 2695 7579
f 790 7579 2689
f 1138 2692 7578
f 1155 2623 2701
f 2709 949 8459
f 2696 2598 704
f 8459 704 2746
f 2705 2706 1154
f 1153 2706 2705
f 1156 1148 1152
f 2709 793 949
f 2707 1151 794
f 2711 1148 2710
f 1148 1156 2710
f 2711 2600 795
f 795 1151 2711
f 2712 795 2600
f 2713 2603 2607
f 2606 2603 2605
f 1146 2712 1143
f 2608 1144 2607
f 766 2712 1146
f 1146 1144 2690
f 1144 1146 1143
f 2690 2737 2687
f 7579 2653 2717
f 2652 663 790
f 7579 2695 2653
f 2689 7579 2717
f 2689 2652 790
f 2621 2618 2622
f 2620 2621 2622
f 2618 2718 2652
f 2697 2652 2718
f 2642 1137 2645
f 1137 2642 2693
f 2642 657 2693
f 2640 1131 2756
f 2629 2626 2627
f 2627 2630 2629
f 2728 2634 2631
f 2634 659 7583
f 659 661 7583
f 2691 1147 2690
f 765 796 766
f 796 794 795
f 796 795 766
f 795 2712 766
f 2616 2721 2715
f 2721 2683 2715
f 2683 2721 2681
f 2695 2722 2653
f 2721 2653 2722
f 2722 2681 2721
f 2616 2653 2721
f 2695 789 2723
f 2681 2722 2723
f 2723 2679 2678
f 2722 2695 2723
f 2678 2680 2723
f 2679 2723 789
f 2678 2679 2676
f 789 819 2679
f 818 2676 2679
f 823 818 819
f 818 823 2688
f 2688 2724 818
f 819 818 2679
f 818 2724 2676
f 810 2675 2725
f 2688 821 2725
f 810 2725 2672
f 2726 2725 821
f 2726 2672 2725
f 7577 2670 2672
f 7577 7582 2727
f 2625 792 2626
f 2626 792 9462
f 2671 792 703
f 2624 703 2625
f 2729 2730 2671
f 2729 2671 703
f 2671 2670 7577
f 2670 2671 2730
f 813 2673 2730
f 2673 2670 2730
f 2730 2729 813
f 2673 813 2731
f 2729 2598 813
f 2670 2673 810
f 810 812 2674
f 813 2598 2696
f 2733 812 2731
f 2733 811 812
f 814 2732 811
f 811 2733 814
f 2676 2677 9642
f 811 2674 812
f 814 9237 2734
f 817 2734 2735
f 2735 2685 817
f 817 2685 2678
f 2686 2682 2685
f 2680 2685 2682
f 2685 2735 2686
f 1147 2691 2736
f 2691 2686 2735
f 2736 2691 2735
f 2691 2687 2686
f 2686 2687 1145
f 2691 2690 2687
f 2613 1142 2612
f 2613 1145 1142
f 1145 2687 1142
f 794 796 793
f 2709 794 793
f 1147 2736 765
f 704 949 2696
f 1147 1146 2690
f 796 765 9237
f 664 822 819
f 791 789 2695
f 2762 856 2596
f 2595 2655 2596
f 763 762 2579
f 2763 763 2579
f 2615 2618 2717
f 2615 2622 2618
f 2619 2615 2617
f 2717 1141 2615
f 2616 1141 2717
f 2615 1141 2617
f 2614 1141 2616
f 2760 2614 2715
f 2616 2717 2653
f 2614 2616 2715
f 2716 2760 2715
f 2715 2684 2716
f 2761 2612 9234
f 1142 2737 2610
f 1142 2687 2737
f 2763 9234 2738
f 2610 2737 2611
f 2610 2612 1142
f 2611 2737 1144
f 1144 2608 2611
f 2609 2611 2720
f 2720 2611 2608
f 2760 857 2614
f 857 1141 2614
f 2718 1139 2697
f 1139 2649 2697
f 2648 2650 2644
f 2650 1140 2644
f 1138 2649 2740
f 2645 2740 2647
f 2649 2647 2740
f 2740 2645 1137
f 661 657 2755
f 2693 660 656
f 657 661 2693
f 661 660 2693
f 665 2740 1137
f 656 665 2693
f 2750 2630 2632
f 2632 2628 2750
f 2630 2627 2631
f 2699 2729 703
f 949 704 8459
f 2704 2747 2708
f 2611 2609 2738
f 1152 2705 2704
f 2746 2623 1155
f 2747 1155 2701
f 2702 2623 2746
f 2597 2623 2702
f 2623 2597 2764
f 2764 2597 7585
f 2624 7585 2597
f 2662 1159 2625
f 2624 2625 1159
f 9235 2662 2626
f 2748 9235 2629
f 2748 2629 2749
f 2629 2630 2750
f 2633 2631 2636
f 2635 2752 2628
f 2752 2635 2751
f 2634 2751 2636
f 2751 2635 2636
f 2561 2752 2637
f 2637 2752 2751
f 2639 2751 7583
f 2637 2754 2561
f 1136 2637 2751
f 2754 2637 1136
f 661 2755 2639
f 2638 1136 1134
f 2751 2639 1136
f 2639 2755 1134
f 1134 2755 1133
f 2755 1132 1133
f 2754 1136 2638
f 1136 2639 1134
f 2638 1133 2756
f 1133 1132 2640
f 1133 2638 1134
f 2756 1133 2640
f 2640 1130 1131
f 1132 2755 657
f 1132 657 2640
f 657 2642 2640
f 2640 2642 1130
f 2641 2745 1130
f 1130 2745 1131
f 2745 2641 2757
f 2641 1130 2645
f 2643 2745 2757
f 2641 2646 2757
f 2646 2758 2757
f 2641 2645 2647
f 2649 2648 2647
f 2648 2646 2647
f 2643 2757 841
f 841 2757 2758
f 2648 2651 2646
f 2644 2651 2648
f 2651 2644 842
f 2648 1139 2650
f 2718 2650 1139
f 1140 2621 2620
f 2650 2621 1140
f 1140 2620 2739
f 2718 2621 2650
f 2619 2617 2656
f 2620 2622 2619
f 2622 2615 2619
f 2617 1141 857
f 856 2595 2596
f 2579 764 2762
f 2761 2763 2579
f 863 8463 9528
f 2703 8459 1154
f 2766 2706 1153
f 2706 2766 2703
f 2705 1152 1153
f 2703 1154 2706
f 2707 2766 1148
f 2766 1153 1148
f 2703 2766 2707
f 2767 1152 861
f 1156 2769 2710
f 1150 1149 2599
f 1149 2711 2710
f 2601 2602 1150
f 1149 2600 2711
f 2602 2713 2600
f 2768 981 2769
f 2600 1149 2602
f 1149 2710 2599
f 2710 2769 2599
f 2604 2713 2602
f 2603 2713 2604
f 2604 2602 2601
f 2603 2606 2607
f 2605 2604 2601
f 2714 2608 2606
f 2608 2607 2606
f 2720 2608 2714
f 2719 2714 2606
f 2634 7583 2751
f 2636 2631 2634
f 905 2765 1158
f 9536 1158 2765
f 7316 9528 905
f 2707 2709 2703
f 984 987 986
f 986 985 981
f 985 2601 2769
f 986 987 985
f 2712 2600 2713
f 1143 2713 2607
f 1143 2712 2713
f 2607 1144 1143
f 2770 2771 2720
f 2771 2609 2720
f 2738 2772 2763
f 2709 8459 2703
f 2689 2618 2652
f 2718 2618 2621
f 2717 2618 2689
f 2690 1144 2737
f 2661 2549 2698
f 2777 2551 2776
f 906 1157 2775
f 2719 950 2770
f 950 954 2770
f 6202 954 950
f 2719 987 950
f 753 2771 2770
f 954 753 2770
f 2592 854 2663
f 858 2655 2654
f 2783 858 2654
f 2739 2656 2780
f 2779 2780 2669
f 2656 2739 2619
f 2759 2663 2656
f 2663 2593 2592
f 788 2593 8963
f 2655 2716 2596
f 2762 786 856
f 2759 2783 2593
f 2617 857 2759
f 2593 2663 2759
f 2652 2697 663
f 2649 1138 2697
f 2655 858 2760
f 858 857 2760
f 2780 2656 2663
f 2759 857 858
f 2783 2759 858
f 2780 2779 2739
f 2779 2781 2739
f 2716 2655 2760
f 2656 2617 2759
f 2620 2619 2739
f 854 7302 2669
f 849 2644 2781
f 2644 1140 2781
f 1140 2739 2781
f 2592 2588 7584
f 2780 2663 2669
f 842 8461 8457
f 2651 842 2758
f 848 843 8461
f 789 791 819
f 791 664 819
f 791 790 664
f 2694 823 822
f 821 823 2694
f 7577 2672 7582
f 658 9351 9352
f 656 9351 820
f 814 816 9237
f 816 796 9237
f 2697 1138 663
f 656 660 9351
f 2731 815 2733
f 2731 2696 815
f 820 9351 2726
f 821 820 2726
f 2692 665 662
f 2734 2736 2735
f 656 662 665
f 2726 9351 658
f 821 2694 820
f 1138 2740 2692
f 665 2692 2740
f 2629 2750 2749
f 2750 2628 2749
f 662 656 820
f 704 2598 2702
f 815 793 816
f 816 793 796
f 704 2702 2746
f 2601 1150 2769
f 2768 1156 2767
f 981 985 2769
f 1156 2768 2769
f 2719 2770 2714
f 2770 2720 2714
f 2605 2601 985
f 1156 1152 2767
f 9536 2765 9463
f 2764 2785 9350
f 2549 2700 2698
f 1159 2662 2660
f 2698 1159 2660
f 2705 1154 2704
f 2775 2785 2700
f 2785 2764 2700
f 2700 2764 7585
f 2702 2699 2597
f 2701 2764 9350
f 2764 2701 2623
f 849 842 2644
f 755 2772 752
f 2771 752 2772
f 2609 2772 2738
f 987 2719 2605
f 2609 2771 2772
f 985 987 2605
f 814 2734 2732
f 662 2694 822
f 2634 2728 659
f 817 2732 2734
f 820 2694 662
f 822 7578 662
f 2628 2752 7581
f 2561 7581 2752
f 2756 2742 2743
f 2753 2561 2754
f 2756 2743 2638
f 2743 2754 2638
f 2659 2753 2754
f 894 892 2788
f 824 2555 2789
f 2753 2659 2793
f 2753 1135 2778
f 2777 1135 2792
f 2776 2778 2777
f 2552 7587 7565
f 2793 824 2789
f 2553 2774 2748
f 2777 2792 2786
f 2792 2552 2786
f 2749 7581 2773
f 2778 1135 2777
f 2551 2788 2791
f 2561 2753 2778
f 2553 2551 2791
f 2748 2774 9235
f 2551 2786 2788
f 2786 7565 2788
f 2789 1135 2793
f 1135 2753 2793
f 2773 7581 2776
f 7581 2778 2776
f 2561 2778 7581
f 2792 1135 2789
f 2553 2773 2551
f 894 2788 7565
f 2786 2551 2777
f 2551 2773 2776
f 2754 2743 2659
f 889 2795 890
f 891 7313 892
f 7586 2790 2550
f 7313 893 2794
f 889 906 2795
f 906 2549 2787
f 906 2775 2549
f 2796 890 2795
f 2796 893 890
f 8425 889 890
f 1157 2785 2775
f 2787 2550 2796
f 2794 2550 2790
f 2790 892 2794
f 2700 2549 2775
f 2774 7586 2660
f 2787 2796 2795
f 2794 893 2796
f 2788 892 2790
f 2787 2661 2550
f 2661 7586 2550
f 2550 2794 2796
f 892 7313 2794
f 2698 2660 2661
f 2660 7586 2661
f 2787 2549 2661
f 838 837 2797
f 837 6190 2797
f 830 839 2799
f 839 838 2799
f 831 830 2800
f 6190 2552 2797
f 825 828 2560
f 2799 838 2555
f 6190 7567 7587
f 2798 2658 2742
f 2800 2658 2798
f 2800 824 2658
f 824 2800 2799
f 830 2799 2800
f 2659 2742 2658
f 2798 831 2800
f 2744 2643 2657
f 2798 2657 2560
f 2560 831 2798
f 2742 2756 2741
f 825 2560 2657
f 2552 2792 2797
f 2741 2798 2742
f 838 2797 2555
f 2555 2797 2789
f 2797 2792 2789
f 2659 2658 2793
f 2658 824 2793
f 2741 2657 2798
f 828 829 831
f 2643 2744 2745
f 2744 2657 2741
f 2756 2744 2741
f 2555 824 2799
f 2659 2743 2742
f 828 831 2560
f 1131 2745 2744
f 1131 2744 2756
f 1596 1595 2802
f 2801 1596 2802
f 1592 1591 1580
f 1596 2801 1591
f 1589 1596 1590
f 1596 1591 1590
f 2809 2801 2802
f 2801 2804 1591
f 1815 1813 1816
f 1813 1822 2806
f 1591 1592 1590
f 1592 1588 1590
f 7396 2805 7398
f 2802 1595 1822
f 1579 2807 1578
f 2807 9238 1578
f 2807 1581 1577
f 1394 1398 1391
f 1395 1394 1391
f 2812 2813 1815
f 2812 1819 2813
f 1819 2812 1818
f 1817 8967 2812
f 1815 2814 1813
f 1822 1823 2806
f 1823 1814 2806
f 1813 2806 1816
f 2806 1814 1816
f 1813 2803 1822
f 2803 2802 1822
f 1857 1858 1856
f 1397 1398 1396
f 1398 1399 1396
f 1398 1394 1399
f 1393 1734 9520
f 2813 1819 8462
f 1813 2814 2803
f 2808 2817 2816
f 2808 2803 2814
f 2808 2809 2803
f 2814 2813 1812
f 2813 8462 1812
f 1815 2813 2814
f 2809 2808 2816
f 1603 2817 2808
f 2818 1603 2820
f 9643 1602 2818
f 2823 2819 1606
f 8462 1830 7590
f 1830 1832 7590
f 2819 1831 6316
f 1831 1827 6316
f 9643 2824 1602
f 2819 2823 9643
f 2823 2824 9643
f 2822 1599 2824
f 2823 2822 2824
f 2819 6316 1606
f 1600 2822 2823
f 1606 1604 2821
f 1600 2823 2821
f 2823 1606 2821
f 2843 1403 1599
f 1403 2824 1599
f 2818 2820 1831
f 2824 1403 1602
f 6316 1828 1604
f 2822 1600 1597
f 1599 2841 2843
f 2825 2826 1605
f 1598 1597 1601
f 1597 1600 1601
f 2821 1605 2826
f 1600 2821 2826
f 2826 2828 1601
f 2828 1598 1601
f 2841 1599 1597
f 1599 2822 1597
f 1838 2825 1605
f 2841 1597 2846
f 2827 2826 2825
f 2826 1601 1600
f 1639 2827 2825
f 1838 1839 2829
f 1836 1833 1644
f 2829 2825 1838
f 1598 2828 1679
f 2825 2829 1639
f 2829 1643 1639
f 1679 1638 9354
f 1679 9354 1598
f 9354 2846 1598
f 1638 1679 9239
f 1642 1641 9291
f 1641 2830 9291
f 1643 1641 1642
f 2828 8966 1679
f 8966 1642 9291
f 2827 1639 1642
f 1639 1643 1642
f 2827 2828 2826
f 1635 2830 1634
f 1633 1635 1634
f 1635 2831 1674
f 1635 1674 1636
f 1674 1638 1636
f 1643 1644 1641
f 1636 2830 1635
f 1836 6317 1833
f 2830 1637 1634
f 1637 1640 2834
f 1633 2831 1635
f 1641 1637 2830
f 1634 1637 2834
f 1637 1833 1640
f 2830 1636 9291
f 2833 1704 2836
f 6317 6322 1701
f 2837 2835 1694
f 1696 1694 2835
f 2837 1694 2833
f 2832 1640 1701
f 2832 2833 2834
f 2834 2833 1694
f 1701 1702 2832
f 1702 1704 2832
f 1640 2832 2834
f 2834 1694 1634
f 1694 1633 1634
f 1704 2833 2832
f 1706 1698 1707
f 2835 2837 2838
f 1706 1707 6321
f 1701 1843 1702
f 1843 1703 1702
f 1698 1706 1697
f 2836 1700 2837
f 2836 1704 1698
f 2836 1698 1700
f 1707 1702 1703
f 2833 2836 2837
f 1702 1707 1704
f 2810 2840 2811
f 2804 2801 1594
f 2801 2809 1594
f 1581 2804 2811
f 2817 1402 2810
f 2811 1594 2810
f 2816 2817 2810
f 2810 1402 2840
f 2816 1594 2809
f 2816 2810 1594
f 2804 1594 2811
f 1402 1403 2844
f 2840 2839 1577
f 1581 2811 1577
f 2811 2840 1577
f 1593 2839 1401
f 2844 1403 2843
f 2840 1402 2844
f 2845 2839 2844
f 2845 2843 2841
f 2843 2845 2844
f 2844 2839 2840
f 1577 2839 9238
f 1677 2847 2842
f 2842 2845 2841
f 1401 2845 2842
f 1400 1401 2847
f 1401 2842 2847
f 1401 1400 1593
f 9353 2847 1677
f 2845 1401 2839
f 1677 2842 7592
f 1400 2847 1391
f 1391 2847 9353
f 1677 2848 9353
f 2849 1677 7593
f 1672 2851 7591
f 1671 1392 2848
f 9354 7591 2850
f 1677 2849 2848
f 2846 9354 2850
f 1672 1674 1673
f 1674 2831 1673
f 1676 2854 2852
f 2854 1675 2852
f 2853 9218 1671
f 1673 2854 1676
f 2853 1678 2852
f 1678 1676 2852
f 7591 2851 7593
f 1671 1678 2853
f 1696 2855 2831
f 1675 1692 2856
f 2831 2855 2854
f 2852 1675 9355
f 1673 2831 2854
f 1675 2855 1692
f 2855 1675 2854
f 2856 1667 1675
f 1676 1678 2851
f 1678 2849 2851
f 1692 2855 1696
f 2856 2860 1668
f 1668 1669 1667
f 2857 1692 2859
f 2835 1692 1696
f 1692 2857 2856
f 2862 2863 1693
f 2859 1695 2858
f 1695 1693 2858
f 2857 2858 1686
f 2835 2838 2859
f 2838 1695 2859
f 1686 2858 1687
f 2858 1693 1687
f 2859 1692 2835
f 1686 1684 2860
f 1683 1684 1686
f 1688 2861 2862
f 1689 1688 2862
f 1683 1687 1685
f 1693 2863 1691
f 2858 2857 2859
f 2838 1689 1695
f 1687 1691 1685
f 2861 1688 1538
f 1539 7594 2864
f 1691 2863 1690
f 2863 2861 2864
f 2861 1538 2864
f 6284 1685 1681
f 2862 2861 2863
f 1690 2863 2864
f 1681 1691 1690
f 1681 1690 2865
f 2865 1690 2867
f 1687 1693 1691
f 1691 1681 1685
f 6284 1681 1682
f 1538 1539 2864
f 1690 2864 2867
f 1534 1537 7594
f 2865 2868 2866
f 2864 7594 2867
f 2867 1537 2868
f 1682 2865 2866
f 1539 1622 1624
f 1622 1619 1624
f 7370 7383 7595
f 1576 8118 2866
f 2870 1534 1535
f 1537 1534 2870
f 1682 1681 2865
f 7594 1539 1624
f 1534 7594 1624
f 1576 2866 2869
f 2866 2868 2869
f 1619 1618 1535
f 1574 2870 1536
f 1536 1424 1573
f 1574 1537 2870
f 1573 7595 1536
f 1425 1424 1536
f 2870 1535 1533
f 1535 1618 1533
f 1421 1420 7370
f 2870 1533 1536
f 1533 1425 1536
f 1423 1421 1424
f 1610 1607 1420
f 1609 1610 8441
f 1573 1421 7370
f 1420 1421 1610
f 1856 1613 1857
f 1610 1421 1423
f 1858 7381 1521
f 1519 7381 1858
f 1856 2815 1859
f 2815 1858 1521
f 1859 1861 1863
f 1857 1519 1858
f 1858 2815 1856
f 1867 1611 1863
f 1611 1860 1863
f 1609 8441 1860
f 1861 1862 1863
f 1862 1867 1863
f 1860 1859 1863
f 1860 1856 1859
f 1473 7380 7377
f 1462 1522 1455
f 1518 1522 1462
f 1516 8437 1514
f 1521 1522 2815
f 1521 1455 1522
f 1862 1861 1514
f 1861 1515 1514
f 1514 1515 1516
f 1515 1522 7596
f 1821 7588 1820
f 1821 7597 1494
f 6502 2439 6499
f 2507 2503 2871
f 2526 6554 8968
f 2525 6552 2523
f 2526 2507 2523
f 2503 2136 2505
f 2123 6430 2125
f 6540 2510 2511
f 2510 6541 2511
f 2136 2130 2135
f 2134 2126 2135
f 2506 6540 9662
f 2122 2509 2512
f 2510 6540 2512
f 2124 2506 2505
f 2129 8968 2440
f 2136 2503 2131
f 2508 2507 2871
f 2505 2506 2871
f 2498 6558 6536
f 2124 2512 2506
f 2512 6540 2506
f 2507 2526 2504
f 2526 8968 2504
f 6201 859 863
f 2872 2873 2874
f 2874 2875 2872
f 2876 2877 2872
f 2872 2875 2876
f 2878 2879 2876
f 2876 2875 2878
f 2874 2880 2878
f 2878 2875 2874
f 2881 2882 2883
f 2876 2879 2884
f 2884 2881 2876
f 2883 2877 2876
f 2876 2881 2883
f 2879 2885 2884
f 2888 2878 6726
f 2888 2885 2879
f 2879 2878 2888
f 2894 2889 2890
f 2890 2889 2891
f 2874 2873 3333
f 2892 2880 2874
f 2874 3333 2892
f 2892 3333 3332
f 2894 2893 2892
f 2892 2893 2880
f 2896 2890 2895
f 2890 2891 2895
f 2894 2890 3518
f 2881 8464 2882
f 3339 2900 2901
f 2901 2900 2902
f 2902 2903 2901
f 2901 2903 8201
f 8464 2881 7598
f 2902 2898 2899
f 2899 2904 2902
f 2906 6589 2907
f 2907 6594 2905
f 2905 2906 2907
f 8465 6589 2906
f 2910 6590 7599
f 2908 6590 9240
f 9240 6589 2911
f 2910 6594 6590
f 3339 8201 8465
f 2911 6589 7600
f 2915 2916 6609
f 6609 6607 2915
f 2914 6591 2915
f 2916 2917 2925
f 2915 6591 2917
f 2915 2917 2916
f 2918 2919 2920
f 2921 6593 2918
f 2918 2920 2921
f 2921 2920 6591
f 2922 6603 2923
f 2923 6593 2922
f 2922 6593 6592
f 2921 6591 2914
f 2914 6593 2921
f 2925 2917 7601
f 2891 2927 2928
f 2927 2924 2928
f 2929 2926 7602
f 2895 2891 2928
f 2928 3534 2895
f 2930 2920 2919
f 2932 2917 6591
f 2925 2926 2924
f 2931 7602 2932
f 2905 2933 2934
f 2935 2936 6595
f 2935 2933 6594
f 6601 6595 2939
f 2933 2935 6595
f 2938 2934 2933
f 2933 6595 2938
f 2940 6596 6597
f 2939 2936 2943
f 2909 6707 6598
f 2935 6594 2910
f 2910 6599 2935
f 2943 2936 6599
f 2943 6600 6597
f 2945 6600 6598
f 2937 6601 2946
f 2947 6604 6601
f 2946 6604 6602
f 2922 2950 6603
f 2951 6606 2949
f 2949 2950 2951
f 2951 2950 6604
f 6592 2913 6602
f 6602 2950 2922
f 2951 6604 2947
f 2951 9356 6606
f 2954 2957 2953
f 2953 2956 2955
f 3152 3194 2958
f 3151 2958 2959
f 3163 7603 3158
f 2958 3194 2960
f 2961 2955 2956
f 2961 2994 2955
f 2994 2961 2962
f 3205 2962 2961
f 2963 3076 2965
f 2963 2965 2964
f 2968 2963 2964
f 3188 2963 2969
f 2966 2967 2982
f 2970 7604 2964
f 2985 2970 2978
f 2970 2964 2965
f 2965 2971 2970
f 2970 2971 2978
f 2976 2975 2974
f 2975 2972 2974
f 2971 2965 2959
f 2973 2978 2971
f 2973 2971 2979
f 2959 2958 8467
f 2979 2971 8467
f 2979 2960 2981
f 2973 2979 2980
f 3156 2981 2960
f 3156 7603 2981
f 2982 2985 2987
f 2982 2967 7604
f 2974 2980 2983
f 7603 2983 2981
f 2983 7603 3163
f 2976 2974 2983
f 3163 3164 9357
f 2984 2978 2973
f 2985 2978 2984
f 2972 2984 2973
f 2972 2986 2984
f 2986 2987 2984
f 2977 2987 2986
f 2987 2985 2984
f 2977 2986 2992
f 2986 2972 2975
f 2975 2991 2986
f 2986 2991 2992
f 2988 2990 2976
f 2976 2990 2989
f 2975 2976 2989
f 2990 2953 2955
f 2990 2955 2989
f 2990 2988 2954
f 2954 2953 2990
f 2991 2975 2989
f 2993 2992 2991
f 2993 2994 2962
f 2989 2955 2994
f 2989 2994 2991
f 2991 2994 2993
f 2996 3019 2995
f 2996 2995 2998
f 2998 2997 2996
f 3001 3182 2962
f 3001 3002 3000
f 2999 3182 3001
f 3001 3000 2999
f 2962 3205 3003
f 2962 3003 3001
f 3003 3002 3001
f 3004 3178 2999
f 3178 3004 3005
f 3005 3004 3013
f 3004 2999 3000
f 3000 3006 3004
f 3004 3006 3013
f 9241 3007 3005
f 3009 3008 9241
f 3010 3011 3012
f 3012 3011 3009
f 3005 3013 9241
f 3012 3009 9241
f 9241 3013 3012
f 3014 3016 3015
f 3016 3031 3015
f 3028 3018 3017
f 3020 5873 5878
f 5878 2995 3020
f 3021 3017 3018
f 3021 5873 3020
f 3022 3015 3017
f 3020 3019 3022
f 3020 3022 3021
f 3021 3022 3017
f 3023 2996 2997
f 2997 3025 3023
f 3019 2996 3023
f 3022 3024 3015
f 3024 3014 3015
f 3019 3023 3024
f 3019 3024 3022
f 3023 3025 3024
f 3024 3025 3014
f 3017 3015 3031
f 3031 3029 3026
f 3026 3028 3031
f 3028 3017 3031
f 3029 3031 3030
f 3031 3016 3030
f 3030 3033 3029
f 3037 3190 3034
f 3190 3035 3034
f 3190 3037 3038
f 3036 3038 3037
f 3039 3041 3062
f 3045 3042 3040
f 3043 3042 3045
f 3045 3044 3043
f 3045 3040 3041
f 3049 3050 3048
f 3064 3050 3051
f 3050 3049 3051
f 3070 3053 3052
f 3053 3070 8576
f 3054 9242 3048
f 3055 3043 3044
f 3055 3056 3043
f 3054 3048 3057
f 3054 3057 3058
f 3056 3055 3058
f 3058 3057 3056
f 5886 3054 3058
f 3059 3039 3062
f 5879 3059 3060
f 7606 3052 3053
f 3053 3060 7606
f 3063 3060 3059
f 3061 3062 3040
f 3059 3062 3063
f 3063 3062 3061
f 3063 3061 3064
f 7606 3060 3063
f 3063 3064 7606
f 3066 3050 3064
f 3066 3064 3061
f 3056 3065 3043
f 3065 3042 3043
f 3061 3040 3042
f 3065 3061 3042
f 3067 3048 3050
f 3050 3066 3067
f 3067 3066 3065
f 3066 3061 3065
f 3067 3056 3057
f 3065 3056 3067
f 3067 3057 3048
f 9242 9443 3069
f 3070 3052 3071
f 3070 3071 3198
f 3049 3072 3051
f 3049 3068 3072
f 3052 3072 3071
f 3052 3051 3072
f 3072 3199 3071
f 3068 3199 3072
f 3075 3199 3074
f 3074 3080 3075
f 3189 3188 3191
f 3078 3077 3076
f 3076 3150 2965
f 3077 3078 3038
f 3046 3047 9464
f 9464 3080 3081
f 2968 2967 3081
f 2968 3081 2969
f 3081 3074 2969
f 3080 3074 3081
f 3191 3188 3192
f 3082 3106 3083
f 2997 2998 3083
f 5871 5904 3082
f 3082 5904 9243
f 3083 2998 5899
f 5871 3082 3083
f 3086 2957 2954
f 3086 3184 3085
f 3085 3087 3086
f 3086 3087 2957
f 3090 3089 3088
f 3090 3084 3091
f 3084 3085 3091
f 3011 3010 8468
f 3092 3008 3009
f 3011 3094 3092
f 3011 3092 3009
f 3089 3093 3094
f 3094 3093 3092
f 3088 3094 9537
f 3088 3089 3094
f 3014 3096 3097
f 3097 3096 3095
f 3099 9244 3095
f 3100 3098 3099
f 5900 3098 3100
f 3099 3095 3102
f 3101 3100 3099
f 3099 3102 3101
f 3103 9243 3101
f 3101 3102 3103
f 3103 3102 3104
f 3103 3105 3082
f 3103 3104 3105
f 3025 2997 3106
f 3025 3106 3107
f 3105 3104 3107
f 3107 3106 3105
f 3106 3082 3105
f 3096 3014 3025
f 3104 3096 3107
f 3107 3096 3025
f 3108 6088 5901
f 3196 3109 3108
f 3108 3098 6088
f 3109 7608 9244
f 3110 3016 3097
f 7608 3109 3110
f 3109 3033 3110
f 3033 3030 3110
f 3113 3112 3111
f 3114 3112 3113
f 3114 3115 3036
f 3115 3038 3036
f 3114 3113 3115
f 3113 3153 9245
f 3117 3116 3118
f 3120 7609 3118
f 7609 3120 5908
f 9359 9358 3123
f 3124 3120 3116
f 3116 8969 3124
f 3123 3122 3124
f 3122 5909 5998
f 3121 3120 3124
f 3125 3163 3158
f 3126 3145 3127
f 3128 3129 3141
f 3141 3129 3126
f 9359 3135 3133
f 9359 3133 8469
f 3132 3130 3136
f 8469 3133 3134
f 3137 3118 3119
f 3137 3117 3118
f 8471 3138 8470
f 3137 3138 3117
f 3117 3138 3139
f 3139 3138 3128
f 3139 3140 3117
f 3117 3140 3116
f 3139 3128 3141
f 3141 3140 3139
f 3123 8969 3143
f 3135 3123 3143
f 3132 9595 3127
f 3135 3143 9595
f 3132 3133 3135
f 3145 3200 3146
f 8473 3131 3146
f 8473 5939 3131
f 6093 3154 3147
f 8472 3148 3201
f 3129 3144 3126
f 3129 3128 8472
f 3129 3201 3144
f 3159 3144 3157
f 3077 3038 3115
f 2959 2965 3150
f 3151 3152 2958
f 2959 3150 3151
f 3151 3150 3077
f 3151 3077 9245
f 3153 3152 3151
f 3154 5925 9246
f 3158 3155 3125
f 3154 9246 3125
f 3154 3125 3155
f 3155 3148 3154
f 3159 3157 3156
f 3156 3157 3158
f 3155 3158 3157
f 3194 3159 2960
f 2960 3159 3156
f 3161 3180 3160
f 3161 7605 3162
f 3162 3180 3161
f 2977 3162 7605
f 2988 2976 9357
f 2988 3164 3165
f 3168 9360 3171
f 3169 3161 3160
f 3168 3171 3169
f 3169 3171 3161
f 2966 7605 3170
f 3170 3046 2966
f 3046 3170 3171
f 3170 7605 3161
f 3161 3171 3170
f 3163 3125 3173
f 3164 3163 3173
f 9246 5919 3172
f 3172 3173 9246
f 3173 3172 3166
f 3176 3007 3174
f 3174 3007 3175
f 3174 3175 9361
f 3008 3175 3007
f 3176 3005 3007
f 3177 3160 3180
f 3177 3176 3174
f 3177 3174 3160
f 3176 3178 3005
f 3177 3178 3176
f 3181 2999 3178
f 3181 3178 3177
f 3162 2977 2992
f 2992 3179 3162
f 2992 2993 3179
f 3177 3180 3181
f 3181 3180 3179
f 3180 3162 3179
f 3181 3182 2999
f 2993 2962 3182
f 2993 3182 3179
f 3179 3182 3181
f 3166 3183 3164
f 3183 3184 3165
f 2954 3165 3086
f 3086 3165 3184
f 2954 2988 3165
f 3185 3184 3183
f 3185 3183 8970
f 3167 8970 3183
f 3091 3085 3184
f 3184 3185 3091
f 3186 3090 3091
f 3091 3185 3186
f 3185 8970 3186
f 3187 3093 3089
f 8970 3187 3186
f 3089 3090 3186
f 3186 3187 3089
f 3192 3188 2969
f 3076 3188 3189
f 3076 2963 3188
f 3190 3189 3035
f 3189 3078 3076
f 3190 3038 3078
f 3078 3189 3190
f 3152 3149 8971
f 3193 3111 5929
f 3113 3111 3193
f 5938 8473 8971
f 3153 3113 3193
f 5940 3027 3034
f 3029 3195 3026
f 3195 3034 3027
f 3037 3034 3195
f 3195 3032 3037
f 3195 3029 3032
f 3032 3033 3036
f 3036 3037 3032
f 3109 3197 3033
f 3036 3033 3114
f 3114 3033 3197
f 3197 3112 3114
f 3197 3109 3196
f 3197 3196 3112
f 3196 5926 9644
f 3198 3071 3075
f 3075 7607 3198
f 3075 3071 3199
f 3068 3069 3073
f 7610 3073 3069
f 3191 3192 7610
f 3200 3194 8971
f 3200 3145 3144
f 3144 3159 3200
f 3200 3159 3194
f 3144 3201 3157
f 3155 3157 3201
f 3148 8472 3147
f 3201 3148 3155
f 3147 3154 3148
f 3203 3202 3204
f 3202 2953 2957
f 2957 3204 3202
f 2956 2953 3202
f 3202 3203 2956
f 3205 3206 3207
f 3203 3208 3209
f 3206 3205 3209
f 3209 3208 3206
f 2956 3209 2961
f 2961 3209 3205
f 2956 3203 3209
f 3212 7617 3211
f 3207 3213 3212
f 3205 3207 3003
f 3003 3207 3002
f 3207 3212 3002
f 3002 3212 3211
f 3211 3000 3002
f 8474 3216 3214
f 3215 3216 3210
f 3214 3216 3215
f 3211 3216 3006
f 3211 3210 3216
f 3006 3216 8474
f 3217 3218 3219
f 3217 3219 3220
f 3221 8474 3214
f 3214 3217 3221
f 3217 3220 3221
f 8474 3222 3013
f 3222 3012 3013
f 3221 3220 3222
f 3221 3222 8474
f 3010 3220 3223
f 3220 3219 3223
f 3010 3012 3222
f 3222 3220 3010
f 3230 3226 3227
f 3227 3226 3224
f 3228 3085 3084
f 3084 3227 3228
f 3227 3224 3228
f 3204 2957 3087
f 3204 3087 3225
f 3228 3224 3225
f 3225 3087 3228
f 3087 3085 3228
f 3229 3226 3230
f 3229 3230 3231
f 3232 3229 3231
f 3234 3090 3088
f 3088 3233 3234
f 3233 3231 3234
f 3227 3084 3230
f 3234 3231 3230
f 3230 3084 3234
f 3084 3090 3234
f 3236 3231 3235
f 3231 3236 3232
f 3219 3218 3237
f 3219 3237 3238
f 3236 3235 3238
f 3238 3237 3236
f 8468 3010 3223
f 3223 3238 8468
f 3238 3235 8468
f 3223 3219 3238
f 3233 3088 9537
f 3235 3231 3233
f 3233 9537 3235
f 3235 9537 8468
f 3241 3240 7611
f 3239 3379 3241
f 3379 3239 3243
f 3243 9645 3379
f 3244 9645 3242
f 8475 3248 3249
f 3283 3251 3250
f 3252 8475 3245
f 3250 3248 3252
f 3252 3248 8475
f 3250 3251 3359
f 3251 3283 3255
f 3251 3255 3256
f 3256 3255 3286
f 3358 3256 3257
f 3256 3253 3257
f 3358 3251 3256
f 3253 3254 3258
f 3253 3258 3257
f 3259 3377 7612
f 3261 3260 7612
f 7612 3263 3261
f 3261 3263 3262
f 3266 3265 3254
f 3254 3265 3258
f 3262 3369 3267
f 3262 3267 3264
f 3264 3267 3266
f 3268 3269 8476
f 3269 3268 3270
f 3270 3271 3269
f 3268 7611 3270
f 3239 3268 3272
f 3268 8476 3272
f 3273 3274 3275
f 3275 3274 3276
f 3243 3239 3272
f 3274 3242 9645
f 3243 3272 3274
f 3272 8476 3276
f 3242 3273 3278
f 3278 3273 9539
f 3246 3244 3242
f 3246 3278 3279
f 3245 3277 3282
f 3245 3247 3279
f 3279 3277 3245
f 3281 3283 7613
f 3282 3277 3280
f 3252 3245 3282
f 7613 3250 3252
f 3252 3282 7613
f 3282 3280 7613
f 3280 3281 7613
f 3283 3250 7613
f 3284 3288 3285
f 3288 3286 3285
f 3320 3287 3281
f 3287 3283 3281
f 3285 3287 3320
f 3283 3287 3255
f 3286 3253 3256
f 3255 3287 3285
f 3290 3270 3289
f 3270 3290 3271
f 3291 3292 3293
f 3290 3289 3291
f 3291 3289 3294
f 3294 3292 3291
f 3289 3240 3294
f 3240 3259 3294
f 3293 3292 3295
f 3296 3327 3295
f 3296 3295 9538
f 3295 3260 9538
f 3260 3261 9538
f 3292 3260 3295
f 3297 3296 3298
f 3296 9538 3298
f 3288 3284 3299
f 3297 3298 3299
f 3254 3253 3286
f 3288 7614 3254
f 3299 3298 7614
f 3299 7614 3288
f 3298 9538 3264
f 3298 3264 7614
f 3264 3266 7614
f 3302 3322 3303
f 3300 3301 3302
f 3322 3302 3301
f 3301 3269 3271
f 3304 8476 3269
f 3301 3300 3304
f 3306 3305 7615
f 3306 3275 3276
f 3304 3307 8596
f 3304 3300 3307
f 3275 3306 8972
f 8972 3310 9247
f 9539 3309 3316
f 3312 3313 3314
f 3312 3314 3315
f 3314 3313 3335
f 3277 9539 3316
f 3313 3280 3277
f 3277 3316 3313
f 3312 3315 3281
f 3281 3280 3312
f 3312 3280 3313
f 3317 3284 3318
f 3336 3319 3315
f 3318 3319 3336
f 3319 3318 3320
f 3281 3315 3319
f 3319 3320 3281
f 3284 3285 3320
f 3320 3318 3284
f 3321 3303 3322
f 3321 3325 3323
f 3325 3324 3323
f 3291 3293 3324
f 3324 3325 3291
f 3325 3290 3291
f 3322 3271 3290
f 3325 3321 3322
f 3325 3322 3290
f 3323 3324 3326
f 3327 7616 3326
f 3295 3327 3293
f 3327 3326 3293
f 3293 3326 3324
f 3328 3327 3329
f 3331 3284 3317
f 3317 3330 3331
f 3330 3329 3331
f 3329 3330 3328
f 3284 3331 3299
f 3299 3331 3297
f 3331 3329 3297
f 3327 3296 3329
f 3329 3296 3297
f 3332 2894 2892
f 3334 2891 2889
f 2889 3308 3334
f 2889 2894 3332
f 3332 3308 2889
f 3308 3332 3335
f 2873 3315 3314
f 2873 3314 3333
f 3333 3314 3335
f 2873 2872 3336
f 3336 2872 2877
f 3336 3315 2873
f 3336 2877 3318
f 2883 2882 3317
f 3318 2877 2883
f 2883 3317 3318
f 2897 2900 7616
f 3328 3330 2897
f 2897 3330 2882
f 2897 7616 3328
f 2906 2905 3337
f 3338 8465 2906
f 3338 2906 3337
f 3340 7616 2900
f 2900 3339 3340
f 3340 3339 3338
f 3339 8465 3338
f 3340 3326 7616
f 3338 3344 3340
f 3323 3326 3340
f 3340 3344 3323
f 2938 2937 3341
f 2938 3341 2934
f 2934 3341 3342
f 3337 2905 2934
f 3343 3338 3337
f 3337 3342 3343
f 3342 3337 2934
f 3321 3323 3344
f 3321 3344 3343
f 3344 3338 3343
f 3342 3345 3343
f 3303 3321 3343
f 3343 3345 3303
f 2948 2913 6607
f 6608 8466 3346
f 3349 3342 3341
f 8466 6608 3349
f 3349 3341 8466
f 3302 3303 3345
f 3347 3300 3302
f 3302 3345 3347
f 3345 3342 3349
f 6608 3348 3347
f 3348 3300 3347
f 9248 3352 3351
f 3351 3350 9248
f 3350 3354 9248
f 3353 3348 6608
f 3351 3352 3353
f 3353 6609 3351
f 6609 2916 3351
f 3348 3352 3307
f 3352 3305 3307
f 3353 3352 3348
f 9249 2927 3334
f 2891 3334 2927
f 3354 2924 2927
f 2927 9249 3354
f 3350 2925 2924
f 3354 3350 2924
f 3310 3354 9249
f 3445 3249 3357
f 3249 3248 3357
f 3356 3249 3445
f 3359 3358 3360
f 3248 3250 3359
f 3359 3361 3248
f 3357 3361 3420
f 3420 3361 3362
f 3361 3359 3362
f 3357 3248 3361
f 3362 3359 3360
f 3362 3360 3363
f 3257 9362 3358
f 3365 3364 3366
f 3364 9362 3366
f 3366 3257 9250
f 9250 3367 3366
f 3367 3365 3366
f 3368 3265 3267
f 3267 3369 3368
f 9250 3258 3265
f 3265 3370 9250
f 3368 3370 3265
f 3370 3368 3371
f 3367 9250 3370
f 3370 3371 3367
f 3368 3369 3372
f 3368 3372 3371
f 3263 3373 3262
f 3263 3374 3373
f 3262 3373 3369
f 3373 3436 3369
f 3369 3436 3372
f 3259 3376 3377
f 3377 3374 3263
f 3263 7612 3377
f 3374 3378 3375
f 3377 3378 3374
f 3377 3376 3378
f 3241 3380 3376
f 3379 3380 3241
f 3379 3439 3380
f 3246 3355 3244
f 3382 9645 3244
f 3244 3381 3382
f 9645 3382 3379
f 3439 3379 3382
f 3382 3444 3439
f 3444 3382 3381
f 3383 3422 3384
f 3386 3383 3385
f 3385 3383 3384
f 3387 3388 3389
f 3386 7617 3388
f 3386 3388 3387
f 3213 3388 3212
f 3213 3389 3388
f 3210 3385 3395
f 3385 3384 3395
f 3211 7617 3210
f 7619 3391 3390
f 3391 3394 3390
f 7619 3392 3391
f 3384 3422 3393
f 3393 3394 3384
f 3390 3394 3393
f 3215 3210 3395
f 3396 3214 3215
f 3215 3395 3396
f 3396 3395 3394
f 3395 3384 3394
f 3391 3392 3397
f 3396 3394 3391
f 3391 3397 3396
f 3396 3397 3214
f 3430 3398 3399
f 3430 3399 3400
f 7619 3401 3392
f 3401 3400 3392
f 3400 3401 3430
f 3217 3214 3397
f 3397 3402 3217
f 3392 3400 3402
f 3392 3402 3397
f 3400 3218 3402
f 3402 3218 3217
f 3405 3403 3404
f 3399 3398 3403
f 3399 3403 7618
f 3218 7618 3237
f 3405 3236 3237
f 3237 7618 3405
f 7618 3403 3405
f 3405 3404 3232
f 3232 3236 3405
f 3406 3407 3229
f 3404 3437 3406
f 3232 3406 3229
f 3232 3404 3406
f 3229 3407 3226
f 3225 3224 3408
f 3225 3408 3409
f 3408 3224 3410
f 3226 3410 3224
f 3226 3407 3410
f 3411 3412 3415
f 3412 3411 3409
f 3412 3409 3440
f 3225 3409 3204
f 3411 3203 3204
f 3204 3409 3411
f 3203 3411 3415
f 3389 3414 3413
f 3208 3203 3415
f 3414 3206 3208
f 3208 3415 3414
f 3414 3415 3413
f 3213 3207 3206
f 3414 3389 3213
f 3213 3206 3414
f 3363 3360 3364
f 3418 3362 3363
f 3418 3363 3417
f 3417 3363 3416
f 3419 3357 3420
f 3419 3420 3421
f 3421 3420 3418
f 3420 3362 3418
f 3422 3421 3393
f 3393 3421 3423
f 3421 3418 3423
f 3422 3419 3421
f 3424 7619 3390
f 3423 3424 3390
f 3427 3425 3367
f 3425 3365 3367
f 3426 3425 3427
f 3416 3364 3365
f 3365 3428 3416
f 3428 3426 3429
f 3425 3428 3365
f 3424 7620 7619
f 3429 3430 3401
f 3428 3425 3426
f 3424 3417 7620
f 3426 3427 3398
f 3398 3430 3426
f 3426 3430 3429
f 3431 3371 3372
f 3372 3432 3431
f 3427 3367 3371
f 3431 3427 3371
f 3398 3433 3403
f 3427 3431 3433
f 3427 3433 3398
f 3434 3404 3403
f 3431 3432 3434
f 3431 3434 3433
f 3433 3434 3403
f 3435 3373 3374
f 3435 3374 3375
f 3432 3372 3436
f 3432 3436 3437
f 3437 3436 3435
f 3436 3373 3435
f 3437 3404 3434
f 3437 3435 3406
f 3434 3432 3437
f 3435 3375 3407
f 3435 3407 3406
f 3376 3438 3378
f 3438 3410 3378
f 3378 3410 3375
f 3407 3375 3410
f 3438 3409 3408
f 3410 3438 3408
f 3440 3380 3439
f 3438 3376 3380
f 3380 3440 3438
f 3440 3409 3438
f 3441 3415 3412
f 3412 3440 3441
f 3440 3439 3441
f 3381 3355 3442
f 3442 3443 3381
f 3381 3443 3444
f 3442 3387 3443
f 3413 3415 3441
f 3441 3444 3413
f 3441 3439 3444
f 3389 3443 3387
f 3413 3444 3443
f 3413 3443 3389
f 3445 3357 3419
f 3447 3445 3419
f 3442 3355 3356
f 3356 3446 3442
f 3446 3387 3442
f 3445 3447 3446
f 3445 3446 3356
f 3447 7621 3446
f 3447 3419 3422
f 3383 3386 7621
f 3447 3422 3383
f 5917 7607 5898
f 5917 5941 7607
f 3189 3191 5896
f 5938 3149 5935
f 3168 5902 3079
f 5902 3168 5897
f 5897 3168 3169
f 3168 3079 9360
f 3449 3169 3160
f 3449 5897 3169
f 3451 3092 3093
f 3452 3008 3092
f 5934 3452 3451
f 3451 3452 3092
f 3448 3450 8970
f 3093 3187 3451
f 8970 3450 3187
f 3175 3008 3452
f 3452 9275 3175
f 5896 3035 3189
f 3193 5936 3149
f 5938 5939 8473
f 6615 7622 6616
f 3454 3456 6617
f 3457 3455 6618
f 7623 7625 7624
f 6611 6612 6619
f 6134 8100 6619
f 3464 3465 6620
f 3464 3467 3465
f 3471 3472 7630
f 3473 3474 3472
f 3473 3466 3474
f 7646 7627 7944
f 3477 3478 7633
f 3479 3470 6621
f 3480 3469 3468
f 3483 7629 7628
f 3478 3483 7633
f 6623 6624 6625
f 6750 6625 6626
f 3494 6632 3495
f 3495 3496 3494
f 3494 3496 6628
f 3497 3496 3489
f 3489 3496 3495
f 3498 9363 3500
f 6637 6628 9540
f 3501 7634 7632
f 3482 7632 7633
f 3500 6629 3492
f 3494 3503 6632
f 3502 3503 3506
f 3507 3508 3506
f 3504 3502 3506
f 6634 6635 6636
f 3510 9418 6638
f 3516 3505 3508
f 3516 3511 3505
f 3512 3513 3511
f 3514 3515 3518
f 3518 2896 3514
f 3514 2896 3512
f 2893 6640 2880
f 3519 6640 6641
f 8192 6642 6641
f 3518 3515 6643
f 6633 6634 6645
f 3520 3515 6645
f 6642 8192 6644
f 3537 3505 3511
f 3538 3539 3540
f 3541 3542 3543
f 3545 6679 3546
f 3547 9599 6647
f 2918 3549 2919
f 3549 3550 2919
f 9031 3549 8975
f 8975 3549 2918
f 6679 7636 3551
f 3551 7636 3552
f 3545 3547 3553
f 3553 7636 3545
f 6649 3554 6650
f 3552 6650 6648
f 3556 3557 6651
f 3558 6606 2952
f 2952 3557 3558
f 3558 3555 6652
f 3558 3557 3555
f 3555 3557 3556
f 3548 6603 2949
f 2949 6653 3548
f 3553 3547 3548
f 3548 6653 3553
f 6652 3552 7636
f 6652 6653 3558
f 2949 6606 6653
f 3561 3562 3559
f 696 6655 6657
f 6657 3563 6658
f 6651 6659 6660
f 3556 6660 8193
f 3560 3561 3559
f 3565 7637 6661
f 3874 3582 3583
f 3582 3581 3579
f 3584 3580 709
f 3583 3579 3580
f 3583 3584 7638
f 3587 3585 9251
f 3588 3884 3589
f 3591 3586 3587
f 9252 3593 3832
f 3596 6664 3595
f 3595 6664 7640
f 7639 6664 6665
f 734 9465 7639
f 7639 6665 734
f 7641 6664 3596
f 3597 6667 3598
f 3598 3599 3597
f 3597 3599 3600
f 3599 3601 3600
f 3602 6666 6662
f 6662 6666 6663
f 3597 3600 3603
f 3603 6666 3597
f 3597 6666 6667
f 3603 3600 3604
f 3604 3607 6668
f 3611 3612 3613
f 3626 6671 3625
f 3625 3624 3626
f 770 734 6665
f 3627 6670 6671
f 3628 8479 6671
f 6672 3629 6673
f 3626 3629 3628
f 3559 3562 3629
f 6674 9646 3630
f 3605 6674 9504
f 6673 6675 6676
f 6677 6679 3551
f 3551 6648 6677
f 3634 3631 6678
f 6669 3634 3630
f 6646 3543 9599
f 6646 8597 3635
f 3634 3632 8480
f 3636 3542 3541
f 3633 3635 3632
f 3646 3522 3679
f 3651 3725 3578
f 3578 3652 3651
f 3652 3654 3651
f 3654 3652 3653
f 3653 3652 3578
f 3653 3578 3655
f 3656 3654 3653
f 3653 3655 3656
f 3660 804 7644
f 806 3662 6680
f 3665 3662 3663
f 3663 3662 3660
f 3662 806 3660
f 3665 3661 3662
f 3670 3671 3672
f 3692 7646 3693
f 3694 3469 3475
f 3696 3690 3695
f 3696 3689 3690
f 3697 3688 3689
f 3697 3693 3688
f 7100 3698 3465
f 3700 3695 3690
f 3701 3469 3694
f 3706 3688 3712
f 3707 3704 3708
f 3707 3705 3704
f 3495 6632 7647
f 3712 3688 3693
f 3713 3704 8481
f 3713 3711 3704
f 3710 6632 3502
f 6682 3714 7103
f 6682 3504 6683
f 3715 7101 3538
f 3716 5580 7101
f 3537 6684 6683
f 7101 3539 3538
f 3724 3654 3656
f 3656 3655 3724
f 3651 3654 3724
f 3724 3725 3651
f 3733 3726 3727
f 3727 3726 3728
f 3726 3729 3728
f 3730 3731 6685
f 7645 3731 3732
f 3727 3728 3732
f 3732 3731 3727
f 3727 3731 3730
f 3732 3728 3735
f 3732 3735 3664
f 3728 3736 3735
f 3659 867 6686
f 3737 6687 3738
f 867 870 6687
f 3740 7650 6688
f 3740 6688 3737
f 3657 7649 7648
f 879 3747 7651
f 7652 7653 7654
f 3748 7653 7655
f 3749 3750 3751
f 3752 6689 6690
f 3754 3755 3756
f 3757 3755 7658
f 3752 3755 6691
f 3764 3761 3760
f 3760 8194 3764
f 3769 3698 6681
f 7940 8196 8195
f 3772 4021 3767
f 3730 6685 6692
f 3774 3775 3773
f 3773 6692 3774
f 3774 6692 3739
f 3777 3778 3776
f 3773 3775 3777
f 3777 3776 3773
f 3773 3776 3734
f 3777 3775 3779
f 3781 3774 3741
f 3782 3783 3785
f 3785 3784 3782
f 917 3786 3787
f 3787 3786 3785
f 3786 3784 3785
f 919 3787 3788
f 3787 3783 3788
f 3783 3787 3785
f 919 917 3787
f 3587 3586 3789
f 927 926 3791
f 3791 3792 927
f 3792 7665 3784
f 3786 917 916
f 928 3792 3786
f 3786 3792 3784
f 928 927 3792
f 3791 926 8487
f 3793 7665 3791
f 3794 3800 3793
f 3795 3796 3797
f 3810 3798 3796
f 3799 3797 3796
f 3812 3800 3801
f 3812 3801 8484
f 3803 3799 3796
f 3796 3798 3803
f 3802 3804 3798
f 3798 3804 3803
f 3578 3807 3805
f 3789 3805 3806
f 3808 3805 3807
f 9601 3808 3807
f 9601 3807 3809
f 3798 3810 9601
f 3810 3808 9601
f 8484 9601 3809
f 3809 3813 8484
f 8484 3813 3811
f 8484 3811 3812
f 3802 9601 8484
f 3814 3812 3811
f 3811 3815 3814
f 3800 3812 3793
f 3814 3815 3816
f 3814 3784 7665
f 7665 3793 3814
f 3814 3816 3784
f 3817 3782 3816
f 3782 3784 3816
f 3578 3805 3817
f 3817 3789 9647
f 3805 3789 3817
f 3807 3725 3724
f 3724 3655 3807
f 3809 3807 3655
f 3813 3809 3655
f 3655 3811 3813
f 3655 3815 3811
f 3815 3655 3578
f 3578 3817 3816
f 3578 3816 3815
f 3725 3807 3578
f 3810 3818 3808
f 3806 3805 3808
f 3587 3806 3585
f 3806 3808 3818
f 3587 3789 3806
f 3828 3818 3795
f 3585 3806 3818
f 3585 3818 3828
f 3819 3672 3647
f 3819 5501 3672
f 3823 3799 7666
f 3823 3824 6693
f 3825 3824 3826
f 3821 8531 3822
f 7947 3797 3827
f 3884 3828 7947
f 3829 3612 3611
f 3612 3829 3825
f 3825 3831 3824
f 3837 3836 8485
f 3837 8485 3838
f 3837 3838 7667
f 3839 3838 3840
f 3840 7670 8486
f 3841 3842 3873
f 3838 8485 3841
f 3838 3841 3840
f 3840 3841 3873
f 3843 972 807
f 807 6680 3843
f 3844 3794 8487
f 3845 3800 3794
f 3844 3845 3794
f 3846 3661 3665
f 3844 3843 3661
f 3846 3845 3844
f 3848 3847 3849
f 3847 3801 3849
f 3801 3847 3802
f 3851 3735 3736
f 3736 3850 3851
f 3848 3849 3851
f 3851 3850 3848
f 3852 3845 3846
f 3851 3849 3852
f 3801 3800 3845
f 3845 3849 3801
f 3852 3849 3845
f 3853 3854 3850
f 3854 3853 8977
f 3804 3802 3847
f 3855 3803 3804
f 3854 8977 3855
f 3855 3804 3854
f 3847 3848 3854
f 3854 3804 3847
f 3855 7666 3803
f 3788 3783 3856
f 3857 3575 3576
f 990 7664 3788
f 3856 3857 990
f 8978 3858 3790
f 8978 3856 3858
f 8978 3857 3856
f 3783 3858 3856
f 9647 3790 3858
f 3859 3860 3591
f 3860 3586 3591
f 3861 3586 3860
f 3861 3860 3573
f 3861 3573 3577
f 3860 5473 3573
f 3579 3581 3862
f 3580 3863 710
f 3579 3862 3863
f 3579 3863 3580
f 3863 3862 8485
f 8485 3836 3863
f 3842 3862 3581
f 3842 3841 3862
f 3862 3841 8485
f 3592 3864 3879
f 3582 3874 3865
f 3865 3864 3582
f 3864 3581 3582
f 3592 3866 3864
f 3864 3866 3581
f 3867 6667 3602
f 3867 3868 3869
f 3870 6667 3867
f 3870 3598 6667
f 3869 3868 3871
f 3869 3871 3832
f 3868 3840 3873
f 3868 3873 3871
f 3873 3872 3871
f 3871 9541 3832
f 3872 9541 3871
f 9541 3866 3592
f 9541 3872 3866
f 3874 3583 7638
f 3878 3874 3875
f 3865 3874 3878
f 3883 3592 3879
f 3880 3591 3590
f 9252 3883 3882
f 3882 3883 3881
f 3881 3877 3880
f 3638 3899 3619
f 3636 5397 3902
f 3905 3550 3544
f 6659 2941 6694
f 3567 6695 6661
f 3911 6695 6696
f 2940 6697 6694
f 6209 6658 6698
f 1054 6698 6699
f 3911 6700 6701
f 3564 3566 6701
f 6704 6702 6703
f 3914 6704 6705
f 6700 6706 6699
f 1058 6706 6703
f 3912 6697 6709
f 3912 6710 6696
f 3914 6710 6711
f 3756 6712 9542
f 3918 6712 3756
f 6614 6713 6714
f 3924 3923 3921
f 1073 3453 7671
f 6624 6613 8198
f 3486 6717 6627
f 7674 7675 7676
f 7678 7900 7679
f 7681 3501 7680
f 3501 7681 7682
f 3933 3936 7682
f 7687 7688 7689
f 3939 6724 9253
f 9253 6720 3939
f 3939 6720 3935
f 6721 3510 6638
f 3941 3942 6722
f 3941 6722 9253
f 3941 9254 3944
f 9365 7690 7685
f 3939 3946 6724
f 6644 6721 6725
f 6642 6725 6727
f 3519 3950 6726
f 3951 3952 3949
f 3949 3950 3951
f 3951 3950 3947
f 3947 3950 6727
f 6728 7694 3955
f 3954 7695 3955
f 7699 7698 3956
f 3944 3957 3948
f 3948 3957 7695
f 3949 6729 2888
f 3958 2885 6729
f 3959 7701 3958
f 3958 6729 3959
f 3949 3952 6729
f 2885 3960 7598
f 3961 6731 2886
f 2886 3960 3961
f 3961 3960 7701
f 3958 3960 2885
f 3962 6739 8490
f 9395 7700 7701
f 3961 6730 6731
f 3959 3952 7696
f 7696 9395 3959
f 2886 6731 6732
f 2903 2902 3964
f 3964 6733 2903
f 6734 6735 6736
f 6733 8491 3966
f 6735 6740 6741
f 6741 3976 9396
f 3977 3976 3978
f 6741 3975 7706
f 3975 9034 7706
f 3981 3980 3979
f 3982 6745 7936
f 3978 6745 3981
f 3981 6745 3982
f 3623 4001 4006
f 5413 4007 4008
f 3649 4010 3820
f 5562 4010 5409
f 4013 5405 5505
f 3729 3736 3728
f 3749 3743 3750
f 4023 4024 6746
f 4020 6691 4023
f 4020 3751 6691
f 4025 6751 6747
f 4022 4024 6749
f 4026 3766 3767
f 4028 4027 7707
f 9542 9366 3754
f 4023 6691 3754
f 3754 9366 4023
f 6715 4028 9366
f 4031 4063 4029
f 4031 4029 4030
f 4030 4029 4230
f 4040 4041 4039
f 4043 4042 4066
f 4031 4044 4063
f 4063 4044 4043
f 4232 4045 4046
f 4045 4143 4047
f 4045 4047 4046
f 4046 4048 4232
f 4048 4149 4232
f 4037 4036 4049
f 4054 4226 4050
f 4046 4047 4051
f 4051 4047 4035
f 4059 4046 4051
f 4046 4059 4048
f 4052 4060 4061
f 4053 4064 8492
f 4051 4056 4052
f 4056 4057 4052
f 4035 4039 4056
f 4056 4051 4035
f 4035 4034 4039
f 4041 4221 4037
f 4057 4056 4039
f 4057 4041 4037
f 4059 4058 4054
f 4054 4050 4059
f 4050 4048 4059
f 4057 4037 4049
f 4049 4060 4057
f 4057 4060 4052
f 4060 4049 4053
f 4052 4061 4058
f 4058 4061 4062
f 4058 4051 4052
f 4051 4058 4059
f 4054 4058 4062
f 4062 4055 4054
f 4065 4061 8492
f 4062 4061 4065
f 8492 4064 4063
f 4063 4064 4029
f 4062 4065 4066
f 4066 4055 4062
f 4066 4065 4043
f 4065 8492 4063
f 4063 4043 4065
f 4072 4067 4068
f 4072 4068 4091
f 4068 4067 4070
f 4067 4071 4070
f 4071 4069 4070
f 4067 4072 5943
f 5946 4067 5943
f 4067 5946 4071
f 4074 4075 4076
f 4076 4075 4073
f 4077 4078 4360
f 4079 4066 4042
f 4042 4078 4079
f 4078 4076 4079
f 4073 4079 4076
f 4077 4074 4076
f 4076 4078 4077
f 5972 4080 4081
f 4075 4074 4081
f 4080 4073 4075
f 4075 4081 4080
f 4099 4083 4082
f 4082 4083 4085
f 4082 4085 4086
f 4086 4084 4082
f 4085 4083 4087
f 4084 4086 4088
f 4088 4101 4089
f 4086 4101 4088
f 5945 4089 4101
f 4091 4090 4072
f 4092 4088 4089
f 4090 4091 4092
f 4096 4084 4088
f 4091 4096 4092
f 4092 4096 4088
f 4070 4069 4093
f 4070 4093 4094
f 4094 4093 4095
f 4093 4098 4095
f 4068 4094 4091
f 4097 4082 4084
f 4084 4096 4097
f 4094 4095 4097
f 4098 4099 4095
f 4095 4099 4097
f 4099 4082 4097
f 5945 4101 5948
f 5948 4101 4100
f 4086 4103 4101
f 4101 4102 4100
f 4101 4103 4102
f 4087 4104 4085
f 4085 4104 4103
f 4103 4086 4085
f 4087 4238 4104
f 4233 4106 4108
f 9367 4110 5889
f 4112 4111 4109
f 4113 4111 4114
f 4112 4109 9367
f 4114 4111 4112
f 4116 4115 4134
f 4116 4134 4139
f 4115 4244 4134
f 4117 4116 4139
f 4120 4119 4118
f 4118 4136 4120
f 4121 4120 4122
f 4122 4120 4136
f 4136 4137 4122
f 4123 4244 4115
f 8493 5951 4135
f 4135 4244 4123
f 8493 4135 4123
f 4124 4126 4113
f 4123 4115 4125
f 4125 4126 4123
f 4126 8493 4123
f 4113 4126 4125
f 4126 5952 8493
f 5952 4126 4124
f 7708 4110 4128
f 9495 4120 4121
f 4119 4120 9495
f 4132 4127 4109
f 4127 4128 4109
f 4129 4128 4127
f 4129 4119 9495
f 4130 4116 4117
f 4119 4130 4117
f 4131 4111 4113
f 4132 4109 4111
f 4131 4132 4111
f 4130 4133 4116
f 4133 4115 4116
f 4132 4131 4133
f 4130 4127 4132
f 4132 4133 4130
f 4131 4113 4125
f 4131 4125 4133
f 4133 4125 4115
f 4135 4245 4244
f 4136 4118 4138
f 4138 4117 4139
f 4118 4117 4138
f 4150 4149 4148
f 6013 6011 4137
f 6013 4242 4141
f 4141 4242 4146
f 4146 4242 4243
f 4146 4243 4148
f 4232 4142 4045
f 4219 4035 4047
f 4047 4143 4219
f 9469 4144 4145
f 4145 4226 9469
f 4146 4145 4144
f 4144 4141 4146
f 4145 4147 4226
f 4050 4226 4147
f 4148 4145 4146
f 4145 4148 4147
f 4048 4050 4147
f 4147 4149 4048
f 4149 4147 4148
f 4235 4142 4232
f 4151 4069 4153
f 4153 4069 4071
f 4152 4151 4153
f 4153 6008 4152
f 4071 5949 4153
f 4155 4154 4156
f 4033 4157 4032
f 4157 4156 5217
f 5218 7709 5217
f 4160 5215 4158
f 4083 4099 4163
f 4083 4163 4164
f 4162 4161 4164
f 4164 4163 4162
f 4161 4176 4164
f 4087 4083 4164
f 4164 4176 4087
f 9543 4161 4162
f 4165 4166 9543
f 4165 4167 5961
f 6016 4165 5961
f 6006 4169 4152
f 4167 4165 4168
f 4168 4169 4167
f 4169 4151 4152
f 4169 4168 4171
f 4169 4171 4151
f 9543 4162 4170
f 4170 4168 9543
f 4168 4170 4171
f 4171 4170 4172
f 4172 4170 4162
f 4151 4171 4173
f 4171 4172 4173
f 4069 4173 4093
f 4173 4098 4093
f 4069 4151 4173
f 4163 4099 4098
f 4098 4172 4163
f 4172 4162 4163
f 4173 4172 4098
f 4174 8496 4166
f 4176 4161 8496
f 8496 4175 4176
f 4238 4087 4176
f 4177 4179 4178
f 4177 4178 9376
f 4179 4180 4178
f 4107 4180 9255
f 9255 4180 4179
f 4234 4107 9255
f 4182 4184 4183
f 4184 4182 9544
f 4186 4185 8982
f 4188 8983 4189
f 4189 4205 4188
f 4205 7710 4188
f 4193 4192 4191
f 4195 4197 9545
f 4195 4196 4190
f 4198 4190 4196
f 4200 4185 4186
f 4196 4194 4199
f 4196 4199 4198
f 4198 4199 4200
f 5920 6021 4199
f 5920 4199 4194
f 4199 6021 4200
f 4201 4183 5968
f 4193 4191 4202
f 4193 4202 4201
f 4201 4181 4183
f 4202 4181 4201
f 4191 4203 4202
f 4202 4203 4181
f 4204 4182 4181
f 4204 4181 4203
f 4203 4205 4204
f 4189 4206 4205
f 4206 4204 4205
f 4207 4206 4189
f 4204 4206 4182
f 4207 4190 4198
f 4207 4186 8982
f 4207 4189 4190
f 4207 4198 4186
f 8983 4188 4208
f 4197 4195 9468
f 4210 4192 4209
f 4210 4191 4192
f 4251 7711 4210
f 7711 4191 4210
f 7711 4251 4248
f 7710 4203 7711
f 4211 4040 4212
f 6029 5969 4213
f 4214 4221 4216
f 4216 4221 4211
f 5971 4213 4217
f 4237 4038 4217
f 4236 4217 4038
f 4143 9255 4218
f 4034 4035 4219
f 4034 4219 4218
f 4219 4143 4218
f 4218 9255 4179
f 4179 4236 4218
f 4218 4236 4034
f 4220 5221 4187
f 4220 4215 5221
f 4036 4214 4215
f 4215 4220 4036
f 4037 4221 4036
f 4040 4211 4041
f 4222 4223 9469
f 4222 4054 4055
f 4053 4227 4224
f 4064 4053 4224
f 4224 5223 4064
f 4225 5223 6095
f 4054 4222 4226
f 4222 9469 4226
f 4036 4227 4049
f 4220 4227 4036
f 4053 4049 4227
f 4227 5222 4224
f 4229 4228 4223
f 4223 4228 6027
f 4229 4073 4228
f 4080 6025 4228
f 4080 4228 4073
f 4055 4229 4222
f 4055 4066 4229
f 4229 4223 4222
f 4079 4073 4229
f 4066 4079 4229
f 5223 8494 4064
f 4154 4155 4230
f 5223 4225 4231
f 4233 5213 6007
f 4234 4233 4108
f 6007 4106 4233
f 4235 4150 4246
f 4246 4140 4235
f 4140 6014 6015
f 4045 4142 4233
f 4143 4045 4234
f 4045 4233 4234
f 4140 4142 4235
f 4235 4149 4150
f 4149 4235 4232
f 6026 4217 4236
f 4236 4179 4177
f 4247 4212 4237
f 4217 4213 4237
f 4213 4247 4237
f 4038 4034 4236
f 4038 4237 4040
f 4237 4212 4040
f 4102 4105 4100
f 4105 4102 4239
f 4239 4106 4105
f 4108 4106 4239
f 4102 4103 4104
f 4104 4239 4102
f 4108 4239 8495
f 4239 4104 8495
f 4238 4240 8495
f 4240 4176 4175
f 4175 4178 4240
f 4238 4176 4240
f 4107 8495 4180
f 4180 4240 4178
f 4174 4241 8496
f 4241 4178 4175
f 4178 4241 9376
f 4174 6009 4241
f 4137 4136 4242
f 4137 4242 6013
f 4138 4242 4136
f 4138 4243 4242
f 4243 4138 9546
f 9546 4148 4243
f 4134 9546 4139
f 4148 9546 4150
f 9546 4134 4150
f 4246 4150 4134
f 4134 4244 4246
f 4244 4245 4246
f 4245 4140 4246
f 4245 5955 6014
f 5969 4247 4213
f 4247 9468 4212
f 4208 4188 4248
f 4248 4249 4208
f 4208 4249 4212
f 4249 4248 4216
f 4212 4249 4211
f 4211 4249 4216
f 4251 4214 4216
f 4216 4248 4251
f 4209 4250 4210
f 4210 4250 4251
f 4214 4251 4250
f 4250 4215 4214
f 5220 4250 4209
f 4259 6797 4255
f 4255 4260 4259
f 4253 4257 4260
f 4264 4265 4263
f 4263 4266 4264
f 4266 4267 4264
f 4262 6796 6752
f 4267 4268 4264
f 4269 4265 4264
f 4264 4268 4269
f 4282 4281 4280
f 4282 4280 6753
f 4281 4282 9610
f 4077 4360 4368
f 4284 4074 4077
f 4285 6753 9470
f 4081 4074 4287
f 4081 4287 5212
f 5212 4287 4285
f 4287 6753 4285
f 4288 5214 4159
f 4289 4291 4479
f 4291 4441 4290
f 4292 4294 4439
f 9259 7712 4295
f 4296 9259 4295
f 4295 4298 4297
f 4297 4296 4295
f 4299 6758 4300
f 4301 4398 4299
f 4296 4297 4301
f 4301 4299 4296
f 4302 4303 4304
f 4301 4297 4304
f 4304 4303 4301
f 4303 4398 4301
f 4297 4298 4307
f 4297 4307 4304
f 9257 4302 4304
f 4304 4307 9257
f 4295 4306 4298
f 4306 4310 4298
f 7712 9258 4306
f 4308 4309 8497
f 8497 4307 4308
f 4298 4310 4308
f 4308 4307 4298
f 4314 4313 6757
f 4315 4316 6755
f 4317 4313 4315
f 4314 4318 4315
f 4315 4313 4314
f 4317 4311 4313
f 4319 4320 4431
f 4319 4318 4314
f 4320 4319 4378
f 4378 4319 4314
f 4300 6758 4322
f 4322 4324 4323
f 4323 4324 4329
f 4323 4329 9260
f 4329 7715 9260
f 7716 7717 4327
f 4327 6754 4331
f 4333 8498 4317
f 4333 7716 4335
f 4338 7714 4337
f 4331 6754 7715
f 4331 4338 4335
f 4335 4338 8985
f 4339 5989 6100
f 4341 5989 4340
f 4339 4340 5989
f 4344 4330 4332
f 4332 4343 4344
f 4340 4339 4344
f 4344 4343 4340
f 4340 4343 4342
f 4345 4346 4339
f 4339 4346 4344
f 4344 4346 4330
f 4351 4350 4349
f 9292 4353 4032
f 6756 4030 4033
f 4033 4353 6756
f 4354 4031 4030
f 4350 4351 4354
f 4354 4030 4350
f 4350 4030 6756
f 4358 4359 4357
f 4357 4356 4358
f 4355 4360 4358
f 4358 4356 4355
f 8506 4361 4351
f 4359 9127 4357
f 4044 4031 4354
f 4362 4043 4044
f 4354 4351 4361
f 4078 4042 4358
f 4362 4359 4358
f 4042 4043 4362
f 4362 4358 4042
f 4697 4363 7720
f 4364 4367 7720
f 4368 4360 4355
f 4355 7721 4368
f 4368 9369 4077
f 4367 4521 9610
f 4366 4369 4283
f 4370 4735 4371
f 4371 4735 4372
f 4373 4374 4375
f 4375 4374 4370
f 4375 4370 4377
f 4377 4312 4375
f 4375 4312 4376
f 4371 4372 4320
f 4320 4378 4371
f 4377 4370 4371
f 4371 4378 4377
f 4378 4314 6757
f 4380 4373 4379
f 4385 4336 4337
f 4337 4384 4385
f 4384 4383 4385
f 4384 4382 4383
f 4376 4312 4334
f 4379 4373 4376
f 4385 4383 4379
f 4376 8499 4379
f 4388 7722 6758
f 4389 4324 4322
f 4389 4322 7722
f 4390 7714 4329
f 4390 4384 7714
f 4392 4391 9263
f 4387 4388 4392
f 4392 9263 4387
f 4394 4395 4396
f 4396 4395 4393
f 4395 4391 4393
f 4303 4302 4397
f 4398 4303 4393
f 4396 4303 4397
f 4388 6758 4299
f 4398 4393 4392
f 4392 4388 4398
f 4398 4388 4299
f 4394 4406 4716
f 4716 4406 4407
f 4408 4409 4406
f 4394 4396 4408
f 4408 4406 4394
f 4410 4411 4413
f 4407 4409 4412
f 4412 4411 4407
f 4407 4411 7723
f 4413 4412 4414
f 4397 4302 4416
f 4416 4408 4397
f 4408 4396 4397
f 4416 4420 4409
f 4409 4408 4416
f 9257 4417 4418
f 7725 4415 4414
f 4414 7724 7725
f 4421 4422 6759
f 4426 4422 4419
f 4422 7725 7724
f 4309 5233 4423
f 4423 5233 4424
f 4423 4424 4425
f 4425 4417 4423
f 4423 4417 8497
f 6759 4426 7734
f 4425 9371 4426
f 4428 4429 5236
f 5236 4430 4428
f 4432 4437 4433
f 4432 4431 4437
f 4434 4372 4438
f 4372 4435 4438
f 4320 4434 4431
f 4320 4372 4434
f 4436 4433 4437
f 4437 4431 4434
f 4437 4434 4438
f 4438 4436 4437
f 4444 4553 4551
f 4440 4445 4443
f 4452 4261 4263
f 4263 6761 4452
f 4452 6761 6760
f 4448 6762 4453
f 4453 6761 4448
f 4263 4265 6761
f 4455 7727 7728
f 4455 7728 6764
f 4461 4450 4451
f 4467 5599 4450
f 4480 4482 4481
f 4292 4289 4481
f 4483 4294 4292
f 4292 4484 4483
f 4481 4484 4292
f 4484 4481 4722
f 4481 4482 4722
f 4483 4485 9471
f 4485 4483 9472
f 4722 4487 4484
f 4483 4484 9472
f 4488 4490 4489
f 4489 4490 4485
f 4404 4492 4491
f 4493 4492 4488
f 4494 4401 4488
f 4493 4488 4497
f 4493 4496 9397
f 4443 4442 4634
f 4443 4499 9372
f 4500 4499 4501
f 4502 9442 4290
f 4502 4501 4503
f 4632 4503 4501
f 6767 4516 6766
f 4520 4367 4364
f 4367 4520 4521
f 6773 4522 4518
f 4518 4522 6769
f 4520 4522 4521
f 4518 6767 6771
f 4521 4528 4281
f 8092 4529 7729
f 9611 4527 6773
f 4279 4281 4528
f 4528 4529 4279
f 4532 4527 4524
f 6774 8203 4530
f 4530 4531 9373
f 4536 4618 4537
f 4537 5644 4536
f 4536 5644 6806
f 4538 4539 6797
f 4255 4539 4540
f 4540 4539 5641
f 4538 6806 4534
f 4534 4539 4538
f 4256 4255 4540
f 4541 4542 4505
f 4551 4553 9486
f 5646 9003 4537
f 4552 4555 4554
f 6776 5645 7730
f 6777 4559 4558
f 4558 4557 4556
f 4562 4505 4542
f 4563 4564 4559
f 4564 4558 4559
f 4491 9473 6776
f 4565 6777 6776
f 5630 4504 4562
f 9397 4495 7732
f 4566 4567 4565
f 4574 4573 4575
f 4575 4573 7733
f 4577 4576 6780
f 4413 4415 7733
f 4579 4575 7733
f 4574 4575 4578
f 4421 6759 6788
f 4579 4415 6781
f 4579 6782 4578
f 4526 6779 6783
f 4577 6780 6784
f 4582 6784 6786
f 6772 6783 6785
f 4583 6786 6791
f 4584 6791 7259
f 8091 7872 4288
f 7736 7735 8503
f 4589 4585 4587
f 4591 4590 7736
f 4592 4591 4588
f 4595 6795 6825
f 4596 6799 4594
f 4594 6795 4596
f 6794 6795 4595
f 4262 4261 4597
f 4597 4598 4262
f 4262 4598 6796
f 4596 6795 4599
f 4599 4598 4596
f 4596 4598 6799
f 4259 6798 6797
f 6794 4593 4600
f 4600 6798 6794
f 4599 6795 6798
f 6796 4259 4260
f 4599 6798 4259
f 4601 6825 4594
f 4594 4602 4601
f 4604 6801 4603
f 4603 4602 4604
f 4604 4602 6799
f 4606 4607 6800
f 4608 6803 4605
f 4605 4607 4608
f 4608 4607 6801
f 4606 4601 4603
f 4603 4607 4606
f 8500 9398 4609
f 4610 6760 6802
f 4608 6801 4610
f 4610 6802 4608
f 4608 6802 6803
f 4597 4261 6804
f 4604 6799 4597
f 4597 6804 4604
f 4610 6801 4604
f 4452 6760 4610
f 4610 6804 4452
f 4611 4612 4613
f 4613 4614 4611
f 4615 4614 4619
f 4538 6797 4600
f 4600 4616 4538
f 4538 4616 6806
f 6805 4615 4617
f 4617 4616 6805
f 6805 4616 4593
f 4536 4619 4618
f 4536 6806 4617
f 4617 4619 4536
f 4430 5236 4620
f 4620 4621 4430
f 4622 4751 4623
f 4625 4751 4626
f 4622 4624 4626
f 4626 4751 4622
f 4438 4626 4436
f 4626 4624 4436
f 4624 4433 4436
f 4628 4629 4627
f 4630 4631 4627
f 4627 4629 4630
f 4630 4629 4632
f 4629 4633 4632
f 4633 4629 4628
f 4635 4631 4630
f 4630 4501 4499
f 4630 4499 4635
f 4633 4503 4632
f 4632 4501 4630
f 4634 6807 4636
f 6810 4637 4640
f 4613 4612 6808
f 6808 4639 4613
f 4638 4637 6810
f 6810 6808 4638
f 4618 6809 4554
f 4554 6809 4552
f 6808 6810 4639
f 4639 6809 4613
f 4642 4643 4641
f 4641 4649 4642
f 5156 4644 4645
f 4645 4644 4642
f 4644 4643 4642
f 6994 6996 4646
f 4645 6994 4646
f 4642 4647 4645
f 4647 6994 4645
f 4649 4641 4648
f 4650 4647 4642
f 4649 4651 4650
f 4649 4650 4642
f 8508 4662 8504
f 4651 5182 4650
f 4649 7737 4651
f 4653 9264 4652
f 4653 4652 4655
f 4655 4654 4653
f 4657 5190 4656
f 4657 4656 4814
f 4659 4660 4740
f 4659 4740 4658
f 4658 5190 4657
f 4657 4659 4658
f 5185 4661 4656
f 4661 4814 4656
f 4662 4661 8504
f 4663 6800 4605
f 4664 4666 7738
f 4665 7738 4586
f 4586 7738 4666
f 4665 4663 7738
f 4664 6803 7741
f 7740 7742 7741
f 4456 6812 6764
f 4456 4670 6812
f 4671 4670 7743
f 4669 6813 6811
f 4668 4672 4667
f 4673 4672 7744
f 4667 4673 7739
f 4675 4351 4349
f 4349 4350 7718
f 4682 6813 4669
f 4682 4683 6813
f 4685 4464 4465
f 4687 8506 4683
f 4687 4686 9127
f 4688 7721 7749
f 7749 7751 7750
f 4680 7751 4686
f 7751 4356 4686
f 4690 4477 4689
f 4690 4691 5611
f 4692 4693 4691
f 4689 4694 4690
f 7721 4355 7749
f 4688 4695 7752
f 4694 4363 4692
f 4692 4697 4696
f 4698 4570 6821
f 4699 6815 4513
f 4703 6815 6817
f 4703 4513 6815
f 4702 6817 6818
f 4363 4694 6768
f 4700 6816 6819
f 4516 6814 6766
f 4707 4571 4705
f 4709 7754 7753
f 4709 7753 6822
f 4514 6819 6820
f 4710 4573 7754
f 4711 4497 4498
f 4711 4498 4712
f 4712 4498 4715
f 7723 4411 7755
f 4714 4407 7723
f 4713 4711 8986
f 4710 4705 7755
f 4715 4394 4716
f 4715 4716 4712
f 4714 4711 4712
f 4712 4716 4714
f 4716 4407 4714
f 4487 4722 4720
f 4717 9472 4487
f 4487 4720 4718
f 4717 4487 4718
f 4717 4718 4719
f 4486 9472 4717
f 4717 4719 4486
f 4395 4394 4715
f 4715 4719 4395
f 4395 4719 4391
f 4719 4718 4391
f 4720 4387 9263
f 4718 4720 9263
f 4721 4722 4482
f 4482 4724 4721
f 4720 4723 4387
f 4725 8507 4386
f 4727 4373 4380
f 4732 4729 4728
f 4729 4732 4731
f 4731 4730 4729
f 4374 4373 4727
f 4732 4370 4374
f 4732 4374 4731
f 4731 4374 4727
f 4735 4370 4732
f 4733 4732 4728
f 4734 4435 4733
f 4733 4728 4734
f 4372 4735 4435
f 4435 4735 4733
f 4735 4732 4733
f 4734 4738 4435
f 4435 4738 4438
f 4736 4633 4628
f 4628 4737 4736
f 4734 4503 4633
f 4633 4736 4734
f 4626 4438 4738
f 4626 4738 4739
f 4739 4738 4736
f 4738 4734 4736
f 4739 4736 4737
f 4737 4625 4739
f 4625 4626 4739
f 5193 5192 4740
f 4653 7756 4741
f 7756 8509 4741
f 9264 4653 4741
f 4742 5186 4743
f 4638 4612 6831
f 6831 6823 4638
f 4744 4637 6823
f 6999 5189 4744
f 4744 6823 6999
f 4745 4634 4636
f 4636 4746 4745
f 4742 4743 4745
f 4745 4746 4742
f 4742 4746 5189
f 4636 4637 4744
f 4744 4746 4636
f 4743 4748 4749
f 4749 4748 4627
f 4635 4634 4745
f 4745 4749 4635
f 4749 4631 4635
f 4745 4743 4749
f 4747 4628 4627
f 4627 4631 4749
f 4737 4628 4747
f 4625 4737 4750
f 4750 4737 4747
f 4751 4625 4750
f 4754 4755 4756
f 4756 4755 4757
f 4760 4761 4758
f 4756 4757 4760
f 4760 4758 4756
f 4759 4754 4756
f 4756 4758 4759
f 4763 4585 4589
f 4589 4762 4763
f 4760 4757 4763
f 4763 4762 4760
f 4762 4761 4760
f 4757 4768 4763
f 4763 4768 4585
f 4764 4765 7868
f 4766 4767 4764
f 4766 4764 7757
f 4755 4754 4765
f 4767 4757 4755
f 4767 4755 4764
f 4764 4755 4765
f 4665 4585 4768
f 4769 4663 4665
f 4665 4768 4769
f 4769 4768 4767
f 4768 4757 4767
f 4770 6800 6824
f 4766 4776 4770
f 4770 6824 4766
f 4769 4767 4766
f 4769 6824 4663
f 4771 6828 4772
f 4772 4773 4771
f 4778 6826 4773
f 4774 4775 7868
f 4766 7757 4776
f 4776 4775 6826
f 4774 4771 4773
f 4773 4775 4774
f 4606 6800 4770
f 4770 4777 4606
f 4776 6826 4777
f 4601 4779 6825
f 4778 4779 6826
f 4777 4779 4601
f 4781 6827 6834
f 4772 6828 4783
f 4782 6827 4781
f 4781 6828 4782
f 4595 6825 4778
f 4778 8987 4595
f 4595 8987 4784
f 4784 8987 4783
f 4772 8987 4778
f 4785 6805 6829
f 4781 6834 4785
f 4785 6829 4781
f 4781 6829 4783
f 4593 6794 4784
f 4784 6829 4593
f 6999 6831 4786
f 4787 6830 6831
f 6832 6834 4780
f 4788 6830 4787
f 4787 6832 8525
f 4615 6805 4785
f 4785 6833 4615
f 4611 6833 6832
f 6832 6833 6834
f 4611 4787 4612
f 4789 4802 7758
f 4793 4794 4792
f 4795 4796 4644
f 4644 4796 4643
f 4792 4796 4793
f 4641 4798 4797
f 4790 4791 4797
f 4797 4798 4790
f 4798 7759 4790
f 4641 4643 4798
f 4800 4799 4801
f 4800 4801 4791
f 4791 4790 7758
f 4648 4641 4797
f 4791 4801 4803
f 4803 4648 4791
f 4791 4648 4797
f 4662 4803 4804
f 4804 4803 4801
f 4806 4807 4808
f 4805 4806 4808
f 4806 4652 9264
f 5125 4652 4805
f 4805 4652 4806
f 4809 4810 4811
f 7760 4809 4660
f 4660 4809 4811
f 4812 4813 7760
f 4812 4657 4814
f 4660 4659 7760
f 4659 4657 4812
f 5081 4813 4812
f 4814 5081 4812
f 4817 4801 4799
f 4799 4816 4817
f 4817 4816 4815
f 4662 4804 4818
f 4817 4815 4818
f 4818 4804 4817
f 4804 4801 4817
f 4815 5081 4814
f 4815 4814 4818
f 4661 4662 4818
f 4818 4814 4661
f 9264 4741 4820
f 4811 4810 4820
f 4820 4741 4811
f 4741 8509 4811
f 4811 8509 4660
f 4821 6835 4822
f 4823 6836 6837
f 4825 6986 8205
f 4827 7761 4830
f 4831 6838 6839
f 4833 4832 6840
f 4834 7762 7851
f 4836 4835 7764
f 4835 7763 4837
f 4836 4838 7850
f 4840 4837 4842
f 4842 4841 4840
f 4841 6842 4840
f 4829 4843 4830
f 4837 4827 6841
f 4837 6841 4842
f 4843 5008 4842
f 4842 6841 4843
f 4845 4839 4838
f 4839 4845 7765
f 7765 4845 4846
f 4847 4850 7766
f 4846 4845 4847
f 4847 4845 6842
f 8607 4849 6843
f 4850 6989 4848
f 4848 7766 4850
f 4852 4853 7767
f 4851 4853 4854
f 4854 4853 4850
f 4850 4853 6989
f 4847 6842 4841
f 4854 4850 4847
f 4847 4841 4854
f 4855 4851 4854
f 7769 7770 7771
f 4862 4863 7773
f 4864 4863 4858
f 7814 7776 4865
f 7777 4867 8731
f 7778 4870 8208
f 4872 8512 4874
f 7782 8512 4868
f 7783 7785 7784
f 7786 9284 7787
f 4881 8210 6845
f 4878 8210 6846
f 6978 6847 6848
f 4884 9035 6849
f 6848 4886 6851
f 7789 4893 9577
f 6850 6847 6858
f 6854 6855 6860
f 4889 6859 6860
f 6862 6864 6867
f 4903 6869 6870
f 4906 8215 6870
f 6856 6853 6871
f 6932 6874 6875
f 6865 6866 4909
f 6879 8214 6878
f 4917 6877 6878
f 4915 6879 6876
f 4919 6880 6882
f 4917 6883 6885
f 6881 6883 6887
f 4911 8215 6887
f 4913 6889 6876
f 4921 6889 6890
f 4913 6877 6892
f 4923 6891 6892
f 9037 6894 6890
f 4927 4928 6896
f 4927 4929 6899
f 4923 6898 6899
f 7792 7793 7794
f 7793 4933 7795
f 7796 7797 7798
f 2078 7800 7801
f 7799 7795 7802
f 7803 7804 7805
f 7807 7808 7809
f 7810 7811 7812
f 7814 7815 7816
f 7813 4943 7818
f 7819 7820 7821
f 7820 4947 7822
f 7825 7826 7827
f 7810 7784 7828
f 7832 7831 7833
f 6901 4958 6903
f 4959 4958 4953
f 4953 6904 6900
f 4959 6905 6907
f 7835 7836 8225
f 4899 9266 6915
f 6906 4961 6917
f 4965 6918 6919
f 4967 6920 8227
f 7040 6920 6921
f 4975 6922 6923
f 4967 6912 6923
f 4977 4987 6924
f 4973 6922 6926
f 4981 6925 6926
f 4973 6927 6921
f 4979 6927 6924
f 4981 6930 6931
f 4975 6916 6933
f 4985 6930 6933
f 4985 8213 6929
f 4977 6925 6935
f 4995 4994 4996
f 4990 6934 6937
f 5000 5001 4989
f 4997 6939 6941
f 5002 6939 6944
f 5003 6946 6947
f 5005 6950 5004
f 5004 6946 5005
f 5005 6946 6948
f 4843 4829 6949
f 5007 5008 4843
f 4843 6949 5007
f 5007 6949 6950
f 5006 6947 5004
f 5004 6949 5006
f 4855 4841 5008
f 5009 4851 4855
f 4855 5008 5007
f 5007 6950 5009
f 5009 4855 5007
f 5010 5077 7767
f 5005 6948 5010
f 5009 6950 5005
f 5005 5010 5009
f 2151 2150 5011
f 5011 5012 2151
f 2151 5012 6951
f 5011 5015 5012
f 5016 4832 4833
f 6952 5014 6953
f 6952 6953 6954
f 5006 4829 4828
f 7839 5014 7840
f 5014 7839 5016
f 5003 6955 6945
f 5003 7840 9401
f 5017 6955 9401
f 5014 7838 7840
f 5019 6956 2162
f 5018 2164 6956
f 6962 6958 5018
f 5018 6956 6962
f 5011 2150 6957
f 5020 5015 5011
f 5011 6957 5020
f 5020 6957 6958
f 5018 6957 2166
f 5017 6961 6959
f 5020 6958 5021
f 5021 6961 5020
f 5017 5015 6961
f 7841 6962 5022
f 6962 6956 5019
f 5021 6958 6962
f 5021 6962 7841
f 2175 9474 5023
f 9265 6963 5024
f 7867 6963 9038
f 6896 4928 7011
f 5027 5026 5025
f 5025 5028 5027
f 5028 5025 7867
f 5031 5030 5029
f 4919 5033 8216
f 5032 5033 8989
f 9128 5033 5030
f 5035 5036 5037
f 9128 5036 8989
f 5036 5034 8989
f 5039 9548 5037
f 5037 5031 5039
f 5029 5045 7843
f 7843 5045 5041
f 5039 5038 5046
f 6964 6965 5046
f 6965 6964 5047
f 7843 5043 6964
f 7843 6964 5038
f 5048 5053 5049
f 5049 5047 5048
f 5050 6968 6969
f 6972 5044 6971
f 6966 6968 6972
f 5052 5044 6972
f 5048 5054 5053
f 5053 5054 5055
f 5055 5054 6976
f 5048 5044 5052
f 5056 6973 6974
f 5050 6975 6976
f 7847 6980 8236
f 5056 5064 6973
f 5056 6975 6981
f 7853 4844 7847
f 5067 7849 5066
f 4872 5068 8235
f 4872 4875 5068
f 7850 7852 7851
f 5070 4834 7854
f 7855 2221 7856
f 5065 7858 5073
f 5073 7858 8519
f 5070 5074 4825
f 4825 5074 6986
f 5074 9300 6985
f 5071 2227 6985
f 6985 2227 6986
f 5075 5076 8990
f 5075 5080 5076
f 5078 5077 7859
f 5079 4815 4816
f 5078 7859 5079
f 5079 4816 5078
f 5078 4816 4799
f 5080 4813 5081
f 5079 7859 5076
f 5081 4815 5079
f 5082 6989 4852
f 5082 4852 5083
f 5077 5078 5083
f 5083 4852 5077
f 6987 8607 6843
f 4848 6988 5084
f 5082 6988 6989
f 4800 4802 5082
f 5083 5078 4799
f 4800 5082 5083
f 5083 4799 4800
f 5084 5086 6987
f 5057 5086 5087
f 5087 5086 5089
f 5089 5090 5088
f 5089 5088 5087
f 5087 5088 6990
f 4794 4793 8991
f 8991 5090 4794
f 8521 9602 8520
f 5049 5053 6991
f 5091 6965 5049
f 5049 6991 5091
f 5088 5090 5092
f 5092 6991 5088
f 5093 5039 5046
f 5046 8522 5093
f 6965 8522 5046
f 8522 5091 9603
f 7860 6960 7841
f 5094 4810 5096
f 5096 5095 7860
f 8517 6992 6959
f 5097 5080 5075
f 5075 6992 5097
f 5097 6992 5095
f 5095 6992 8517
f 5098 7760 4813
f 5097 5095 5098
f 5098 4813 5097
f 5097 4813 5080
f 4810 4809 5096
f 5098 5095 5096
f 5096 4809 5098
f 4809 7760 5098
f 2161 5099 2162
f 5019 5099 5101
f 2161 2257 5099
f 5100 7861 5022
f 5022 5101 5100
f 5022 5019 5101
f 5102 5103 5104
f 5101 5099 5104
f 5104 5103 5101
f 5103 5100 5101
f 5099 2257 5104
f 5105 5102 5104
f 5104 2257 5105
f 5106 4819 4820
f 5106 4820 4810
f 5107 4807 4819
f 5108 5109 5107
f 5107 4819 5108
f 5108 4819 5106
f 5103 5102 7862
f 5109 5108 5103
f 5108 5100 5103
f 5100 5106 7861
f 5106 4810 5094
f 5108 5106 5100
f 4808 4807 5107
f 5110 4805 4808
f 5110 4808 5111
f 5107 5109 5111
f 5111 4808 5107
f 5110 5112 4805
f 5112 5110 5113
f 5109 7862 5111
f 5113 5110 5111
f 5114 5115 5118
f 5116 5114 5117
f 5117 5114 5118
f 5120 5119 5116
f 6993 6792 7709
f 5120 7735 7736
f 6993 5119 5120
f 5120 7736 6993
f 5117 5118 4589
f 4589 7735 5117
f 5120 5116 5117
f 5117 7735 5120
f 5121 5122 5242
f 4622 4623 5123
f 5124 4624 4622
f 4622 5123 5124
f 5122 5121 5124
f 5124 5123 5122
f 5124 5121 4433
f 4433 4624 5124
f 4652 5125 7864
f 4655 7864 5197
f 4655 4652 7864
f 4753 4752 5126
f 4623 4753 5123
f 4753 5126 5123
f 5127 5248 5128
f 5130 5127 5129
f 5118 5115 9268
f 4761 4762 5131
f 4762 5118 5131
f 5118 4762 4589
f 4758 5130 4759
f 5130 5129 4759
f 4761 5131 5130
f 4761 5130 4758
f 5133 5132 5125
f 5125 4805 5133
f 5172 5134 5135
f 5135 8993 5028
f 9474 5136 5113
f 5136 5112 5113
f 5133 4805 5112
f 5133 5112 5256
f 5256 5112 5136
f 5105 2257 2263
f 5137 5102 5105
f 5102 5137 5023
f 9474 5113 5023
f 5023 5137 2175
f 5253 5169 5170
f 5144 5140 5138
f 5138 5141 5144
f 5139 7866 5138
f 5035 9548 5142
f 5093 8522 9475
f 5093 9475 5142
f 5144 5253 7865
f 7865 5143 5144
f 5143 5140 5144
f 5141 5253 5144
f 5165 9475 5145
f 5142 9475 5165
f 5149 5146 5145
f 5145 5146 5165
f 5146 5151 5165
f 4793 5147 8991
f 5147 9603 5092
f 4793 4795 5148
f 5148 5147 4793
f 9603 5147 5145
f 5145 5147 5148
f 5145 5148 5149
f 4795 4644 5150
f 5148 4795 5149
f 5149 4795 5150
f 5153 5152 5151
f 5155 5153 5159
f 5153 5151 5159
f 5155 5154 5153
f 5159 5151 5146
f 5150 4644 5156
f 5157 5149 5150
f 5150 5156 5157
f 5157 5146 5149
f 5158 5155 5159
f 5158 5159 5160
f 5146 5157 5160
f 5160 5159 5146
f 4646 6996 5160
f 5157 5156 4646
f 5157 4646 5160
f 8994 5138 5140
f 5140 5152 8994
f 8994 5152 5162
f 5162 5161 8994
f 5161 5139 8994
f 5153 5154 5162
f 5152 5153 5162
f 5152 5164 5151
f 5143 7865 5163
f 5164 5143 5163
f 5164 5152 5140
f 5143 5164 5140
f 5164 5165 5151
f 5164 5142 5165
f 5166 8523 5163
f 5163 7865 5166
f 5142 5164 8523
f 8523 5164 5163
f 5167 8992 8524
f 5166 5170 5167
f 5166 5167 8995
f 5036 5035 8995
f 5035 8523 8995
f 5034 8995 8524
f 5167 5170 5171
f 5135 5028 8992
f 5171 5172 5135
f 5169 5172 5171
f 6996 9375 5160
f 5158 5173 5174
f 5158 5174 5155
f 5175 5176 4774
f 5176 4771 4774
f 5174 5173 5176
f 5176 5210 5174
f 5210 5176 5175
f 5173 6997 5177
f 5173 5177 5176
f 5176 5177 4771
f 5178 6994 4647
f 5179 6994 6995
f 6998 6997 9375
f 9375 6996 6998
f 5179 6996 6994
f 4782 6828 5177
f 5177 6997 4782
f 4782 6997 5180
f 5180 6997 6998
f 5179 6995 5181
f 5179 5181 6998
f 6827 5180 4780
f 4651 7737 5188
f 5188 5182 4651
f 4650 7000 5178
f 5183 6995 5178
f 5178 7000 5183
f 5182 7000 4650
f 4788 8525 5181
f 5181 6995 4788
f 4786 5184 6999
f 5189 5184 5182
f 5182 5184 7000
f 4786 6830 5183
f 5183 7000 4786
f 5186 5187 5185
f 5185 4748 5186
f 5188 5187 5186
f 5189 5182 5188
f 5186 4742 5188
f 4742 5189 5188
f 4656 5191 5185
f 5191 4748 5185
f 5190 5191 4656
f 5191 4627 4748
f 5190 4658 4750
f 4750 4747 5190
f 5190 4747 5191
f 4747 4627 5191
f 4658 4740 5192
f 4750 4658 4751
f 5194 4623 4751
f 5192 5193 8526
f 7756 4654 8526
f 7756 8526 5193
f 4654 5196 8526
f 5196 5194 8526
f 4654 4655 5195
f 5195 5196 4654
f 4753 4623 5194
f 5196 4752 4753
f 5196 4753 5194
f 4752 5196 5195
f 5195 4655 5197
f 4752 5195 5197
f 5197 5274 4752
f 5129 5128 7001
f 4759 5129 5198
f 5198 7001 5199
f 5198 5129 7001
f 5139 5161 5201
f 5201 5202 5139
f 5199 5200 5202
f 5199 5202 5201
f 5162 5154 5203
f 5162 5203 5204
f 5204 5203 5205
f 5203 5206 5205
f 5207 5199 5201
f 5204 5205 5207
f 5207 5201 5204
f 5161 5162 5204
f 5204 5201 5161
f 5208 4754 4759
f 4759 5198 5208
f 5207 5205 5208
f 5208 5198 5207
f 5198 5199 5207
f 5205 5206 5211
f 5205 5211 5208
f 5208 5211 4754
f 5174 5209 5155
f 5209 5154 5155
f 5210 5206 5209
f 5210 5209 5174
f 5154 5209 5203
f 5203 5209 5206
f 4765 4754 5211
f 4765 5211 7869
f 7869 5211 5206
f 5175 7868 7869
f 5175 7869 5210
f 7869 5206 5210
f 7868 4765 7869
f 6025 4080 5972
f 5213 4233 4142
f 4142 4140 5213
f 4144 9469 6012
f 9469 5962 6012
f 6012 5984 4144
f 5216 4158 5215
f 5216 5215 5217
f 5214 5218 5217
f 5217 5215 5214
f 5219 4158 8996
f 4156 4154 8996
f 4156 5216 5217
f 4177 5921 6026
f 5921 4177 9376
f 6026 5971 4217
f 5970 4187 5221
f 5221 6022 5970
f 4215 5220 5221
f 5222 5223 4224
f 6095 5223 5222
f 5222 4187 6095
f 9469 4223 5224
f 5224 4223 6027
f 6027 4228 6025
f 4231 4230 8494
f 4231 5219 4154
f 4154 4230 4231
f 4236 4177 6026
f 6009 9376 4241
f 9258 5225 4306
f 5225 4310 4306
f 9258 6098 5225
f 4310 5226 4308
f 5225 6097 4310
f 4305 4348 9258
f 4342 4316 7870
f 4342 4341 4340
f 7870 5227 5230
f 5230 4342 7870
f 5230 5227 6031
f 5230 4341 4342
f 5231 4321 5232
f 4319 4431 5232
f 5232 4321 4318
f 4318 4319 5232
f 5229 4316 4315
f 4321 5228 5229
f 4321 5229 4318
f 4318 5229 4315
f 5234 5235 4429
f 4429 5231 5234
f 5231 5232 5234
f 5235 5237 5236
f 5235 5236 4429
f 4432 4433 5237
f 5237 5235 4432
f 4432 5235 5234
f 4431 4432 5234
f 5234 5232 4431
f 5116 5119 7873
f 5114 5238 5115
f 5238 5240 5115
f 5116 7873 7871
f 5116 7871 5114
f 5236 7874 4620
f 5236 5237 7874
f 5241 5242 6072
f 5242 7863 6072
f 7874 5242 5241
f 5242 5122 7863
f 5237 4433 5121
f 5237 5121 7874
f 5141 7866 6000
f 7866 7878 6000
f 7863 5244 6072
f 6072 5244 6071
f 5126 4752 5274
f 7863 5122 5123
f 5244 7863 5126
f 9268 5240 5246
f 5131 9268 5245
f 5246 5247 5245
f 5248 5249 5128
f 5128 5129 5127
f 5248 5127 5247
f 5127 5130 5245
f 5252 5251 5250
f 5250 5251 5999
f 5251 5252 5253
f 5251 5253 6001
f 5253 5141 6001
f 5256 5254 5133
f 5133 5254 5132
f 5256 5255 5254
f 6055 5134 5172
f 5257 4924 4929
f 4929 7002 5257
f 7002 8791 5257
f 8604 6895 7003
f 9015 7875 5259
f 5258 7875 9015
f 9389 8095 7004
f 5259 7007 5260
f 5260 8095 5259
f 5263 7876 7007
f 5262 7004 7008
f 2445 5266 5258
f 5258 5266 7875
f 9389 7004 5267
f 6940 6938 7009
f 7010 6940 5269
f 5269 7009 7260
f 5268 5270 8538
f 5169 5252 5250
f 5253 5252 5169
f 5272 6049 5273
f 5136 9474 5272
f 5272 5273 5136
f 5273 5256 5136
f 5273 5255 5256
f 8993 5134 7217
f 7217 6056 8993
f 5027 5028 8993
f 5026 5027 6058
f 6068 5169 5271
f 6068 6069 5169
f 5172 6069 6055
f 5169 6069 5172
f 5244 5126 5274
f 6043 6071 5244
f 5244 5274 6043
f 5274 5197 9549
f 5275 5276 5200
f 5200 7001 5275
f 7001 5249 5275
f 5249 7001 5128
f 7866 5139 5202
f 5202 5277 7878
f 5202 7878 7866
f 5200 5276 5277
f 5200 5277 5202
f 7879 7880 7881
f 7882 7883 7884
f 7883 7885 7886
f 7886 7888 7889
f 2464 5283 7012
f 5280 5283 7888
f 5284 7891 7892
f 5288 7894 7899
f 7882 7895 7896
f 7896 7897 7898
f 7900 7901 7902
f 3932 7904 7903
f 7904 7905 7906
f 7907 7909 7908
f 7910 7911 7912
f 7893 7914 7915
f 7915 7916 7917
f 5293 7911 7918
f 5284 7919 8999
f 7919 7920 7921
f 7920 9293 5294
f 7922 8246 7698
f 5297 7016 7017
f 5302 7924 4952
f 7925 7926 8245
f 5299 7926 5301
f 5301 7018 7015
f 5301 5302 7018
f 7927 5290 7928
f 5304 8527 7019
f 5305 7019 7929
f 7020 7024 7026
f 5300 7028 7017
f 7030 7028 7029
f 7022 7024 7030
f 5308 7028 7030
f 5306 7930 5308
f 3962 7931 5312
f 4979 7034 7036
f 5310 7037 7038
f 5314 9404 7038
f 7025 7021 7039
f 7035 7037 7042
f 5304 7045 8527
f 5312 3963 7043
f 5312 7044 7033
f 7041 7044 7045
f 7046 6734 7047
f 7048 7049 7047
f 5318 5326 7077
f 7051 7048 5321
f 4993 5001 4994
f 5655 4989 5001
f 5325 5320 7053
f 5329 9404 5331
f 5331 5324 7053
f 5321 7052 7055
f 5331 7053 7056
f 7031 7032 7057
f 5329 7056 7057
f 5336 7075 8247
f 5338 7062 8529
f 5335 7064 7059
f 5656 5327 5322
f 5339 5319 5326
f 5319 5339 7932
f 7932 7066 7065
f 7066 7067 9550
f 7068 7046 7069
f 7070 7071 7069
f 5337 7072 7073
f 7071 7074 7073
f 7074 7076 7075
f 6707 6742 7078
f 2531 6702 7082
f 5345 7081 7082
f 9484 7084 9615
f 5348 5347 9378
f 5348 9378 5349
f 5351 7086 3983
f 6572 9657 7087
f 7087 7089 7088
f 7096 7089 7090
f 7092 5354 7091
f 7093 5337 7094
f 7096 7090 7095
f 2544 6579 7092
f 6740 7068 7097
f 5355 5352 7099
f 7072 7093 9041
f 5574 5356 3759
f 5574 4016 5356
f 3699 7938 3700
f 3699 3698 7100
f 5359 3764 7956
f 3480 5363 8478
f 3480 3470 3479
f 3464 3466 3473
f 3767 3766 7937
f 3712 3693 5365
f 6620 3766 6748
f 3695 7938 3701
f 3468 3467 5364
f 3706 9467 9554
f 3694 3692 3696
f 3694 3475 3692
f 3697 3692 3693
f 3697 3689 3696
f 8478 5363 3476
f 3693 7646 5365
f 3713 5365 3711
f 3713 8481 3712
f 3771 5356 3779
f 3771 3759 5356
f 3777 3779 5356
f 3778 5356 4016
f 3778 3777 5356
f 3780 9649 3781
f 3775 9649 3779
f 3775 3774 3781
f 3750 3753 6689
f 3750 3742 3753
f 3743 7942 7661
f 4019 3751 4020
f 3742 3750 3743
f 3742 3745 3753
f 4026 6748 3766
f 4026 4022 6749
f 4016 4017 3778
f 3477 5363 3479
f 7646 7944 3488
f 3471 5364 3473
f 3471 3470 5364
f 3490 5365 3488
f 3490 3711 5365
f 3493 5369 3476
f 3489 7631 5369
f 3708 3711 7647
f 3491 5369 9552
f 3491 3489 5369
f 5370 5371 3530
f 5371 3550 5372
f 3536 3909 3532
f 3530 3904 5370
f 5375 3531 3640
f 5377 5375 3904
f 5371 5372 3530
f 5373 3530 5372
f 5371 5379 3906
f 5371 3906 3550
f 5379 5371 5370
f 3905 3544 3542
f 5383 5386 3903
f 5380 5385 3905
f 5373 5372 5385
f 3637 3639 5402
f 3902 5387 3636
f 3901 3639 5382
f 3901 5382 5387
f 3901 3638 5388
f 5389 9479 5388
f 3900 3902 5397
f 5388 9479 9380
f 3620 5389 3619
f 3620 9479 5389
f 3619 3896 3621
f 9479 3620 5403
f 3638 3619 5389
f 3620 3621 5392
f 3619 3621 3620
f 3898 5390 3892
f 3631 3895 3894
f 5392 3621 5393
f 3898 3617 5393
f 3621 3898 5393
f 3621 3896 3898
f 5390 3897 3895
f 5390 3891 3892
f 3617 3898 3892
f 3893 3891 5390
f 3893 3887 3891
f 5395 3887 3893
f 3615 3888 3830
f 3831 3825 3830
f 3609 3834 3886
f 3593 9270 8976
f 3832 3593 3835
f 3876 3864 3865
f 3876 3879 3864
f 3577 3573 3574
f 7638 3875 3874
f 709 3580 710
f 3577 3575 8978
f 3576 2666 708
f 3583 3582 3579
f 3790 3577 8978
f 3583 3580 3584
f 3832 3835 3869
f 3833 3869 3835
f 3833 3835 3834
f 3609 3833 3834
f 3609 3598 3833
f 3609 3886 7102
f 3608 5396 3606
f 3608 5394 5396
f 3631 3634 5396
f 3633 3900 5397
f 3633 3894 3900
f 3631 3894 6678
f 3542 5380 3905
f 3542 3636 5380
f 3636 3541 5397
f 5379 2930 3906
f 2931 5379 3909
f 2919 3906 2930
f 3550 3906 2919
f 2931 3909 3908
f 2930 5379 2931
f 2931 2932 2930
f 3907 7602 3908
f 3907 2929 7602
f 3529 3528 5399
f 3536 7635 3907
f 3533 2929 3907
f 3533 3907 7635
f 7602 2931 3908
f 3528 5376 5399
f 3538 3540 7945
f 3538 3529 3715
f 5400 5376 3640
f 5400 5399 5376
f 3640 5376 5375
f 5400 5401 3719
f 5400 3640 5401
f 5378 3640 7946
f 5384 3637 5402
f 3830 3825 3829
f 3831 3827 6693
f 3588 3828 3884
f 3790 3861 3577
f 3790 3586 3861
f 3576 708 3857
f 3857 708 990
f 5410 4007 4015
f 3648 4010 3649
f 5409 4010 5411
f 5414 5415 3723
f 5422 9002 5419
f 5487 5423 5424
f 5406 5407 5547
f 5500 5404 5406
f 5549 5435 4018
f 5529 4018 5436
f 5442 5443 5518
f 5442 5439 5443
f 5448 5446 3988
f 5448 5447 5446
f 5461 7953 5460
f 3990 7953 3991
f 5463 7949 3614
f 9379 5459 5458
f 3994 3989 9467
f 3994 7950 3989
f 7630 3472 3487
f 3504 3508 3505
f 3504 3506 3508
f 4019 3749 3751
f 4019 7942 3749
f 3746 3753 3745
f 3746 3748 3753
f 3539 3537 5398
f 5472 2666 3572
f 5472 2665 2666
f 3875 7638 5472
f 5472 7638 2665
f 3576 3572 2666
f 3875 5472 3572
f 3575 3572 3576
f 3875 3572 3574
f 3573 3878 3574
f 3573 5473 3878
f 3574 3878 3875
f 3876 3878 5473
f 3876 3865 3878
f 3877 3876 3859
f 5473 3860 3859
f 3877 3879 3876
f 3877 3883 3879
f 3591 3587 9251
f 3880 3590 3881
f 3877 3881 3883
f 3590 3589 3881
f 3589 3882 3881
f 3889 5474 3888
f 3887 3615 3891
f 3888 9476 3889
f 9476 3887 3885
f 9476 3615 3887
f 3891 3616 3892
f 3892 3616 3617
f 3616 3891 3615
f 3894 3897 5391
f 3901 5388 3639
f 3638 5389 5388
f 3905 5372 3550
f 3905 5385 5372
f 3531 3530 3903
f 3908 3536 3907
f 3908 3909 3536
f 3528 7635 3536
f 3532 3528 3536
f 3540 3535 7635
f 5398 3537 3511
f 3540 5398 3535
f 3534 3535 3517
f 3534 3533 3535
f 3513 5398 3511
f 3513 3535 5398
f 3534 2929 3533
f 2895 3534 3517
f 2895 3517 2896
f 3513 3517 3535
f 2929 3534 2928
f 2929 2928 2926
f 3512 3516 3514
f 3512 3511 3516
f 3512 3517 3513
f 2926 7601 7602
f 7601 2926 2925
f 2930 2932 2920
f 3539 6684 3537
f 3540 3539 5398
f 5580 6684 7101
f 3544 3549 9031
f 3544 3550 3549
f 3541 3635 5397
f 3633 5397 3635
f 3606 3601 3610
f 5396 6669 3606
f 3601 3599 7102
f 3601 3606 3607
f 3870 3869 3833
f 3869 3870 3867
f 3872 3873 3842
f 3872 3842 3866
f 3842 3581 3866
f 3836 710 3863
f 3836 3837 999
f 3575 3574 3572
f 3574 3575 3577
f 3588 3585 3828
f 5374 3904 5375
f 5374 5376 3532
f 3532 3909 5370
f 5370 5374 3532
f 5370 3904 5374
f 5376 5374 5375
f 5370 3909 5379
f 5375 5377 3531
f 3903 5386 7946
f 3903 3530 5373
f 3530 5377 3904
f 3530 3531 5377
f 5384 5378 5386
f 5383 3903 5373
f 5384 5381 5378
f 5383 5384 5386
f 5383 3637 5384
f 3637 5382 3639
f 5382 5385 5387
f 5382 5383 5385
f 5383 5373 5385
f 5387 5385 5380
f 3636 5387 5380
f 5382 3637 5383
f 3901 5387 3902
f 3901 3899 3638
f 3900 3899 3902
f 3899 3900 5391
f 5391 3619 3899
f 3896 5391 3897
f 3897 3898 3896
f 3897 5390 3898
f 3895 3897 3894
f 5394 3895 3631
f 3896 3619 5391
f 5394 5390 3895
f 3611 3617 3616
f 5393 3618 5392
f 3618 5393 3617
f 3611 3618 3617
f 3616 3829 3611
f 5390 5394 3893
f 3615 3829 3616
f 3608 3893 5394
f 3608 5395 3893
f 3829 3615 3830
f 5395 3885 3887
f 3831 5474 3827
f 9476 3888 3615
f 5395 3886 3885
f 3888 5474 3830
f 3831 3830 5474
f 3885 3886 3834
f 9553 7947 3827
f 9553 3827 5474
f 3890 9270 3884
f 3884 9553 3890
f 9553 3889 3890
f 9553 5474 3889
f 3890 3889 9381
f 3859 3591 3880
f 3877 3859 3880
f 5476 3645 5526
f 5476 5488 5477
f 5492 5480 5479
f 5484 5486 5485
f 5486 3999 5485
f 4000 5485 5424
f 5486 5426 3999
f 5424 5485 3999
f 3999 3998 5487
f 3999 5426 3998
f 5478 5489 5488
f 5478 5479 5481
f 5490 3673 5482
f 5491 5483 4000
f 5483 5485 4000
f 5476 5478 5488
f 5492 5482 5480
f 5481 5480 3673
f 5481 5479 5480
f 5480 5482 3673
f 5485 5483 5484
f 3622 4001 3623
f 3670 3669 3671
f 7951 3993 3526
f 9271 3523 9364
f 7951 3527 3525
f 3675 3524 3527
f 5493 3643 3642
f 5497 3526 3642
f 7951 3525 3993
f 5529 3570 4018
f 5404 3570 5433
f 4017 3776 3778
f 5501 5499 3666
f 3571 5501 4012
f 5505 5506 5503
f 5503 5506 4011
f 5504 5408 5502
f 5503 5507 5504
f 3819 3647 3820
f 3820 4010 5562
f 5509 5409 5411
f 3648 4005 5412
f 5411 4010 3648
f 5412 5411 3648
f 5417 5415 5510
f 3723 5415 5416
f 5511 4005 4006
f 5417 4002 5418
f 4006 4005 3623
f 4003 4002 4006
f 5511 4006 4002
f 4002 5419 5418
f 5537 3997 4003
f 5513 5487 3998
f 3642 3526 7952
f 5516 7952 3992
f 5429 5516 5461
f 3990 5460 7953
f 3991 5455 3990
f 3521 5451 5454
f 5445 5453 5447
f 5438 5441 5440
f 5440 5442 5517
f 5518 5517 5442
f 5468 5439 5519
f 7954 3522 3984
f 7954 9364 3522
f 5451 3521 9271
f 5452 9271 9364
f 5452 5451 9271
f 4003 4001 5494
f 3623 3650 3622
f 3648 3649 3650
f 3623 3648 3650
f 3623 4005 3648
f 5568 5420 9002
f 5512 3998 5426
f 3999 5487 5424
f 5514 5426 5520
f 5523 5520 5486
f 5486 5520 5426
f 5484 5523 5486
f 5521 5496 5520
f 5520 5523 5521
f 5520 5496 5514
f 5521 5524 3643
f 5522 5523 5484
f 5482 5492 5522
f 5521 5523 5522
f 5521 5522 5524
f 5522 5484 5482
f 5524 5522 5492
f 5492 3674 5524
f 5495 3674 5479
f 5495 3677 3674
f 5524 3674 3641
f 3674 5492 5479
f 5525 5479 5478
f 5525 5478 5476
f 5525 3676 5495
f 5527 5525 5476
f 5525 5495 5479
f 3676 5525 5527
f 5476 5526 5527
f 5476 5477 3645
f 5528 5526 3645
f 3646 3679 5528
f 5528 3644 3646
f 5518 3646 3644
f 5517 5438 5440
f 9382 5529 5436
f 5529 5475 3569
f 5530 5434 3569
f 3570 3569 5434
f 5529 3569 3570
f 5530 3569 5477
f 5530 5531 3668
f 5530 5477 5531
f 3668 5434 5530
f 5488 5531 5477
f 5498 3668 5531
f 5531 5488 3667
f 5498 3666 3668
f 3667 5498 5531
f 3667 5489 5532
f 3667 5532 3669
f 5532 5489 5481
f 5478 5481 5489
f 3669 3670 3667
f 5532 5481 3673
f 3667 5488 5489
f 5534 5533 3673
f 3673 5490 5534
f 5490 5483 5491
f 5483 5490 5484
f 5491 5534 5490
f 5536 5494 4001
f 5534 5491 5494
f 5534 5494 5536
f 5491 5537 5494
f 4000 5537 5491
f 5537 4003 5494
f 5423 5421 5424
f 4000 4004 5537
f 5424 4004 4000
f 5487 5513 5538
f 5487 5538 5423
f 3647 3650 3649
f 3668 5499 5434
f 3668 3666 5499
f 3647 3649 3820
f 3622 5536 4001
f 5501 3666 3672
f 3672 3666 5498
f 4003 4006 4001
f 5535 3622 3650
f 3641 3678 5497
f 3643 5524 3641
f 7948 5428 5432
f 7948 5429 5428
f 3996 5432 5428
f 5515 5432 3996
f 5515 5493 9478
f 5515 3996 5427
f 5496 5515 5514
f 5512 5540 5425
f 5514 5427 5512
f 5540 5512 5427
f 5541 5423 5538
f 5424 5421 4004
f 5421 5423 3721
f 4004 3997 5537
f 3997 4004 5422
f 4004 5421 5422
f 5421 9002 5422
f 5419 4002 3997
f 5418 5419 5420
f 5427 3718 5540
f 5427 3996 3718
f 5427 5514 5515
f 3992 3991 7953
f 3992 3993 3991
f 5544 3991 3993
f 5455 5544 5454
f 5544 5455 3991
f 5555 5452 9364
f 5539 3523 9271
f 5454 5544 3521
f 5439 5468 5443
f 4012 5501 3819
f 5508 5408 5504
f 5503 4011 5507
f 4013 5505 5503
f 5502 4013 5503
f 5405 4012 5505
f 5502 5503 5504
f 5407 4013 5502
f 5405 5406 3571
f 5406 5405 5407
f 3571 4012 5405
f 5547 5407 5408
f 5433 5406 5404
f 5549 5404 5500
f 5404 4018 3570
f 5404 5549 4018
f 5551 5552 5470
f 5552 5438 5437
f 5436 4018 5435
f 5435 5437 5436
f 5438 5436 5437
f 5439 5440 5441
f 5439 5442 5440
f 3985 3984 5443
f 7954 3984 3985
f 3985 5443 5468
f 5444 7954 3985
f 5444 3985 5583
f 5555 5444 5367
f 5555 5367 5554
f 5555 5554 5445
f 3987 3988 5555
f 5445 3987 5555
f 5448 3988 3987
f 5448 3987 5447
f 5447 3987 5445
f 5453 5450 5447
f 5453 5449 5450
f 5446 5447 5450
f 5452 5555 3988
f 5446 5452 3988
f 5446 5451 5452
f 5450 5451 5446
f 5450 5449 5451
f 5449 5454 5451
f 5453 5466 5449
f 3986 5455 5454
f 5458 3995 7950
f 3995 5457 3986
f 5457 5458 5459
f 5455 5457 3990
f 5455 3986 5457
f 5458 5457 3995
f 5459 5456 5457
f 5459 5556 5456
f 5557 5462 5456
f 5557 5556 3709
f 5556 9379 3703
f 3990 5457 5460
f 5460 5457 5456
f 5462 5460 5456
f 5461 5460 5462
f 5461 5462 5558
f 5558 5462 5557
f 5543 5429 5558
f 5559 5429 5543
f 5429 5559 5428
f 5428 5559 5430
f 3718 3996 5430
f 3996 5428 5430
f 5425 5402 9383
f 5425 5381 5402
f 5513 3998 5512
f 9383 9380 9384
f 5538 5513 9383
f 3721 5423 5541
f 9384 9479 5403
f 5403 7949 5541
f 3721 5541 7949
f 5561 5508 3734
f 5504 5507 3726
f 5505 4012 3820
f 4011 5506 5562
f 3820 5562 5506
f 3820 5506 5505
f 5409 4011 5562
f 4011 5409 9604
f 5410 4008 4007
f 5509 5411 4008
f 4007 5413 9480
f 5412 4008 5411
f 9480 4015 4007
f 5412 5510 5413
f 5564 3853 5563
f 5413 4008 5412
f 5410 5509 4008
f 5410 4015 5509
f 5413 5510 5414
f 5414 5510 5415
f 9480 5413 5414
f 5417 5416 5415
f 4009 9480 3723
f 8531 7666 5565
f 5416 5417 5418
f 5416 5418 5420
f 3984 3646 5518
f 3984 5518 5443
f 4017 5560 5547
f 5560 4017 4016
f 4017 5561 3776
f 3776 5561 3734
f 5507 3729 3726
f 3855 8977 7666
f 3853 4009 8977
f 5564 9480 4009
f 4009 5565 8977
f 5510 5412 4005
f 5417 5510 5511
f 3822 3723 3722
f 5510 4005 5511
f 5511 4002 5417
f 3722 5420 9272
f 5568 9272 5420
f 3614 3613 5568
f 3997 4002 4003
f 5550 5470 5567
f 5566 5573 5468
f 5583 5367 5444
f 5553 5554 5367
f 5563 3729 9604
f 5563 3736 3729
f 8531 5565 3822
f 3722 9272 3821
f 3821 3826 3824
f 3821 3822 3722
f 5568 3613 9272
f 9272 3612 3826
f 5577 3709 5579
f 3708 7103 3707
f 5580 5578 3714
f 5579 3709 3705
f 5464 5381 3717
f 5542 5543 5465
f 3716 5465 5581
f 5378 5381 5464
f 5581 5465 5575
f 5431 5465 5543
f 5559 5543 5542
f 5542 3720 5471
f 5401 5582 3719
f 5401 5464 5582
f 5431 5543 5558
f 5582 3718 5430
f 3526 3992 7952
f 5471 3719 5582
f 5402 5381 5384
f 3720 5542 5465
f 3717 5582 5464
f 3717 3718 5582
f 3719 5471 3720
f 5540 3718 3717
f 5425 5540 3717
f 5431 5575 5465
f 5542 5430 5559
f 3717 5381 5425
f 5471 5430 5542
f 5471 5582 5430
f 3716 7101 3715
f 5431 5577 5575
f 8530 5400 3719
f 5577 5557 3709
f 5577 5558 5557
f 5431 5558 5577
f 3715 8530 3720
f 3720 3716 3715
f 3720 5465 3716
f 8530 3719 3720
f 5399 5400 8530
f 5576 3707 5578
f 5580 5581 5576
f 5576 5578 5580
f 5576 5575 5579
f 3703 3702 8481
f 3709 3703 3705
f 9379 5458 3994
f 3703 3709 5556
f 5577 5579 5575
f 5459 9379 5556
f 3705 3707 5579
f 5579 3707 5576
f 3716 5581 5580
f 5581 5575 5576
f 3641 5497 3643
f 5497 3642 3643
f 3678 3677 3527
f 5536 5535 5533
f 3679 3522 3523
f 3675 9477 3523
f 5535 3671 3669
f 5535 3650 3671
f 3526 3993 3992
f 3675 3523 5539
f 3670 3672 5498
f 3670 5498 3667
f 5527 9477 3676
f 3524 3525 3527
f 5534 5536 5533
f 3675 3527 3676
f 3525 5544 3993
f 5544 3525 3524
f 5519 5439 5441
f 3675 5539 3524
f 3526 5497 7951
f 5433 5499 3571
f 3571 5406 5433
f 5535 5536 3622
f 3671 3647 3672
f 3650 3647 3671
f 5434 5499 5433
f 5564 4015 9480
f 5564 4009 3853
f 5564 5563 4014
f 5416 3722 3723
f 5416 5420 3722
f 5408 5508 5561
f 5368 4016 5574
f 5550 5567 5570
f 5567 5548 5570
f 5470 5552 5437
f 5470 5437 5435
f 5470 5435 5567
f 5560 5500 5547
f 5407 5502 5408
f 5548 5560 5368
f 5548 5500 5560
f 5549 5500 5548
f 5547 5500 5406
f 5567 5549 5548
f 5567 5435 5549
f 5405 4013 5407
f 5501 3571 5499
f 5463 3614 5568
f 5463 3721 7949
f 5463 9002 3721
f 5463 5568 9002
f 3822 5565 4009
f 3822 4009 3723
f 5532 5533 3669
f 3669 5533 5535
f 3522 3646 3984
f 5533 5532 3673
f 3527 7951 3678
f 5566 5468 5519
f 5583 5468 5573
f 3985 5468 5583
f 5467 5445 5546
f 5467 5453 5445
f 5587 5361 5566
f 5553 5469 8532
f 5553 5573 5469
f 5553 5583 5573
f 5554 5546 5445
f 5367 5583 5553
f 5358 3761 3764
f 5361 5588 3680
f 5519 5590 5587
f 5590 5584 5587
f 5357 3765 5571
f 3691 5546 8532
f 3681 8532 5469
f 5572 3680 5469
f 5357 5551 5569
f 5357 5571 5551
f 5584 3765 5358
f 3765 5584 5571
f 5589 3680 5588
f 5589 5359 3763
f 5587 5566 5519
f 5359 5589 5588
f 5441 5590 5519
f 5361 3680 5572
f 5584 5358 5360
f 5572 5469 5573
f 5551 5586 5552
f 5551 5571 5586
f 5358 5359 5360
f 5358 3764 5359
f 3681 5469 5585
f 5361 5572 5566
f 5573 5566 5572
f 5585 3680 7957
f 5588 5361 5360
f 5586 5590 5441
f 5588 5360 5359
f 5584 5590 5571
f 5360 5587 5584
f 5360 5361 5587
f 5552 5441 5438
f 5552 5586 5441
f 5571 5590 5586
f 3758 7955 3759
f 3761 5366 3760
f 7955 5574 3759
f 7955 5570 5574
f 3758 3762 5593
f 3758 3759 3771
f 3758 3771 3770
f 5368 5560 4016
f 5357 5592 5591
f 5591 3761 3765
f 7955 5592 5569
f 5368 5570 5548
f 3765 5357 5591
f 5570 5368 5574
f 5593 5592 7955
f 5593 5591 5592
f 3765 3761 5358
f 5357 5569 5592
f 5591 5366 3761
f 5550 5551 5470
f 5550 5569 5551
f 5569 5570 7955
f 5569 5550 5570
f 3687 3699 3700
f 3686 6681 3699
f 3685 3700 3690
f 3686 3763 6681
f 5595 9554 9467
f 3687 3700 3685
f 3763 5359 7956
f 3691 3682 5596
f 3682 3684 3683
f 3683 3685 3690
f 3683 3684 3685
f 3691 5596 5545
f 3989 5466 8533
f 3684 3682 5585
f 3686 3687 7957
f 5596 5594 5595
f 5596 3683 5594
f 5545 5467 5546
f 5595 9467 3989
f 3686 5589 3763
f 5545 5595 8533
f 3684 3687 3685
f 3687 3686 3699
f 3681 5585 3682
f 5596 5595 5545
f 3682 3683 5596
f 5546 3691 5545
f 5466 5453 8533
f 5545 8533 5467
f 5467 8533 5453
f 5598 4464 4463
f 4450 4458 4449
f 4450 5599 4458
f 5599 5597 5598
f 4457 4463 6763
f 4457 5599 4463
f 5599 4467 5597
f 5601 4465 4470
f 4457 4458 5599
f 4457 4456 6764
f 4463 4464 7747
f 4684 7958 7748
f 4465 4464 5598
f 4461 4467 4450
f 6762 5602 4449
f 6762 4448 5602
f 4265 5602 4448
f 4265 4269 5602
f 4447 5602 4269
f 4447 4451 5602
f 4257 4267 6752
f 4257 6752 4260
f 4256 4260 4255
f 4442 4445 4551
f 4442 4443 4445
f 4551 6807 4442
f 5606 4681 9437
f 9437 4680 4679
f 5601 4685 4465
f 5601 4678 4685
f 4677 5601 4470
f 4677 4678 5601
f 4465 8501 4470
f 4465 5598 8501
f 9437 4681 4680
f 4389 7722 4725
f 4261 4266 4263
f 4261 4262 4266
f 4262 6752 4266
f 6796 4599 4259
f 4676 4681 5606
f 4276 4469 4460
f 4676 5606 9385
f 9385 4470 5603
f 8501 5603 4470
f 8501 4466 5603
f 4468 9385 5603
f 4676 5605 7959
f 4676 4468 5605
f 4460 5603 4466
f 5603 4469 4468
f 5605 4474 5608
f 4276 5607 4469
f 4468 4676 9385
f 4468 4474 5605
f 4469 5603 4460
f 4474 4468 4469
f 5607 4474 4469
f 5607 4476 5608
f 4474 5607 5608
f 5610 4695 5605
f 5610 4693 4695
f 4691 5610 4475
f 4691 4693 5610
f 4277 5609 4276
f 4476 5612 7960
f 4476 4471 5612
f 5609 4277 4278
f 5611 4691 4475
f 4278 4471 5609
f 5613 4477 4690
f 4475 5608 4476
f 5613 7960 4472
f 5613 5611 7960
f 5610 5605 5608
f 4476 5607 5609
f 4476 5609 4471
f 5610 5608 4475
f 4689 4704 4702
f 4690 4692 4691
f 5614 4472 5612
f 4278 4273 4471
f 4477 5615 4704
f 4473 5614 4511
f 4473 4472 5614
f 5613 4690 5611
f 4478 5613 4472
f 4473 5619 4478
f 4473 4511 5619
f 5614 4471 4273
f 5614 5612 4471
f 4477 4704 4689
f 5615 5619 5617
f 4270 5614 4273
f 4511 4270 7961
f 4511 5614 4270
f 4477 4478 5615
f 4477 5613 4478
f 4472 4473 4478
f 5615 5616 4704
f 5615 5617 5616
f 4699 4701 6815
f 4702 4704 4703
f 5618 5619 4511
f 5616 4703 4704
f 5616 4513 4703
f 4511 7961 5618
f 4512 4508 5617
f 4512 5618 8502
f 4507 5620 4508
f 4507 4509 5620
f 4508 5620 4513
f 5618 4512 5619
f 4507 4508 4512
f 4508 5616 5617
f 4508 4513 5616
f 4478 5619 5615
f 5619 4512 5617
f 5622 4509 4506
f 4504 4506 4505
f 4544 4541 4506
f 5621 4544 4506
f 5621 8502 4544
f 5620 4699 4513
f 5620 5623 4699
f 5621 4507 8502
f 4506 4509 5621
f 4509 5622 5623
f 4698 4701 4699
f 4698 6821 6816
f 4510 4570 5622
f 5623 4698 4699
f 5623 4570 4698
f 5622 4570 5623
f 4506 4541 4505
f 4504 5622 4506
f 4504 4510 5622
f 4509 5623 5620
f 4507 5621 4509
f 4570 5626 6821
f 4562 5631 4563
f 5631 4562 4542
f 5627 5629 5625
f 5627 4566 5629
f 5630 4562 4563
f 4510 5630 5627
f 5626 4570 5625
f 4510 5627 5625
f 4510 5625 4570
f 5630 5628 5627
f 5630 4563 5628
f 4504 5630 4510
f 4504 4505 4562
f 4568 4706 6822
f 4564 4563 5631
f 4572 5632 4571
f 4572 4569 5632
f 4565 4567 6777
f 5626 5625 9605
f 4565 5632 4569
f 4565 9473 5632
f 4566 5628 4567
f 4566 5627 5628
f 4567 5628 4559
f 5629 4569 4572
f 4563 4559 5628
f 5600 5597 4467
f 5600 4466 5597
f 5633 4461 4451
f 5600 4467 4461
f 4459 5600 4461
f 4459 4276 4460
f 4466 5600 4460
f 5600 4459 4460
f 5633 4459 4461
f 4451 4447 5633
f 4277 5634 4278
f 4462 5633 5635
f 4462 4459 5633
f 4275 4462 5635
f 5635 5633 4447
f 5635 4269 4268
f 4277 4462 5634
f 4277 4276 4462
f 5635 4447 4269
f 5635 4268 4275
f 4271 5634 4272
f 4271 4278 5634
f 4275 4272 5634
f 4462 4275 5634
f 4258 4268 4267
f 4270 4273 5637
f 5637 5638 4270
f 4272 4258 5636
f 5637 5636 4274
f 4271 4272 5636
f 4271 4273 4278
f 4271 5637 4273
f 5636 5637 4271
f 4258 4272 4268
f 4252 5636 4258
f 4275 4268 4272
f 4257 4258 4267
f 4274 5636 4252
f 4252 4257 4253
f 4252 4258 4257
f 4252 4254 4274
f 4252 4253 4254
f 5638 4274 5604
f 5639 4548 8534
f 4254 4253 4256
f 4256 4253 4260
f 5640 4549 4256
f 4254 5604 4274
f 4254 4549 5604
f 5638 5637 4274
f 7961 5639 8534
f 7961 5638 5639
f 5638 7961 4270
f 4549 4254 4256
f 5624 4544 8534
f 5624 4541 4544
f 4546 5642 8535
f 5641 5640 4540
f 4547 8535 5624
f 5624 4548 4547
f 5624 8534 4548
f 4546 5640 5641
f 4546 4547 5640
f 5604 5639 5638
f 5604 4548 5639
f 4540 5640 4256
f 4541 4543 4542
f 4545 4561 5642
f 4546 5641 4535
f 8535 4543 4541
f 4546 4535 5642
f 8535 4541 5624
f 4561 4543 5642
f 8535 5642 4543
f 5642 4535 4545
f 4548 4549 4547
f 4548 5604 4549
f 4542 4543 4561
f 5644 4545 4535
f 5644 9003 4545
f 4533 4545 9003
f 5647 4561 4533
f 4542 4561 5631
f 4534 5644 4535
f 4534 4535 5641
f 4545 4533 4561
f 9003 5644 4537
f 5648 4560 4556
f 7731 4564 5647
f 5649 7731 4533
f 5649 4557 7731
f 4555 5643 5646
f 5646 4537 4554
f 5647 4564 5631
f 5643 5649 5646
f 5643 4557 5649
f 5631 4561 5647
f 4556 5645 6777
f 4556 6777 4558
f 5643 4555 5652
f 5652 5650 5648
f 5647 4533 7731
f 4557 5648 4556
f 5648 5650 4560
f 5648 4557 5643
f 6776 6777 5645
f 4405 4403 4404
f 4550 9555 8536
f 4560 5645 4556
f 4552 9555 4555
f 4550 5650 5652
f 5651 4560 5650
f 4402 5650 4550
f 4402 5651 5650
f 5652 5648 5643
f 9650 4400 5653
f 4405 4404 7730
f 5653 4405 5651
f 5653 4403 4405
f 4400 4399 5654
f 4400 4401 4403
f 4444 4402 4553
f 4400 4403 5653
f 4405 4560 5651
f 4402 4444 9650
f 4494 4492 4404
f 4494 4488 4492
f 4444 4551 4445
f 4403 4494 4404
f 4403 4401 4494
f 4446 4444 4445
f 4401 4400 5654
f 5654 4399 8537
f 4402 4550 4553
f 4446 4399 4444
f 4401 4490 4488
f 8537 4441 4439
f 8537 4399 4446
f 4293 8537 4439
f 4441 8537 4440
f 4293 4439 4294
f 4399 4400 9650
f 5654 9471 4490
f 5654 4490 4401
f 4441 9372 4290
f 4293 9471 5654
f 4293 4294 9471
f 4440 9372 4441
f 4481 4289 4480
f 4441 4291 4439
f 4479 4480 4289
f 4479 4730 4480
f 4292 4291 4289
f 4292 4439 4291
f 4480 4726 4482
f 4725 7722 4723
f 4723 7722 4387
f 8507 4724 4381
f 4382 4386 8507
f 4724 4482 4726
f 4726 4730 4731
f 4730 4726 4480
f 4726 4731 4727
f 4721 4725 4723
f 4721 4724 4725
f 4324 4390 4329
f 4389 4725 4386
f 4382 4384 4390
f 4380 4379 4383
f 4390 4386 4382
f 4381 4727 4380
f 4381 4726 4727
f 4381 4380 4382
f 4383 4382 4380
f 8507 4381 4382
f 4682 7747 7962
f 4682 4669 7747
f 4687 4679 4686
f 4687 4683 4684
f 4683 4675 6813
f 7005 5262 7008
f 5655 5322 7104
f 5656 5261 7067
f 4995 5262 7005
f 5339 5340 7932
f 5339 5327 5340
f 5325 5323 7104
f 5331 5330 5324
f 5000 4990 4999
f 5325 5324 5323
f 5655 5323 4989
f 5655 7104 5323
f 5261 7006 7067
f 5001 8528 5655
f 5322 5327 7964
f 5317 7077 7070
f 5318 7077 7049
f 5323 5332 4989
f 5323 5324 9556
f 5327 5656 5340
f 7077 5326 5319
f 5318 5320 7963
f 3733 3727 3730
f 3733 3734 5508
f 6074 5658 7105
f 8652 8013 7965
f 7966 8358 5757
f 7226 5731 7115
f 8761 8256 9427
f 5820 5785 8023
f 5784 8827 1566
f 5790 5788 5791
f 5789 5791 5788
f 8762 7231 7140
f 9146 8741 8740
f 7975 8026 7971
f 8358 8765 7976
f 7983 8289 7984
f 8369 5899 5875
f 7178 7183 7179
f 8892 8306 7993
f 5965 6096 5964
f 9043 8781 8388
f 6031 6099 6046
f 6046 5989 5987
f 5671 7965 8013
f 8359 9100 8869
f 5774 9301 8863
f 5810 8658 5799
f 5762 7971 9211
f 9101 8750 8671
f 7167 7157 7166
f 7237 5878 5873
f 8298 8299 7173
f 8043 5909 9009
f 8682 7170 9054
f 7173 8299 5884
f 6096 5965 5963
f 6035 5978 9136
f 8897 7254 7255
f 7249 7212 8573
f 7212 7248 8573
f 7219 6056 8009
f 7252 8406 8329
f 121 7264 5658
f 147 6074 6075
f 5675 148 6075
f 148 147 6075
f 6074 121 5658
f 164 174 5660
f 5660 5662 164
f 165 164 5662
f 170 178 5664
f 174 5663 5660
f 5665 5663 176
f 178 5667 5664
f 178 177 5667
f 9012 322 5740
f 188 5664 5668
f 188 5668 189
f 5666 189 5668
f 8414 8925 5673
f 5674 8414 5673
f 5710 5680 203
f 203 223 5710
f 222 5710 223
f 5710 222 5721
f 5692 5689 239
f 240 7272 5690
f 240 5690 5703
f 7272 5689 5690
f 241 242 5715
f 241 5715 5712
f 246 240 5703
f 5703 5706 246
f 256 8417 5694
f 261 260 5723
f 5694 261 5723
f 8417 261 5694
f 5712 5723 260
f 239 8418 5692
f 5698 5692 8418
f 255 5697 5698
f 262 255 5698
f 8418 262 5698
f 255 275 5714
f 255 5714 5697
f 319 189 5666
f 152 5659 5679
f 156 5709 6077
f 5672 7266 6077
f 7266 156 6077
f 5741 5730 5731
f 5676 199 5674
f 199 8414 5674
f 5739 228 5738
f 5733 5683 575
f 231 233 5682
f 231 5682 5685
f 233 575 5683
f 233 5683 5682
f 232 231 5685
f 232 5685 5686
f 5714 274 6079
f 283 248 5720
f 6079 283 5720
f 9521 5676 5684
f 6078 290 5726
f 298 576 5719
f 5734 5719 576
f 5719 5737 298
f 577 5718 5724
f 5726 577 5724
f 5734 578 5684
f 576 578 5734
f 580 5727 6080
f 577 579 5718
f 5737 5695 299
f 5722 5735 312
f 5735 5733 575
f 575 312 5735
f 228 318 5738
f 5711 5738 318
f 318 232 5711
f 5708 319 5666
f 322 5741 5740
f 1207 5744 1211
f 1228 1227 5707
f 5742 5707 1227
f 5777 1228 5707
f 1235 1228 5777
f 1244 5755 5748
f 1257 1255 5750
f 5750 5756 1257
f 5753 1263 5751
f 5755 1262 5753
f 1264 5749 5754
f 1255 5754 5750
f 1264 5754 1255
f 1258 1274 9274
f 1254 1257 5756
f 5699 5701 1300
f 1300 1299 5699
f 8814 8667 1301
f 1299 1301 8667
f 1299 8667 5699
f 1310 5725 5800
f 1309 5800 5762
f 1322 5769 5802
f 1323 1327 5764
f 1327 1322 5802
f 5802 5764 1327
f 1324 1323 5767
f 5764 5767 1323
f 5688 5768 1337
f 1338 1341 5772
f 5772 9557 1338
f 5806 1324 5767
f 1341 5693 5772
f 5763 1345 5768
f 5768 1345 1337
f 1386 1338 9557
f 5705 5766 2393
f 1371 2395 5701
f 2395 1300 5701
f 5705 1371 7968
f 5701 7968 1371
f 8939 5816 5774
f 1275 1277 5776
f 8814 1418 9192
f 1301 1418 8814
f 1419 1718 5823
f 9192 1419 5669
f 1418 1419 9192
f 1451 1450 5778
f 1565 1451 5779
f 5779 5783 1565
f 5778 5779 1451
f 5785 5820 9481
f 9481 9215 5785
f 9215 1476 1478
f 1567 1565 5783
f 5783 5784 1567
f 1566 1567 5784
f 1718 2415 2413
f 1718 9482 5824
f 5823 1718 5824
f 5669 1419 5823
f 6082 6081 2418
f 2418 2417 5790
f 2418 5790 6082
f 1754 1566 5781
f 1754 5781 5791
f 5791 5789 1754
f 2417 1754 5788
f 2417 5788 5790
f 1754 5789 5788
f 2426 2425 5868
f 2425 5851 5868
f 5796 5795 1219
f 5678 1417 5795
f 5795 1417 1220
f 1219 1218 5796
f 1375 1235 5777
f 1375 5777 5760
f 2382 1238 6085
f 1367 1287 5805
f 5776 5752 1275
f 2383 1279 5812
f 1279 5798 5812
f 5812 5761 2383
f 1381 1318 5804
f 1337 1352 5688
f 5765 5688 1352
f 5773 5816 9212
f 6086 2389 5691
f 2390 1367 5808
f 1367 5805 5808
f 5807 2392 5766
f 5691 2387 5807
f 5814 2390 5808
f 5809 2394 5814
f 5810 5799 2382
f 2382 6085 5810
f 5811 5776 1277
f 1238 6084 6085
f 6084 1375 5760
f 5803 1381 5804
f 5756 5798 1254
f 9557 5773 1386
f 9212 1386 5773
f 6086 5815 2388
f 1413 5717 5716
f 5713 5757 1416
f 5775 1417 5678
f 1412 1417 5775
f 5717 1412 5775
f 2397 2399 5837
f 5837 5838 2397
f 2399 2398 5832
f 5832 5837 2399
f 5818 8942 5838
f 2397 5838 8942
f 5836 6087 1478
f 1480 1433 8942
f 5818 5836 1480
f 1478 1479 1480
f 1450 2400 5819
f 2400 5820 5819
f 5825 5786 2409
f 1564 2409 5786
f 1564 5786 5787
f 5787 1559 1564
f 1664 1656 5822
f 1664 5822 5759
f 1665 7384 5757
f 1665 5757 5702
f 5700 5822 6283
f 5700 6283 5702
f 5826 6296 5670
f 1716 6296 5826
f 2409 7256 5825
f 9407 6299 5827
f 9407 5827 5771
f 5758 5670 1717
f 5821 5833 5829
f 2413 5833 9482
f 5831 9231 9441
f 2420 2418 6081
f 2419 2303 5792
f 2303 5794 5792
f 5792 5835 2419
f 5866 2281 7516
f 7512 5866 5842
f 7512 5842 2431
f 2420 6081 6083
f 2421 2423 5782
f 2421 5782 5839
f 5782 2423 2422
f 5782 2422 5869
f 5831 9441 5817
f 5817 9347 5839
f 2421 5839 9347
f 5842 5840 2431
f 5846 5857 2428
f 2428 5860 5846
f 2429 2431 5840
f 5860 2429 5840
f 9534 6495 8680
f 8873 6494 7161
f 6494 8873 6495
f 8673 8876 2433
f 9534 8673 2433
f 2435 8087 8089
f 8088 2435 8089
f 2448 2446 5849
f 2448 8562 8289
f 5849 8562 2448
f 2446 5861 5849
f 7983 6503 8289
f 5863 5865 2449
f 9346 2449 5865
f 9346 5865 5851
f 2450 8962 5843
f 5854 2450 5843
f 8955 2450 5854
f 2451 2428 5857
f 5857 5843 2451
f 5848 2295 2179
f 5859 2292 5845
f 2292 5847 5845
f 5847 2295 5848
f 5864 5863 2449
f 5864 2449 5867
f 5867 2454 5841
f 5793 9638 9651
f 7516 5793 5852
f 5835 5834 2455
f 5869 2456 5870
f 2422 2456 5869
f 2995 5878 5877
f 5899 2998 5875
f 5877 5875 2995
f 2998 2995 5875
f 3018 5874 5876
f 3018 3028 5874
f 3021 3018 5876
f 3021 5876 5873
f 3028 3026 5894
f 3028 5894 5874
f 5879 5880 3059
f 5880 5883 3039
f 5883 5881 3041
f 3041 3039 5883
f 3044 3045 5882
f 5882 5888 3044
f 3045 3041 5881
f 5881 5882 3045
f 5885 3054 5886
f 3055 3044 5888
f 5888 5887 3055
f 5886 3058 5887
f 3058 3055 5887
f 3060 3053 5780
f 5780 5879 3060
f 5884 5892 3198
f 3070 3198 5892
f 3070 5892 8576
f 5903 5898 3047
f 5871 3083 5899
f 6088 3098 5900
f 3100 5918 5900
f 5907 5906 3119
f 3119 7609 5907
f 5908 3121 5998
f 7609 5908 5907
f 5909 3122 9358
f 5931 9423 8048
f 5931 5930 3136
f 5928 3134 5930
f 5928 5922 8469
f 3137 3119 5906
f 8470 3137 5906
f 5906 6089 8470
f 6093 3147 5913
f 8577 6089 6090
f 5913 3147 6090
f 3147 8577 6090
f 3034 3035 5940
f 6091 5940 3035
f 3191 5915 5916
f 6092 5903 3079
f 3047 3079 5903
f 5925 3154 6093
f 5919 9246 5925
f 3079 5902 6092
f 3172 5919 6094
f 5923 5937 8973
f 3448 3167 5927
f 3448 5927 5924
f 3167 3172 5927
f 3449 8973 5937
f 5937 5897 3449
f 5934 3451 3450
f 3452 5934 5932
f 5934 3450 5933
f 5933 3450 3448
f 8973 9361 5923
f 9275 3452 5932
f 3035 5896 6091
f 5896 3191 5916
f 3149 5936 5935
f 3193 5929 5936
f 3027 5940 5872
f 5926 9652 9644
f 3198 7607 5941
f 4092 4089 5944
f 5944 4089 5945
f 5893 5943 4072
f 4072 4090 5893
f 9367 5889 8051
f 5890 5954 4114
f 4112 5890 4114
f 5890 4112 5891
f 4112 9367 5891
f 4121 4122 5942
f 5942 5953 4121
f 5895 5942 4122
f 4135 5951 6010
f 5952 4124 5954
f 4124 4114 5954
f 5889 4110 5950
f 7708 9495 4121
f 5953 5950 7708
f 4122 4137 5895
f 6008 4153 5949
f 5949 4071 5946
f 4158 5219 6033
f 8840 4160 8570
f 4160 4158 9276
f 5961 4167 6006
f 4167 4169 6006
f 6006 4152 6008
f 4184 6018 5905
f 4184 9544 6018
f 5966 6018 9544
f 4185 5966 9544
f 4192 4193 5967
f 4194 9545 5959
f 5959 5920 4194
f 5977 5967 4193
f 4193 4201 5977
f 4201 5968 5977
f 4209 4192 5976
f 6095 5975 4225
f 4231 4225 5910
f 4231 5910 5981
f 5981 6033 5219
f 5219 4231 5981
f 4225 5975 5910
f 4245 4135 6010
f 4245 6010 5955
f 4159 4160 8840
f 4159 8840 9653
f 4288 4159 9653
f 5989 4341 5987
f 4429 4428 5993
f 5990 5993 4428
f 4428 4430 5990
f 8998 8091 8093
f 6034 5996 8091
f 5978 6035 4288
f 8091 4288 6035
f 8091 6035 6034
f 7874 5241 6032
f 7874 6032 5964
f 6102 6032 5241
f 5991 4621 5965
f 4430 4621 5991
f 5963 5965 4621
f 4620 7874 5964
f 4620 5964 6096
f 4621 4620 6096
f 4621 6096 5963
f 5972 4081 6003
f 4081 5212 6003
f 6028 5948 4100
f 4106 6007 6005
f 4105 4106 6005
f 4140 4245 6014
f 6013 4141 5984
f 5213 4140 6015
f 4141 4144 5984
f 5967 5976 4192
f 4213 5971 6004
f 4213 6004 6029
f 6020 6022 5221
f 5221 5220 6020
f 5962 5224 6017
f 6095 4187 5970
f 6023 6017 6027
f 5224 6027 6017
f 6007 5213 6024
f 5213 6015 6024
f 6028 4105 6005
f 4100 4105 6028
f 6011 5895 4137
f 4247 5969 5985
f 4209 5976 5973
f 5220 4209 5973
f 6020 5220 5973
f 5983 9470 5958
f 6019 6003 5212
f 5212 4285 6019
f 6019 4285 5983
f 5226 4310 6097
f 4309 5226 6042
f 6097 6042 5226
f 5225 6047 6097
f 6098 6047 5225
f 6098 9258 4348
f 6101 6098 4348
f 5988 6099 9377
f 6031 5227 6099
f 6031 5987 4341
f 4341 5230 6031
f 6039 5233 4309
f 5994 5233 6039
f 4424 5233 5994
f 6037 7734 4427
f 5994 5995 4424
f 5997 9371 5995
f 5979 4530 5974
f 4531 4530 5979
f 4530 8203 5974
f 5911 5960 7729
f 7729 7257 5911
f 5979 5980 4531
f 4532 5980 5982
f 5947 5956 8204
f 6787 7258 6036
f 6038 5912 8203
f 4584 6038 8203
f 4584 7259 5957
f 5239 8998 8093
f 5240 5238 6041
f 5238 5239 6041
f 5241 6072 6102
f 5999 5251 6001
f 6001 5141 6000
f 6044 5243 6067
f 6066 6067 5243
f 6048 5248 5247
f 5986 5248 6048
f 5249 5248 5986
f 5249 5986 6073
f 6045 5246 6041
f 5240 6041 5246
f 5247 5246 6045
f 5247 6045 6048
f 6054 6066 5132
f 5243 5125 6066
f 5255 6065 6053
f 5132 5254 6054
f 5254 5255 6053
f 5254 6053 6054
f 5134 6055 6052
f 8329 5257 8791
f 2437 2436 9015
f 5259 8095 8094
f 6063 8793 9389
f 6057 6063 9389
f 6057 5267 7877
f 9389 5267 6057
f 8400 7260 8719
f 7260 8400 5269
f 7877 7010 6059
f 8400 6059 7010
f 5271 5169 5250
f 5271 5250 6060
f 5854 6049 8955
f 5272 8955 6049
f 5255 5273 6051
f 5255 6051 6065
f 6049 6051 5273
f 5027 8993 6056
f 5134 6052 6064
f 7217 5134 6064
f 6058 5027 6056
f 6060 6061 5271
f 6068 5271 6061
f 9549 6044 6002
f 5274 9549 6043
f 6030 5276 5992
f 5277 5276 6030
f 7878 5277 6070
f 7878 6070 6000
f 6030 6070 5277
f 5275 5249 6073
f 6073 5992 5275
f 5276 5275 5992
f 15 6103 1105
f 7352 8 7
f 6104 19 20
f 28 33 31
f 32 6103 15
f 26 32 15
f 36 6105 37
f 6125 9278 41
f 9334 45 47
f 41 6108 6125
f 6108 6109 49
f 6110 59 61
f 6111 60 61
f 6112 6113 65
f 6114 6115 6112
f 65 66 6114
f 67 6115 6114
f 6115 64 77
f 6118 6116 6117
f 6116 6253 6105
f 6117 6105 36
f 36 61 7262
f 6118 6117 7262
f 67 6118 7262
f 8917 6121 71
f 6125 6119 73
f 70 6119 72
f 6120 75 49
f 6121 75 76
f 72 6108 49
f 6108 72 6119
f 8918 6122 6112
f 8918 6112 77
f 77 64 71
f 6123 8918 9635
f 6124 399 395
f 427 430 8420
f 396 433 399
f 431 433 9566
f 6126 473 474
f 473 471 426
f 474 475 479
f 584 586 587
f 6127 585 587
f 6128 589 582
f 582 585 6128
f 6129 591 6130
f 6131 6130 592
f 6131 6132 593
f 8097 586 590
f 590 6131 8097
f 8096 8097 593
f 6134 598 6133
f 6128 6134 589
f 6128 598 6134
f 6127 588 6135
f 6135 598 6128
f 600 601 7568
f 624 606 605
f 6137 6136 615
f 6136 604 615
f 603 602 616
f 619 7282 621
f 621 624 6137
f 624 6136 6137
f 6137 619 621
f 6139 591 6140
f 6141 6140 6142
f 6141 623 6144
f 6141 6144 622
f 6142 607 6143
f 606 6143 607
f 606 623 6143
f 6141 6143 623
f 621 620 6144
f 621 6144 623
f 631 6148 8101
f 8101 632 631
f 627 9417 6145
f 8113 8102 634
f 6138 613 7287
f 628 7287 613
f 617 7287 7285
f 6148 640 641
f 6148 631 640
f 643 6151 6150
f 6150 6149 8928
f 633 645 644
f 643 645 6151
f 6146 6151 645
f 646 645 643
f 649 6156 6158
f 6152 647 649
f 6152 6153 642
f 650 651 649
f 9 7352 6154
f 653 6154 7352
f 6155 20 6154
f 20 6155 654
f 653 655 6155
f 6155 8103 654
f 6156 21 6104
f 20 654 6104
f 6156 6104 654
f 6157 643 6150
f 6149 641 6153
f 6158 6153 6152
f 6158 6156 654
f 654 8928 6158
f 6157 6150 8103
f 654 8103 8928
f 680 6159 679
f 6159 681 6162
f 679 6159 6161
f 6159 6162 6160
f 6161 6160 675
f 6162 682 48
f 683 6109 46
f 690 6163 689
f 7295 8578 8930
f 6164 6113 6122
f 6164 692 691
f 6163 690 691
f 691 692 6166
f 6165 9279 7289
f 694 693 7291
f 696 6169 6168
f 6169 697 6170
f 695 6168 772
f 694 6170 697
f 698 697 6171
f 6171 6169 696
f 699 700 698
f 701 6172 6173
f 6172 6113 6164
f 6173 6164 691
f 701 6173 702
f 691 690 6174
f 693 6174 6167
f 693 702 6174
f 6173 6174 702
f 693 694 8929
f 700 699 6175
f 6175 702 8929
f 9525 732 7292
f 732 9525 733
f 734 9525 9465
f 730 6176 767
f 732 735 6176
f 6177 8104 741
f 6178 6177 737
f 740 742 743
f 743 6179 738
f 752 754 755
f 770 6180 733
f 768 6181 6182
f 6181 733 6180
f 6182 6180 771
f 6181 732 733
f 695 772 771
f 6167 7294 8579
f 6183 773 8579
f 773 8105 9338
f 774 6586 744
f 744 775 774
f 7295 775 742
f 6184 740 7293
f 730 7293 740
f 8578 7294 689
f 8578 7295 6184
f 6184 7293 6185
f 6185 6183 8579
f 6185 8578 6184
f 6187 774 6186
f 6188 781 6187
f 679 6161 782
f 6161 675 783
f 806 6680 6189
f 6189 7299 806
f 600 836 6584
f 603 601 840
f 851 853 7300
f 850 6192 637
f 6192 850 6191
f 638 639 6193
f 639 637 6192
f 6193 6192 6588
f 6588 6587 6193
f 6193 672 638
f 6194 9339 6201
f 6196 870 867
f 9422 8423 871
f 6197 872 7304
f 8108 7305 8106
f 8107 7304 873
f 873 872 874
f 869 868 8107
f 7652 7306 7310
f 878 8108 8964
f 8108 8106 7571
f 7311 6200 883
f 883 6198 7311
f 8964 6198 6199
f 6200 885 883
f 880 6199 886
f 1165 896 895
f 7314 891 7566
f 6190 836 7567
f 912 8425 900
f 900 8425 7569
f 8424 6194 6201
f 871 8931 6197
f 899 7572 7317
f 876 874 909
f 9588 952 951
f 954 952 953
f 955 9588 934
f 973 6189 807
f 864 8428 975
f 6203 973 974
f 975 6203 974
f 65 6113 6204
f 6204 6172 701
f 701 1052 6204
f 6175 699 6205
f 6213 6205 699
f 6206 1052 6205
f 701 6205 1052
f 6206 1053 6207
f 6206 6207 1052
f 6208 6218 66
f 65 6208 66
f 6204 1052 6208
f 6207 6208 1052
f 698 6171 6210
f 6171 696 6209
f 6210 6209 1054
f 6211 1055 6210
f 1054 1056 6211
f 1057 1055 6211
f 6206 6212 1053
f 6213 1055 6212
f 1057 6212 1055
f 6213 699 698
f 1058 1059 6214
f 6215 1060 6214
f 1058 6214 1060
f 6215 1061 1062
f 1062 1053 6216
f 6212 6216 1053
f 1057 1060 6216
f 6211 1056 1057
f 1056 1058 1057
f 1063 6563 6217
f 6563 6253 6116
f 6217 6116 6118
f 1063 6217 1064
f 6118 66 6218
f 6208 1064 6218
f 6217 6218 1064
f 6207 1053 6219
f 1062 6219 1053
f 6208 6219 1064
f 1062 1061 6220
f 6564 6220 1061
f 1063 1064 6220
f 6219 6220 1064
f 1070 6222 7323
f 6222 591 6129
f 6223 7322 1072
f 6224 1071 1069
f 8110 1065 7325
f 592 6130 6225
f 6130 591 6139
f 6225 6139 622
f 6144 620 9016
f 622 9016 6225
f 6226 1074 1075
f 1075 6227 6226
f 9016 6226 6225
f 6227 594 592
f 6226 6227 6225
f 8111 7326 7329
f 618 7328 7282
f 7332 8111 7330
f 9063 7279 7334
f 1079 7335 7331
f 7337 8112 7336
f 9654 7342 8112
f 9440 9210 7338
f 8114 7337 7339
f 1081 8113 634
f 7553 1078 7343
f 8112 7342 1077
f 6229 6228 644
f 646 6230 7347
f 7347 6231 1086
f 1085 646 7347
f 1088 6508 7345
f 6231 1089 1086
f 6230 643 6157
f 6234 6157 655
f 6235 1093 6234
f 7351 6231 8581
f 7352 1096 653
f 1094 1096 1097
f 6235 655 653
f 6235 1096 1094
f 6236 7348 1098
f 7348 7353 1098
f 1101 7350 1100
f 1087 6231 7351
f 6237 1102 7351
f 15 1105 16
f 6240 1108 1109
f 6241 1099 1098
f 1104 6239 1109
f 6241 1104 1109
f 6242 29 7354
f 1111 6242 1110
f 6103 32 6243
f 6242 6243 32
f 1115 6245 6247
f 6245 1116 6246
f 6247 6246 1117
f 6247 1118 6249
f 6247 6249 1115
f 1117 1119 6248
f 1120 1118 6248
f 6247 6248 1118
f 1120 8429 7355
f 6249 1113 8935
f 6250 1106 8934
f 1111 1110 8429
f 6248 1119 1121
f 1121 8934 1120
f 6251 1116 6245
f 6252 6245 1115
f 6252 1123 8582
f 6252 8582 1122
f 8935 1113 7357
f 7357 1124 7356
f 9340 1124 7357
f 1112 7359 8117
f 1128 1127 6254
f 9434 9281 1127
f 1127 1128 8430
f 1125 1124 1128
f 6255 1162 1163
f 1163 1164 6255
f 7568 599 1165
f 599 607 6257
f 6256 6257 607
f 6257 6258 599
f 6259 1162 1161
f 6259 6258 6257
f 6259 6257 1166
f 1160 8583 1167
f 897 896 1167
f 6142 6140 6260
f 6140 591 6222
f 6260 6222 1070
f 1070 1168 6260
f 1070 6224 7362
f 1169 1162 1166
f 6256 607 6142
f 6260 1168 6256
f 1166 6256 1168
f 6261 1162 1169
f 9593 1297 1298
f 1405 7369 1408
f 9213 1405 1408
f 1415 5717 1413
f 6263 1441 1442
f 6264 1459 1458
f 6265 1459 1457
f 1463 1464 1458
f 1467 1464 1466
f 6266 1444 1443
f 1466 6266 9214
f 1461 6264 7378
f 1465 1477 1475
f 1479 6265 1456
f 1479 1433 1480
f 1174 1486 1485
f 1484 9531 1485
f 1500 1498 1499
f 1439 6263 1512
f 6263 1442 1449
f 6267 7381 1519
f 1541 1543 1544
f 1548 1547 1546
f 1548 1550 1551
f 1556 1552 1551
f 1562 9217 1557
f 2409 1564 8438
f 1561 1555 1563
f 6269 6270 1582
f 6270 1578 1397
f 6271 1586 1584
f 1585 8584 1587
f 6272 1586 1587
f 1587 8584 6273
f 6273 1592 8440
f 1623 1622 1621
f 1848 1626 1625
f 1768 1576 1575
f 6274 6287 8443
f 1648 6275 9390
f 6274 9390 6275
f 6275 1648 1649
f 1650 6274 6275
f 1497 6319 1498
f 1652 6319 6276
f 1653 6276 1497
f 1648 6277 8943
f 1653 6277 6276
f 1648 1647 6277
f 1652 6276 6277
f 6277 1654 8943
f 6274 1650 1651
f 1661 1651 1650
f 1661 1650 6280
f 6275 1649 1650
f 6278 1660 1656
f 1656 1657 6278
f 1661 6279 1651
f 1659 6280 1655
f 6278 6280 1659
f 6278 1661 6280
f 6279 1657 1658
f 6279 1661 1657
f 6278 1657 1661
f 6281 7369 1662
f 1655 6281 1662
f 1654 6281 8943
f 1404 1414 7384
f 1657 6282 1658
f 6282 1656 1664
f 7384 1665 1663
f 1414 1416 7384
f 6283 1656 1660
f 1751 1668 1753
f 6304 9218 1670
f 1680 1682 8118
f 6284 7390 1685
f 1752 1683 1774
f 1689 1700 1688
f 1621 1538 6285
f 1700 1698 1697
f 1699 1623 1621
f 6287 9019 1645
f 1711 1710 6288
f 1546 1708 7386
f 1709 1711 6289
f 6290 1562 1557
f 1557 6268 6292
f 6290 6292 1713
f 6291 1714 1713
f 6292 1550 1712
f 1712 1713 6292
f 1712 6291 1713
f 6279 6293 7385
f 6288 6293 8119
f 6279 1658 6293
f 6288 8119 6294
f 6291 6295 1714
f 6294 6295 6291
f 6293 1658 6298
f 6290 1716 1562
f 1717 6297 1714
f 6290 6297 1716
f 6296 1717 5670
f 6297 6296 1716
f 6299 1715 6298
f 9407 1715 6299
f 9407 6300 1715
f 1717 1714 6300
f 6295 6300 1714
f 6299 5704 5827
f 1724 9058 1723
f 1485 6301 1174
f 6301 9531 1725
f 7389 6302 1728
f 6327 6303 1729
f 9520 1733 1399
f 6304 6305 1393
f 6305 6303 1734
f 1739 1737 1736
f 9224 1741 1739
f 1738 1741 1742
f 6307 6269 1744
f 6308 6307 1742
f 6309 1396 1732
f 6335 1748 1747
f 6311 1748 9221
f 1669 9219 1670
f 7389 9219 1750
f 7589 1576 1768
f 1767 1768 1628
f 7589 1769 1771
f 6310 1746 1745
f 1775 6310 1773
f 6311 1774 1773
f 1802 1721 1726
f 1804 6271 7393
f 1801 1800 1802
f 1805 1589 6312
f 1590 6312 1589
f 1588 1806 6312
f 1805 6312 1806
f 6273 8584 6313
f 1807 6313 8584
f 6313 1806 1588
f 1805 6314 7397
f 1805 1806 6314
f 1806 8120 6314
f 1585 6271 1804
f 1810 7394 9060
f 1810 1808 1807
f 8436 6315 1811
f 1808 9085 1811
f 6314 1482 7597
f 1809 1808 1811
f 1809 6315 1482
f 6316 1827 1828
f 1604 1829 1605
f 1832 1827 7590
f 1830 1819 1826
f 1828 1827 1832
f 6320 1834 1835
f 1646 1836 6320
f 1834 6320 1836
f 6317 1836 1837
f 1646 1837 1836
f 6318 1835 2829
f 1647 1835 6318
f 1839 1652 6318
f 6277 6318 1652
f 6319 1829 1498
f 1839 6319 1652
f 1645 1837 8443
f 6274 8443 1646
f 1647 6320 1835
f 9390 1646 6320
f 1841 6321 1703
f 6321 1840 9594
f 6325 1840 1841
f 6317 1837 6322
f 1842 1843 6322
f 1841 6323 6325
f 1842 6323 1843
f 1844 6325 6323
f 6323 1842 7402
f 6322 1837 1645
f 6324 7401 8121
f 1844 1709 1708
f 1879 2356 2357
f 6326 1770 1881
f 6333 6326 6489
f 2351 1883 2357
f 1911 1910 1909
f 6328 1912 1913
f 6327 1916 1736
f 6328 1916 6332
f 6330 6329 1918
f 1729 6302 1921
f 6332 7405 1920
f 1727 1750 9344
f 1727 1918 1921
f 1924 6330 9344
f 1746 1922 1747
f 1922 6334 1747
f 1777 1928 1779
f 6337 1955 1958
f 1956 8946 1955
f 6337 1958 1957
f 6339 6338 6340
f 6339 1957 6338
f 1958 6338 1957
f 6337 1957 6837
f 6339 6837 1957
f 1961 1963 1964
f 1964 6340 6338
f 6338 1962 1964
f 6340 1967 1968
f 1971 8122 1970
f 1970 1959 1971
f 1968 1971 6340
f 1959 6340 1971
f 1968 6446 1969
f 1973 7407 1972
f 1975 1973 7408
f 8947 1977 1978
f 6341 1963 1975
f 1984 2212 7409
f 7409 8123 8124
f 6479 1992 1989
f 8125 7413 7416
f 7423 8125 7419
f 8126 7411 7424
f 7426 2006 9020
f 8127 1998 9020
f 8128 7425 7429
f 7435 8128 8129
f 8130 7420 7434
f 2006 7435 8127
f 2013 2012 7434
f 2017 2018 7437
f 2019 2020 2021
f 6345 2022 2021
f 2023 2018 2017
f 6344 2016 6346
f 2019 2022 8133
f 6346 2022 2023
f 6347 2024 7497
f 6347 2025 6350
f 6347 6350 2024
f 6348 2018 2023
f 6350 2026 2024
f 2023 6345 6349
f 8135 2024 6349
f 6348 6349 2024
f 2027 2011 7431
f 7437 9062 8132
f 2027 6350 2025
f 6350 2028 2026
f 6351 2020 2029
f 6351 8134 6352
f 6352 6345 2021
f 2021 6351 6352
f 2032 2033 6353
f 2035 8949 2036
f 6355 2037 8448
f 6356 2037 6355
f 6356 2031 6357
f 2036 6357 2031
f 6356 6357 2037
f 6357 8949 6358
f 6354 2037 6358
f 6357 6358 2037
f 8135 6359 7497
f 6349 6345 6360
f 6352 6360 6345
f 6361 6362 6360
f 6352 2031 6361
f 6356 6361 2031
f 6356 6362 6361
f 6356 8950 6362
f 6359 6362 8950
f 6353 2033 6363
f 7439 9391 6363
f 8138 9297 9391
f 6364 9345 9391
f 6365 2041 7443
f 2039 7443 2041
f 8137 2041 6365
f 2038 8138 8137
f 7439 6414 6366
f 2039 2041 6366
f 6367 2044 2045
f 2043 6367 2046
f 6367 7441 6368
f 6369 2046 6368
f 6367 6368 2046
f 6369 2038 6370
f 8137 6370 2038
f 6369 6370 2046
f 2043 2046 6371
f 6370 6371 2046
f 2047 6453 7442
f 6354 2048 7442
f 6358 8949 6372
f 6373 2048 6372
f 6369 6373 2038
f 6369 2048 6373
f 6368 7441 6374
f 2047 6374 7441
f 6374 2048 6369
f 7443 2040 6375
f 6376 2049 6375
f 6376 2050 7444
f 6377 2049 7444
f 6376 7444 2049
f 6378 6377 8141
f 6378 2049 6377
f 6365 6378 2042
f 2051 2052 6379
f 2053 2054 6379
f 9022 2054 6380
f 2053 6380 2054
f 6377 2054 9022
f 7444 2050 6381
f 2051 6381 2050
f 6379 2054 6381
f 6377 7444 2054
f 6382 2057 6383
f 2058 6383 2057
f 6384 2059 6383
f 2056 6383 2059
f 2058 6452 6384
f 6385 2059 6384
f 6385 8141 6386
f 6385 6386 2059
f 6394 2056 2055
f 2056 2059 8142
f 6386 8142 2059
f 2043 2061 7440
f 2043 6371 9021
f 6378 9021 2042
f 2043 9021 2061
f 6378 8141 9021
f 6385 2061 8141
f 9021 8141 2061
f 6384 6452 6387
f 2060 6387 6452
f 7440 2061 6387
f 6385 6387 2061
f 6379 2052 6388
f 2062 6388 2052
f 6389 2063 6388
f 2053 6388 2063
f 2062 2064 6389
f 6392 6390 2063
f 6391 2055 8143
f 6380 8143 2055
f 2053 2063 8143
f 6390 8143 2063
f 2065 6391 6390
f 6392 2066 6496
f 6390 6496 2065
f 6389 2064 6393
f 9298 6393 2064
f 9298 2434 6393
f 6393 2066 6392
f 2065 6394 6391
f 6394 2065 8951
f 6382 2069 2057
f 2056 8142 2055
f 6391 6394 2055
f 6382 2056 6395
f 6395 2067 2069
f 8144 7448 7451
f 2076 8145 7452
f 2077 8144 7453
f 9285 7446 7455
f 8146 7414 7454
f 8148 9659 8147
f 8149 7456 7459
f 7475 7428 7461
f 2085 7463 8150
f 7466 8149 7462
f 1997 8145 2004
f 2081 7467 8148
f 8150 7427 7465
f 8153 7460 8151
f 8724 7472 8133
f 7476 8154 9023
f 2087 7477 8153
f 2014 7475 8131
f 2091 6513 8155
f 2092 7478 2093
f 6398 2094 6397
f 2095 2096 6398
f 2033 8157 6399
f 2032 8158 8795
f 2097 7482 8795
f 2096 2095 6400
f 6399 8157 6400
f 2093 7478 7482
f 8158 2030 7438
f 6402 2098 6401
f 6398 6401 2098
f 6403 2098 7483
f 6404 6403 7485
f 6404 2098 6403
f 6398 6404 2095
f 6398 2098 6404
f 6406 2102 6405
f 2100 6405 2102
f 6407 2102 9025
f 6403 6407 8447
f 7483 2099 2100
f 6403 7483 6407
f 6408 2040 6409
f 7443 2039 2040
f 6408 6409 2104
f 2039 6366 8139
f 2105 2104 8139
f 6409 8139 2104
f 6407 7484 8447
f 2105 6410 2104
f 6427 6411 2103
f 6408 2104 6411
f 6410 6411 2104
f 7439 6363 8136
f 6399 8136 2033
f 6399 2106 8136
f 6400 2095 6412
f 6399 6412 2106
f 6410 6413 8447
f 2105 2106 6413
f 6412 6413 2106
f 2105 8139 6414
f 8136 2106 6414
f 2105 6414 2106
f 6405 2101 6415
f 6416 6417 2107
f 6416 2108 6417
f 2109 2107 6417
f 6415 6416 2107
f 2111 6418 2110
f 6419 2107 6418
f 2109 6418 2107
f 2111 2103 6419
f 6406 6415 2107
f 2112 2113 7486
f 6430 7486 2113
f 2114 2115 7486
f 2117 6420 2116
f 2114 6420 2115
f 2117 2110 6421
f 6418 6421 2110
f 2109 2115 6421
f 6420 6421 2115
f 6417 2108 6422
f 2112 6422 2108
f 7486 2115 6422
f 2109 6422 2115
f 2051 6423 2052
f 2118 6423 2119
f 2051 2050 6424
f 2120 2119 6424
f 6423 6424 2119
f 2117 6425 2110
f 6426 2119 6425
f 2120 6425 2119
f 2117 2116 6426
f 2118 2119 6426
f 6376 6375 8140
f 6408 8140 2040
f 6408 2121 8140
f 2111 6427 2103
f 6428 2121 6427
f 6408 6427 2121
f 2111 2110 6428
f 6425 6428 2110
f 2120 2121 6428
f 6424 2050 6429
f 6376 6429 2050
f 8140 2121 6429
f 2120 6429 2121
f 2122 6430 2113
f 2114 6430 2123
f 9455 2126 6431
f 2126 9455 2123
f 2128 2116 6432
f 6420 6432 2116
f 2114 2123 6432
f 9455 6432 2123
f 6436 6433 2133
f 6433 2134 6434
f 6436 2127 6433
f 6431 6433 2127
f 2138 6435 2137
f 6440 2137 6435
f 2137 6440 2139
f 6436 2139 2127
f 6436 2137 2139
f 6436 2133 2138
f 2062 2052 6437
f 6423 6437 2052
f 2118 2140 6437
f 6426 2116 6438
f 2128 6438 2116
f 6439 2140 6438
f 2118 6438 2140
f 2128 2127 6439
f 2139 6439 2127
f 2139 2140 6439
f 2062 6440 2064
f 2062 6437 6440
f 2139 6440 2140
f 6442 9226 9026
f 6441 9026 2141
f 6442 9026 2143
f 6443 1965 1983
f 6444 6443 2145
f 6951 2152 2151
f 2152 2155 2149
f 1969 6445 8122
f 6446 2156 1969
f 2157 2158 7489
f 2153 6951 6954
f 6954 2156 7489
f 2144 6441 2158
f 2157 6446 7490
f 9226 8163 6447
f 6449 6447 8163
f 6447 2160 2141
f 2159 2155 7488
f 2166 2150 8586
f 6448 2166 8586
f 6449 2159 6447
f 6449 6450 2159
f 6450 2155 2159
f 7491 6448 2169
f 9227 2057 2069
f 7492 6451 2452
f 7493 2044 2060
f 2060 6452 2182
f 8452 2184 8161
f 6452 2184 2182
f 2047 7441 2190
f 2191 2189 2190
f 2045 2044 2181
f 6454 2192 2181
f 2191 2192 2193
f 2190 7441 2045
f 2187 2195 2193
f 8957 2198 2197
f 6455 2198 2195
f 6469 7497 6456
f 6359 6456 7497
f 6359 8950 6457
f 6458 2199 6457
f 6456 6457 2199
f 6460 2199 6459
f 6458 6459 2199
f 6460 9656 2199
f 6453 9027 6461
f 6458 2188 2201
f 2201 6459 6458
f 6457 8950 6461
f 6355 6461 8950
f 2202 2203 2197
f 2204 2203 2202
f 2201 6462 6459
f 6462 2203 2204
f 2203 8957 2197
f 2205 6463 6465
f 6463 2205 1987
f 6464 2206 6465
f 6464 2200 2206
f 6460 2206 2200
f 2206 6460 6462
f 2204 2206 6462
f 6465 6482 2205
f 2204 6465 2206
f 8588 2011 7496
f 7496 2025 6466
f 6466 2207 7496
f 6468 6471 2208
f 2207 2208 2209
f 6467 2210 9656
f 9656 2210 8162
f 6469 6456 8162
f 6467 6468 2210
f 6466 2025 6469
f 6347 6469 2025
f 6468 6466 2210
f 6463 8123 2211
f 2212 2211 8123
f 6470 6471 6467
f 7499 6471 6470
f 6467 2200 6470
f 6464 6470 2200
f 6464 2211 6470
f 2213 2209 2208
f 6471 7499 2213
f 7508 8130 7500
f 2215 7501 2218
f 2215 2216 2217
f 6472 2218 8588
f 6472 2216 2215
f 2218 2012 7433
f 1977 7502 7498
f 6473 2216 6472
f 6473 2209 2213
f 1972 7407 7510
f 2219 7503 1972
f 7855 7422 7505
f 6474 2224 2221
f 7509 7507 7508
f 1960 2226 7510
f 1960 8946 2226
f 2226 2223 2225
f 7509 2214 7504
f 1956 1955 2227
f 6475 2224 6474
f 6475 2223 2226
f 9226 6476 8163
f 6476 2229 2228
f 1988 6343 6477
f 6479 6478 2236
f 6477 1987 6480
f 2205 6480 1987
f 6481 6480 2238
f 6482 2240 2238
f 6483 2202 2196
f 2247 6483 2244
f 6449 8163 6484
f 2228 6484 8163
f 1298 6301 1725
f 1298 1725 8958
f 8452 8161 2176
f 1781 6485 1783
f 6486 2346 1781
f 9458 6329 2347
f 9459 9458 2347
f 1923 6333 2353
f 6488 6485 2348
f 6489 2354 2353
f 6490 2354 2350
f 2368 6491 2366
f 1562 7256 2409
f 2421 9460 2423
f 2068 2433 6492
f 6492 2433 6493
f 6495 2066 6494
f 2434 6494 2066
f 6495 6496 2066
f 6497 6501 8164
f 6498 8088 5861
f 2440 6499 7487
f 6500 2441 8165
f 6502 6498 2439
f 2438 6502 2443
f 2444 6547 7519
f 8164 6501 8165
f 2442 2441 2444
f 6435 6504 9298
f 2447 2138 2133
f 2447 2448 6503
f 7983 6504 6503
f 2434 5850 6494
f 2434 6504 5850
f 5850 6504 7983
f 2439 6505 8185
f 2439 6498 2446
f 2447 2133 6505
f 6451 2453 2452
f 8166 7280 7521
f 2461 7527 8167
f 8168 7522 7526
f 8169 8168 7529
f 8167 7449 7528
f 2464 7012 6506
f 6133 6506 7012
f 2459 9640 8166
f 2459 8169 9640
f 7538 7537 8171
f 8172 7533 7536
f 2079 7450 7525
f 7541 7540 7523
f 7542 8172 7540
f 8171 7457 7538
f 2467 7543 7532
f 7546 7341 1083
f 2474 9086 8174
f 8175 7547 7549
f 8152 8170 9028
f 2475 8175 7551
f 8174 7469 9028
f 1084 7545 7554
f 8176 7534 8177
f 2476 2478 9641
f 6507 2477 2476
f 2480 2477 6507
f 6508 2477 2480
f 6397 8156 9282
f 6509 6517 9282
f 6511 2479 6507
f 8156 2482 2481
f 6509 2481 6512
f 6511 6512 2481
f 2484 7556 8178
f 2483 7557 2482
f 6396 6513 6510
f 6513 2483 2482
f 2480 2479 2484
f 8589 2487 8590
f 6514 2101 8159
f 6405 8159 2101
f 6514 8159 2488
f 6520 8160 2099
f 2489 2488 8160
f 8159 8160 2488
f 2489 8454 2488
f 6528 6516 2486
f 6514 2488 6516
f 8454 6516 2488
f 9282 6517 6401
f 6509 2490 6517
f 6512 2478 6518
f 2491 7559 2478
f 6509 6518 2490
f 6515 8454 8589
f 2489 2490 6519
f 2489 8160 6520
f 7483 2098 6402
f 6517 2490 6520
f 2489 6520 2490
f 2487 8589 7559
f 2491 2478 2476
f 1107 6250 6521
f 6521 2492 1107
f 6522 2492 9559
f 2494 2492 6531
f 2494 1108 1107
f 2112 6523 2113
f 2495 6523 2496
f 2112 2108 6524
f 6525 2496 6524
f 6523 6524 2496
f 6525 2493 6526
f 6522 6526 2493
f 6525 6526 2496
f 6522 9559 6545
f 2495 2496 6527
f 6526 6527 2496
f 6416 6415 2101
f 6514 2497 2101
f 8592 8455 2486
f 6529 2497 6528
f 6514 6528 2497
f 6525 6529 2493
f 6525 2497 6529
f 6524 2108 6530
f 6416 6530 2108
f 2101 2497 6530
f 6525 6530 2497
f 8179 1108 2494
f 6529 8455 2493
f 2494 6531 8179
f 1117 6246 6533
f 6246 1116 6532
f 6533 6532 2498
f 2498 6534 6533
f 6533 6535 1117
f 6536 2499 2500
f 2502 6538 6537
f 6538 6534 8180
f 1117 6539 1119
f 1117 6535 6539
f 6535 6534 6538
f 6539 6538 2502
f 2131 2503 2504
f 6540 2511 2501
f 2495 6541 2510
f 6521 6250 6542
f 1121 6542 6250
f 1121 1119 6543
f 6539 6543 1119
f 2502 2513 6543
f 6542 6543 2513
f 2502 6537 6544
f 6537 2501 2511
f 6544 2511 6541
f 2502 6544 2513
f 2516 7059 2518
f 2519 2517 6546
f 9392 6549 9560
f 8593 2521 2514
f 2444 2522 6547
f 6548 2522 2444
f 6548 6551 6549
f 6551 9560 6549
f 2519 2522 6549
f 6548 6549 2522
f 6546 2518 6550
f 7061 6550 2518
f 6547 2522 6550
f 2519 6550 2522
f 2508 2499 2523
f 2524 6562 9560
f 2524 9560 6551
f 6548 6553 6551
f 6553 2526 6552
f 6551 6552 2524
f 6553 2441 6554
f 6554 2526 6553
f 2498 6532 6556
f 6532 1116 6555
f 6556 6555 2527
f 2527 6557 6556
f 6557 6561 6558
f 6556 6558 2498
f 6557 6559 6560
f 6560 2521 2520
f 6559 6557 2527
f 2520 9560 6562
f 2524 6561 6562
f 2499 6536 2525
f 1126 6253 6563
f 1063 2528 6563
f 1126 6563 2528
f 7561 6565 6564
f 6565 2528 6564
f 1063 6564 2528
f 9029 6254 9281
f 1126 2528 2530
f 6214 1059 6566
f 2531 6566 1059
f 2531 2533 6567
f 2534 2532 6567
f 6566 6567 2532
f 2534 2529 7561
f 7561 2532 2534
f 6215 8456 1061
f 2535 9484 6569
f 2536 2537 6569
f 2535 6569 2537
f 2534 6567 8182
f 6567 2533 8182
f 2534 8182 8181
f 2537 8728 8181
f 7360 9029 9609
f 2539 2538 7563
f 6571 2540 7564
f 2541 7358 1129
f 2536 6569 8183
f 6573 2542 6572
f 2536 8183 7563
f 6573 7088 6574
f 7088 6579 6574
f 2543 6575 6574
f 6575 2542 6573
f 2544 2515 6576
f 9283 8594 2515
f 2514 2545 6576
f 2514 2521 6577
f 6577 9232 2546
f 2546 6578 6577
f 6577 2545 2514
f 2546 2540 6578
f 9413 6578 2540
f 2543 2545 6578
f 2543 6574 6580
f 6580 6579 2544
f 6576 2545 6580
f 2543 6580 2545
f 2527 6555 6581
f 6555 1116 6251
f 6581 6251 1122
f 1122 2547 6581
f 6581 6583 2527
f 6582 2540 2546
f 2541 7564 8184
f 2546 9232 6583
f 6583 6559 2527
f 6583 2547 6582
f 6583 6582 2546
f 6584 836 837
f 2554 834 840
f 7567 2557 7566
f 611 614 616
f 608 599 7568
f 2557 896 897
f 840 601 6584
f 2558 601 603
f 2556 609 9575
f 852 845 853
f 901 7570 7569
f 901 8595 7570
f 910 2562 909
f 912 900 7317
f 899 898 7572
f 6255 1164 7361
f 6259 1161 1167
f 608 2558 605
f 2558 604 605
f 616 614 615
f 629 2563 627
f 747 1031 749
f 745 747 749
f 2583 748 747
f 2583 6586 777
f 6586 778 777
f 2578 1034 779
f 9588 956 959
f 2664 6587 855
f 749 751 6585
f 961 7318 1008
f 6202 952 954
f 6191 850 7300
f 6191 7300 847
f 6190 7587 2552
f 1398 1400 1391
f 1834 1836 1644
f 6322 1843 1701
f 6323 1841 1843
f 7588 2805 1820
f 7396 1805 7397
f 9493 1821 1825
f 6434 2134 2132
f 2130 2132 2134
f 6500 2443 2440
f 6499 2440 2443
f 6499 2439 8185
f 6552 2526 2523
f 6430 2122 2125
f 2130 2134 2135
f 2509 2510 2512
f 6558 2525 6536
f 2525 6558 6561
f 6561 2524 2525
f 8180 6534 2500
f 6534 2498 2500
f 6726 2878 2880
f 6643 2893 2894
f 8201 3339 2901
f 2887 2886 2904
f 2887 2904 2899
f 6590 6594 2907
f 7600 6589 8465
f 2913 2914 6607
f 6607 2914 2915
f 6592 2914 2913
f 6592 6593 2914
f 6594 2933 2905
f 6595 2936 2939
f 2940 2941 6596
f 6597 6596 2942
f 2940 6597 2944
f 2943 6597 2942
f 2910 2909 6598
f 6598 6707 2945
f 2910 6598 6599
f 6599 2936 2935
f 2945 2944 6600
f 6597 6600 2944
f 2943 6599 6600
f 6598 6600 6599
f 6601 6604 2946
f 2913 2946 6602
f 2946 2913 2948
f 2948 2937 2946
f 6603 2950 2949
f 6604 2950 6602
f 2922 6592 6602
f 2942 6596 9356
f 6596 2941 6605
f 9356 6605 2952
f 2947 2939 2942
f 3272 3276 3274
f 3322 3301 3271
f 8476 3304 8596
f 2948 6607 3346
f 6608 3347 3349
f 3345 3349 3347
f 3346 6607 6609
f 3353 6608 3346
f 3346 6609 3353
f 3307 3300 3348
f 6610 583 582
f 3453 8599 8186
f 8187 8974 8186
f 6611 3456 3454
f 6610 582 6612
f 6611 8187 6612
f 6610 6612 8187
f 6716 6613 6616
f 6616 3459 6716
f 6617 3456 3458
f 6617 3458 6615
f 6618 3455 8974
f 6617 6615 6618
f 8189 7622 7625
f 6134 6133 8100
f 7012 3462 8100
f 6612 589 6619
f 6134 6619 589
f 8100 3463 6619
f 6611 6619 3463
f 8190 7624 7626
f 3464 6620 3466
f 3471 6621 3470
f 3471 7630 6621
f 3479 6621 3478
f 3480 3468 3470
f 3484 3485 7629
f 3478 6621 6622
f 6622 3483 3478
f 3482 7633 3483
f 6750 6623 6625
f 6623 6614 6624
f 6625 6624 3486
f 3486 3487 6625
f 3472 3474 6626
f 6625 3487 6626
f 3472 6626 3487
f 7630 6622 6621
f 3484 6627 3485
f 3486 6627 3487
f 6628 8191 3494
f 6628 3496 3497
f 3489 3491 3497
f 3495 3490 7631
f 3497 3491 6629
f 6629 9363 9540
f 6637 8191 6628
f 6630 6637 9540
f 6630 9363 3499
f 7633 6631 3477
f 6631 7634 3492
f 6629 3491 3492
f 6632 3503 3502
f 3506 3503 8191
f 8191 3503 3494
f 6633 3508 3507
f 3509 6634 6636
f 6634 3507 6635
f 6636 6635 3510
f 3510 6635 9418
f 8489 8980 6638
f 6639 3515 3514
f 3514 3516 6639
f 3508 6633 6639
f 6639 3516 3508
f 3512 2896 3517
f 3519 6726 6640
f 2880 6640 6726
f 2893 6641 6640
f 6641 2893 3520
f 3520 8192 6641
f 6641 6642 3519
f 6643 3515 3520
f 3518 6643 2894
f 2893 6643 3520
f 6636 3510 6644
f 6639 6633 6645
f 6633 3507 6634
f 6645 6634 3509
f 6645 3515 6639
f 3520 6645 3509
f 3520 3509 8192
f 6636 8192 3509
f 3546 3547 3545
f 2923 6603 3548
f 6647 8975 2923
f 3547 6647 3548
f 2923 3548 6647
f 2918 6593 8975
f 3552 6648 3551
f 6654 3554 6649
f 3555 6650 3552
f 6650 3555 6649
f 3557 6605 6651
f 6605 2941 6651
f 6605 3557 2952
f 6652 3555 3552
f 3556 6649 3555
f 6653 6652 3553
f 7636 3553 6652
f 6653 6606 3558
f 3559 6654 3560
f 696 6168 6655
f 6168 695 6655
f 6657 6655 9596
f 9596 6656 6657
f 6656 3563 6657
f 6656 3562 3561
f 3561 3563 6656
f 696 6657 6658
f 6658 3563 3564
f 3565 3566 3564
f 3564 3563 3565
f 3556 6651 6660
f 6651 2941 6659
f 6660 6659 3567
f 3567 3568 6660
f 3560 6654 8193
f 6649 8193 6654
f 6660 3568 8193
f 3560 8193 3568
f 3565 6661 3566
f 6661 3568 3567
f 6662 3595 7668
f 6662 6663 3596
f 7641 6665 6664
f 6665 7641 6670
f 9466 3624 9032
f 3596 9032 7641
f 3603 6663 6666
f 6663 3603 9466
f 6667 6666 3602
f 3604 6668 7643
f 3600 3607 3604
f 770 3627 9597
f 3627 770 6665
f 3627 6665 6670
f 6671 6670 3625
f 6670 7641 3625
f 6655 695 9569
f 3628 3562 8479
f 6671 7642 3627
f 3626 3624 6673
f 6673 3629 3626
f 3629 3562 3628
f 3630 9646 6669
f 7643 6668 6675
f 3554 6654 6672
f 6673 3624 6675
f 6679 6677 8480
f 6674 3630 6677
f 8480 6677 3630
f 6677 6648 6674
f 3634 6678 3632
f 3632 6678 3633
f 6679 8480 8597
f 6646 3635 3541
f 8480 3630 3634
f 6189 6680 807
f 6680 3662 3661
f 7100 3465 3467
f 3699 6681 3698
f 3701 3694 3695
f 3708 3704 3711
f 3502 6682 3710
f 7103 3710 6682
f 3714 6682 6683
f 6682 3502 3504
f 6683 3504 3505
f 3505 3537 6683
f 6683 6684 3714
f 6685 3731 7645
f 6686 6687 3737
f 6687 870 3738
f 3739 6692 7648
f 6688 3741 3739
f 879 7651 7307
f 3747 7654 8482
f 3742 7662 3745
f 3752 6691 3751
f 3751 6689 3752
f 6689 3753 6690
f 3748 6690 3753
f 6691 3755 3754
f 7656 3757 7659
f 880 7659 7309
f 7658 6690 7655
f 8483 3465 3698
f 8195 8196 3760
f 6692 6685 7648
f 3730 3773 3734
f 3730 6692 3773
f 3739 3741 3774
f 3780 3743 7661
f 3780 3742 3743
f 3799 3823 3797
f 3825 3826 3612
f 6693 3827 3797
f 6680 3661 3843
f 3844 3661 3846
f 3567 6659 6694
f 6694 2941 2940
f 3567 6694 3910
f 3911 3566 6695
f 6661 6695 3566
f 3567 3910 6695
f 3911 6696 3913
f 6695 3910 6696
f 3912 6696 3910
f 2940 2944 6697
f 3912 3910 6697
f 6694 6697 3910
f 1054 6209 6698
f 6209 696 6658
f 6698 6658 3564
f 3564 6701 6698
f 6699 6698 6701
f 1054 6699 1056
f 6700 6699 6701
f 3911 3913 6700
f 6701 3566 3911
f 6702 1059 6703
f 1058 6703 1059
f 6704 6703 6705
f 3914 3915 6704
f 6700 3913 6705
f 3914 6705 3913
f 1058 1056 6706
f 6699 6706 1056
f 6700 6705 6706
f 6703 6706 6705
f 2945 6707 6708
f 3916 3917 6708
f 6697 2944 6709
f 2945 6709 2944
f 6708 3917 6709
f 3912 6709 3917
f 3914 3913 6710
f 6696 6710 3913
f 3912 3917 6710
f 3914 6711 3915
f 6710 3917 6711
f 3916 6711 3917
f 3919 3920 3918
f 6712 3920 3921
f 6714 3923 3457
f 3921 3920 3924
f 1073 7324 8599
f 3919 1065 8110
f 3924 3920 7671
f 3486 6624 8198
f 6624 6614 6613
f 8198 6613 6716
f 6716 8199 8198
f 3925 3485 6717
f 6627 6717 3485
f 3486 8198 6717
f 6718 3927 3925
f 3926 6718 8199
f 6716 3459 3926
f 3926 8199 6716
f 7680 7628 7672
f 3928 7673 7677
f 3925 7673 3485
f 7675 7688 7677
f 7678 8189 7900
f 7903 7676 7679
f 7672 3928 7687
f 6719 3936 3935
f 3937 7683 3933
f 3934 7689 3938
f 6720 6719 3935
f 3935 6723 3939
f 6638 8980 6721
f 8200 3942 3940
f 3942 8200 6722
f 6722 8980 9253
f 6724 9254 3941
f 3944 3942 3941
f 6723 3946 3939
f 3945 9254 7693
f 7691 7693 7690
f 6642 6644 6725
f 6644 3510 6721
f 6725 6721 8200
f 6725 3940 6727
f 6727 3940 3947
f 3940 3942 3948
f 6726 3950 3949
f 3947 7695 3951
f 3519 6642 6727
f 6727 3950 3519
f 3954 7694 7696
f 3954 3952 3951
f 3948 3942 3944
f 7695 3957 3955
f 2888 6726 3949
f 6729 2885 2888
f 6729 3952 3959
f 2887 3960 2886
f 7701 3960 3958
f 6731 6730 8490
f 9395 7701 3959
f 9395 7702 7700
f 6732 6731 3965
f 2886 6732 2904
f 2903 7703 8201
f 6733 3966 7703
f 6734 3969 6735
f 3970 6737 6736
f 6739 3974 8490
f 3974 3972 3965
f 6735 3969 6740
f 6741 6740 3975
f 6735 9396 6736
f 3977 9562 3976
f 3978 3976 7706
f 6741 7706 3976
f 7704 8730 2911
f 3977 7705 9562
f 6744 7079 9033
f 2908 3980 6743
f 6744 7935 7079
f 6743 3980 6744
f 3981 6744 3980
f 6745 7706 9034
f 3981 3979 3978
f 3982 7935 6744
f 4019 8608 7942
f 6746 4024 4022
f 4023 6746 4020
f 6751 3474 6747
f 3466 6747 3474
f 3466 6748 6747
f 6749 4024 4025
f 4025 6747 6749
f 6747 6748 6749
f 4026 4021 4022
f 4026 3767 4021
f 3922 6713 8600
f 6713 6614 6623
f 8600 6623 6750
f 6750 4027 8600
f 4027 4028 8600
f 6750 6626 6751
f 6626 3474 6751
f 4025 4027 6751
f 6750 6751 4027
f 4358 4360 4078
f 4032 4157 7709
f 5217 7709 4157
f 4266 6752 4267
f 4280 4281 4279
f 6753 4280 4286
f 4284 4283 9256
f 5960 8092 7729
f 5960 5958 8092
f 6757 4313 4311
f 7712 4325 4305
f 6754 8984 9260
f 6755 4316 4332
f 4317 6755 4333
f 6755 8202 4333
f 4330 4346 7717
f 4032 4353 4033
f 7746 4353 4352
f 4365 4697 7720
f 4377 6757 4312
f 4378 6757 4377
f 6758 7722 4322
f 4406 4409 4407
f 4413 4411 4412
f 4414 4415 4413
f 6759 4422 4426
f 7724 4420 4419
f 7734 4426 4427
f 4426 4419 4425
f 6760 6761 4453
f 6761 4265 4448
f 9398 4454 7726
f 4455 7745 7726
f 6762 7727 4453
f 4457 6763 4456
f 4455 6764 7745
f 6764 4458 4457
f 4443 4634 4499
f 4516 6767 6769
f 6767 6766 4515
f 6769 6767 4518
f 4517 6767 4515
f 4517 4515 6765
f 6768 4364 4363
f 4364 6768 4519
f 4364 4519 4520
f 4520 4519 6769
f 6769 6818 4516
f 6769 4519 6818
f 6768 6818 4519
f 6769 4522 4520
f 6765 4523 4517
f 4518 6771 6773
f 6767 4517 6771
f 6770 6771 4517
f 6772 9373 4525
f 6772 4525 4526
f 4525 4524 9611
f 4526 6770 4523
f 6771 9611 6773
f 9611 6771 6770
f 4525 9611 6770
f 4525 6770 4526
f 4521 4522 4528
f 6773 4529 4528
f 4524 4531 4532
f 4532 7257 6775
f 6775 4527 4532
f 6806 5644 4534
f 6797 4539 4255
f 5641 4539 4534
f 4553 8536 9486
f 4491 6776 7730
f 4567 4559 6777
f 7732 4495 4571
f 7732 4571 5632
f 7732 5632 9473
f 7733 4410 4413
f 7733 4573 4410
f 6765 4514 6778
f 4523 6765 6779
f 6778 4577 6779
f 4577 6778 4576
f 4574 4578 6780
f 6780 4576 4574
f 4578 4575 4579
f 4421 6788 4580
f 4580 6781 4421
f 4421 6781 7725
f 4581 6781 4580
f 6781 4415 7725
f 4581 6782 4579
f 4581 4579 6781
f 4526 4523 6779
f 6783 6779 4577
f 6780 4578 6784
f 6782 6784 4578
f 4577 6784 4582
f 6772 6785 6774
f 6784 6782 6786
f 4582 6786 4583
f 6783 6772 4526
f 4582 4583 6785
f 6785 6783 4582
f 4580 6788 6787
f 6789 4580 6787
f 7258 6788 7734
f 6787 6788 7258
f 4583 6790 6785
f 6774 6790 8203
f 4584 6790 6791
f 6786 9262 6791
f 4583 6791 6790
f 6789 8204 9262
f 7736 8503 4591
f 6792 9292 4032
f 6792 4590 6793
f 6825 6795 4594
f 6796 4598 4599
f 6799 4598 4597
f 6797 6798 4600
f 6798 6795 6794
f 6796 4260 6752
f 4601 4602 4603
f 6799 4602 4594
f 6800 4607 4605
f 6801 4607 4603
f 6802 6760 8500
f 6804 4261 4452
f 4604 6804 4610
f 6806 4616 4617
f 4593 4616 4600
f 4615 4619 4617
f 6807 4634 4442
f 4634 4635 4499
f 6808 4612 4638
f 4639 8536 4552
f 6809 4614 4613
f 4605 6803 4664
f 4592 4588 4666
f 4669 6811 6763
f 4671 7745 6812
f 6764 6812 7745
f 6812 4670 4671
f 6811 6813 9487
f 4672 4668 7726
f 7744 4672 4671
f 4672 7745 4671
f 4674 6756 7746
f 4673 7744 7746
f 4674 7744 7743
f 7718 9487 4349
f 7718 6756 4674
f 4686 4679 4680
f 4690 4694 4692
f 4688 7959 4695
f 4696 4693 4692
f 6815 6814 6817
f 6815 4701 6814
f 4700 6814 4701
f 6821 6819 6816
f 4700 4701 6816
f 4703 6817 4702
f 4516 6818 6817
f 4702 6818 6768
f 6768 4694 4689
f 6765 4515 8601
f 6814 4516 6817
f 4700 6766 6814
f 6766 4700 8601
f 4706 4568 4572
f 4572 4571 4706
f 6821 6820 6819
f 6821 4708 6820
f 6820 4708 6822
f 6778 9547 4576
f 4709 6822 4706
f 6822 9547 6820
f 4573 4574 7754
f 5186 4748 4743
f 6823 4637 4638
f 6823 6831 6999
f 5189 4746 4744
f 6824 6800 4663
f 4778 4773 4772
f 6826 4775 4773
f 4777 4601 4606
f 4776 4777 4770
f 6825 4779 4778
f 6826 4779 4777
f 6834 6827 4780
f 4783 6828 4781
f 4784 6794 4595
f 6829 6805 4593
f 4783 6829 4784
f 6831 6830 4786
f 6833 4611 4614
f 6834 6833 4785
f 4612 4787 6831
f 6832 4787 4611
f 4643 4796 7759
f 7759 4796 4792
f 6337 6835 4821
f 4823 6838 6836
f 4822 6835 8988
f 4823 6837 6339
f 6836 6835 6837
f 6337 6837 6835
f 4826 4827 7763
f 6836 6838 4826
f 4826 4824 8988
f 4831 4829 4830
f 6838 4831 7761
f 1970 8122 6840
f 4833 6840 8122
f 4823 1959 6839
f 1970 6840 6839
f 6839 6838 4823
f 4831 6839 6840
f 6840 4832 4831
f 4835 7762 4824
f 4838 4839 7850
f 6841 4827 4830
f 6842 4845 4838
f 4849 7766 6843
f 4848 6843 7766
f 4849 7765 4846
f 4849 4846 7766
f 6989 4853 4852
f 4841 4855 4854
f 7800 7412 7768
f 7769 7771 7772
f 8510 8206 7772
f 4858 4863 4861
f 7774 4859 4861
f 4857 8126 7775
f 7775 9066 4864
f 4864 9066 7773
f 7776 8510 7777
f 4866 8731 7779
f 7812 8209 8208
f 4874 4875 4872
f 8512 7780 4868
f 4867 7774 7781
f 7781 4874 7782
f 4876 4875 4874
f 7783 7778 7787
f 4877 7785 8226
f 6844 9284 4878
f 4881 4882 8513
f 4884 8210 4878
f 4883 4879 6846
f 6844 6846 4879
f 6978 4885 6847
f 6850 6849 6847
f 6847 6849 6848
f 4886 6848 6849
f 6849 9035 4886
f 6850 6845 4884
f 6850 4884 6849
f 6852 4882 4881
f 9489 4893 4891
f 4896 4897 6853
f 6854 4898 4896
f 6854 4896 6853
f 6854 6853 6855
f 6856 4895 6857
f 6855 6853 6857
f 6856 6857 6853
f 6847 4885 6858
f 6850 6858 6861
f 4889 6845 6859
f 6850 6859 6845
f 6850 6861 6859
f 6855 4890 6860
f 4889 6860 4890
f 6859 6861 6860
f 6854 6860 6861
f 6858 4898 6861
f 6854 6861 4898
f 6862 4899 6863
f 7790 6863 4899
f 9036 8514 6863
f 6864 6863 8514
f 4900 8515 6864
f 6862 6863 6864
f 4900 6864 8514
f 4891 4895 4900
f 4900 8514 4891
f 6864 8515 6867
f 6869 6867 8515
f 4903 4902 6867
f 6862 6867 4902
f 6862 9266 4899
f 6862 4902 9266
f 4903 6867 6869
f 6873 6869 8515
f 6866 4903 8215
f 4906 6870 8603
f 6853 4897 6871
f 4907 6871 4897
f 6871 4908 6856
f 4900 4895 6872
f 6856 6872 4895
f 6856 4908 6872
f 4900 6872 8515
f 6872 4908 6873
f 6868 6873 4908
f 4907 8518 8212
f 4907 8212 6871
f 6932 4901 6874
f 6879 4910 6875
f 6874 4909 6875
f 4911 4912 8214
f 6879 6875 8214
f 4911 8214 4909
f 4911 4909 6866
f 4915 6876 4914
f 4913 6876 4916
f 4917 4918 6877
f 4913 4916 6877
f 8214 4912 6878
f 4917 6878 4912
f 6877 4916 6878
f 6879 6878 4916
f 4915 4910 6879
f 6876 6879 4916
f 6897 6880 4930
f 6884 4920 6897
f 6882 6880 4920
f 6881 6888 6882
f 4919 6882 7842
f 6881 6882 4920
f 4917 4912 6883
f 6881 4920 6883
f 4917 6885 4918
f 6883 4920 6885
f 6884 6885 4920
f 6886 4905 7791
f 4906 6886 9613
f 4911 6866 8215
f 6883 4912 6887
f 4911 6887 4912
f 8215 4906 9613
f 6881 6887 9613
f 6882 6888 7842
f 6881 9613 6888
f 4921 4914 6889
f 6876 6889 4914
f 4913 4922 6889
f 6890 6889 4922
f 4921 6890 8516
f 9488 6894 9037
f 4923 6899 6891
f 9488 9037 6893
f 6877 4918 6892
f 4923 6892 4918
f 6891 4922 6892
f 4913 6892 4922
f 6891 6899 6893
f 4924 6893 6899
f 4926 8516 6894
f 6890 6894 8516
f 8604 9488 6895
f 4927 6896 4929
f 6899 4929 4924
f 6884 6897 4931
f 4923 4918 6898
f 6885 6884 4918
f 6884 4931 6898
f 4927 6899 6898
f 4931 4928 4927
f 8217 7447 7792
f 4935 8218 7797
f 8219 7798 7799
f 4933 7801 7802
f 7895 7796 7803
f 8221 9661 8220
f 4866 8209 4865
f 8222 7809 7813
f 7806 8219 7816
f 7806 7815 7818
f 7914 7807 7819
f 8224 7821 8223
f 4883 4882 4950
f 4951 4879 7825
f 4951 7827 7822
f 8225 9286 7826
f 4947 8222 7828
f 7830 7823 7833
f 7018 4952 4954
f 7831 7832 6900
f 6902 6901 4957
f 6902 4958 6901
f 6903 6907 4960
f 6903 4958 4959
f 4953 4956 4959
f 6902 7015 4954
f 6900 6904 4954
f 4953 4958 6904
f 6902 6904 4958
f 6905 4956 4962
f 6906 4960 6907
f 6903 4959 6907
f 6905 4961 6907
f 6906 6907 4961
f 4888 7835 7788
f 4962 4956 7836
f 6908 6909 4964
f 6908 4963 6909
f 6909 4963 7837
f 4965 7837 4963
f 6903 4960 6910
f 6918 6910 4960
f 4965 4963 6910
f 6911 4968 8227
f 4967 8227 4968
f 4967 4968 6912
f 7837 4966 8229
f 8228 8229 4966
f 8228 6912 8229
f 6909 7837 8230
f 6909 6911 4964
f 6909 8230 6911
f 4970 6913 4901
f 6913 8605 6915
f 6914 6915 8605
f 6914 8228 4966
f 6914 8605 8228
f 6916 4969 8231
f 8228 8605 8231
f 6913 8231 8605
f 7790 4971 6917
f 6906 6917 4971
f 4965 6910 6918
f 6906 6918 4960
f 6906 4971 6918
f 6914 4966 6919
f 7837 4965 4966
f 6918 4971 6919
f 8232 6919 4971
f 6915 8232 4899
f 6914 6919 8232
f 7040 7039 6920
f 8227 6920 7039
f 4967 4972 6920
f 7040 6921 4974
f 6920 4972 6921
f 4973 6921 4972
f 4975 4976 6922
f 4973 4972 6922
f 6923 6922 4972
f 6912 4969 6923
f 4975 6923 4969
f 4967 6923 4972
f 4987 4978 6924
f 4979 6924 4978
f 4977 6924 4980
f 4981 4982 6925
f 4977 4980 6925
f 6922 4976 6926
f 4981 6926 4976
f 6925 4980 6926
f 4973 6926 4980
f 4979 4974 6927
f 6921 6927 4974
f 4973 4980 6927
f 6924 6927 4980
f 4915 4914 6928
f 4983 4984 6928
f 4915 6929 4910
f 6928 4984 6929
f 4985 6929 4984
f 4981 4976 6930
f 4985 4984 6930
f 6931 6930 4984
f 4981 6931 4982
f 6932 4970 4901
f 6932 4986 4970
f 4975 4969 6916
f 4970 4986 6916
f 6933 6916 4986
f 6930 4976 6933
f 4975 6933 4976
f 4985 6933 4986
f 6932 6875 8213
f 6929 8213 4910
f 4985 4986 8213
f 6932 8213 4986
f 4977 9400 4987
f 4988 5000 4989
f 4991 4992 6934
f 6934 4990 9400
f 6925 4982 6935
f 6934 9400 6935
f 4977 6935 9400
f 4997 4998 6936
f 6936 4999 6937
f 6936 6937 4997
f 6934 4992 6937
f 4997 6937 4992
f 4990 6937 4999
f 4926 6938 8606
f 5002 8606 6938
f 4997 4992 6939
f 5002 6938 6939
f 6940 9039 6941
f 4997 6941 4998
f 6939 6938 6941
f 6940 6941 6938
f 4921 6942 4914
f 4983 6942 8233
f 4991 4982 6943
f 6931 6943 4982
f 4983 8233 6943
f 6944 6943 8233
f 6939 4992 6944
f 4991 6944 4992
f 4991 6943 6944
f 5002 6944 8233
f 6942 8516 8606
f 6942 8606 8233
f 5003 6945 6946
f 6947 6946 5004
f 6948 6946 8990
f 6949 4829 5006
f 6950 6949 5004
f 6951 5012 6952
f 6952 5012 7838
f 5012 5015 5013
f 4833 8122 6445
f 6445 6953 4833
f 4833 6953 5016
f 6953 5014 5016
f 6952 6954 6951
f 6954 6953 6445
f 7840 6947 7839
f 4828 4832 5016
f 5017 6959 6955
f 6945 6955 8237
f 6955 5003 9401
f 5013 5015 5017
f 6956 2164 8954
f 6957 2150 2166
f 6958 6957 5018
f 6955 6959 8237
f 6959 6961 8517
f 6960 6961 5021
f 6961 5015 5020
f 7011 4928 5024
f 5024 5025 5026
f 6880 8216 4930
f 8216 5033 5032
f 4907 4897 7844
f 4907 8797 8518
f 5040 5042 8797
f 5040 5044 5042
f 5041 5043 7843
f 6964 5043 5047
f 5047 5042 5048
f 5047 5043 5042
f 6965 5047 5049
f 6858 4885 6967
f 8234 6967 4885
f 6966 4898 6967
f 6858 6967 4898
f 6966 6967 6968
f 5050 5051 6968
f 5050 6969 6981
f 6970 4897 4896
f 5040 7844 6971
f 6971 5044 5040
f 6968 5051 6972
f 5052 6972 5051
f 6972 6971 6966
f 4896 4898 6970
f 6966 6970 4898
f 6966 6971 6970
f 5055 6990 5053
f 5054 5052 6976
f 5052 5054 5048
f 6973 5057 6974
f 5057 6973 8607
f 5056 6974 6975
f 5050 6981 6975
f 5050 6976 5051
f 5055 6976 6975
f 5055 6975 6974
f 4887 4873 8235
f 6977 5059 5060
f 5059 7845 8236
f 6978 5062 4885
f 5063 6981 6969
f 8234 5062 6969
f 5060 6980 5063
f 5060 5062 6977
f 6978 6977 5062
f 6973 6979 8607
f 6973 5064 6979
f 6979 7765 4849
f 7846 5064 6980
f 5056 6981 5064
f 7853 4839 4844
f 7847 5061 7853
f 7846 6980 7847
f 4844 7765 7846
f 4876 4862 7857
f 9402 4875 7848
f 6982 9267 7845
f 6982 5068 9402
f 5068 4875 9402
f 6983 5067 5069
f 6983 5061 9267
f 5069 5067 7854
f 2221 2224 9287
f 7857 7858 7848
f 5072 5073 8519
f 6984 7858 7857
f 4825 7762 4834
f 6986 5074 6985
f 9300 5074 5070
f 2227 1955 4821
f 5071 2224 7511
f 5071 5072 9287
f 6986 2227 4821
f 5075 8990 8237
f 5084 6843 4848
f 6843 5084 6987
f 6989 6988 4848
f 5057 8607 6987
f 6987 5086 5057
f 5089 5086 8520
f 5075 8237 6992
f 6959 6992 8237
f 6792 4032 7709
f 6993 4590 6792
f 5177 6828 4771
f 6995 6994 5178
f 6998 6996 5179
f 5180 6827 4782
f 6998 5181 5180
f 5183 6830 4788
f 4788 6995 5183
f 6999 5184 5189
f 7000 5184 4786
f 7001 5200 5199
f 5247 5127 5245
f 4929 6896 7002
f 6894 8604 4926
f 8074 7003 6895
f 5257 8329 4925
f 6893 4924 9399
f 5257 4925 4924
f 7004 8095 5260
f 7005 5261 4993
f 5263 5264 7876
f 7008 7004 5260
f 5260 5265 7008
f 5266 5264 5263
f 6938 4926 7009
f 8604 7009 4926
f 5268 4998 9039
f 6941 9039 4998
f 7877 9039 7010
f 7010 9039 6940
f 8604 7003 7260
f 5269 6940 7009
f 7260 7009 8604
f 4996 5270 5262
f 5267 7004 5270
f 6936 4998 8538
f 5268 8538 4998
f 8538 5270 4996
f 7011 9269 6896
f 7901 7623 7879
f 8239 7881 7885
f 4932 7887 8217
f 8240 7530 8241
f 8241 7887 7889
f 7012 5283 7890
f 3462 7890 8190
f 8999 7674 7891
f 8242 7892 5285
f 8243 8239 7898
f 5289 7897 7899
f 7902 8243 7905
f 5289 7899 7906
f 8244 7684 7907
f 4948 7912 8224
f 8245 7908 7913
f 9293 8242 7917
f 5294 9293 7918
f 5297 5298 8246
f 7923 5299 7016
f 5297 5296 7923
f 7013 7923 5296
f 5300 7014 9403
f 6902 9403 7015
f 7016 5299 5301
f 5297 7017 5298
f 7016 7014 7017
f 5300 7017 7014
f 7924 7925 7910
f 7926 5299 5303
f 7015 7018 4954
f 7018 5302 4952
f 7691 8244 7927
f 7923 7013 7692
f 7019 3953 7694
f 7020 7026 5304
f 5305 5306 7020
f 6911 8227 7023
f 7025 5307 7021
f 7022 7027 4964
f 6911 7023 4964
f 7021 5307 7023
f 7022 7023 5307
f 7020 5306 7024
f 7022 5307 7024
f 7024 5307 7026
f 7025 7026 5307
f 5300 4957 7027
f 6908 7027 4957
f 5308 5298 7028
f 7017 7028 5298
f 5300 7027 7029
f 7024 5306 7030
f 5308 7030 5306
f 7022 7030 7029
f 6908 4964 7027
f 7023 7022 4964
f 7022 7029 7027
f 5305 7929 7930
f 7930 5306 5305
f 5295 5298 5308
f 7031 6739 3962
f 3962 5309 7031
f 5310 5311 7032
f 7031 5309 7032
f 5310 7032 5309
f 5310 7033 5313
f 5310 5309 7033
f 5312 7033 5309
f 5312 5309 3962
f 4979 4978 7034
f 5314 5315 7034
f 7036 7034 5315
f 7035 4974 7036
f 4979 7036 4974
f 7035 7036 5315
f 5310 5313 7037
f 7035 5315 7037
f 7038 7037 5315
f 9404 5311 7038
f 5310 7038 5311
f 5314 7038 5315
f 7040 5316 7039
f 7025 7039 5316
f 7025 7041 7026
f 7025 5316 7041
f 7037 5313 7042
f 7041 7042 5313
f 7041 5316 7042
f 7035 7040 4974
f 7035 7042 5316
f 7043 3963 7702
f 7041 5313 7044
f 7033 7044 5313
f 5312 7043 7044
f 7045 7026 7041
f 7044 7043 7045
f 8527 7045 7043
f 5317 7046 7047
f 7046 3969 6734
f 7047 6734 9614
f 7048 7051 7049
f 7047 7049 5317
f 7049 7077 5317
f 5320 7050 7053
f 5320 7051 7050
f 7050 7051 5321
f 3968 9485 7052
f 5321 7048 7052
f 7052 7048 9614
f 5325 7053 5324
f 5328 7034 4978
f 5329 5311 9404
f 5314 5330 9404
f 3973 3974 6739
f 7031 7054 6739
f 7031 5333 7054
f 7052 9485 7055
f 3973 7054 7055
f 7054 5333 7055
f 5321 7055 5333
f 5329 5331 7056
f 7056 7053 7050
f 7056 7050 5321
f 5321 5333 7056
f 7032 5311 7057
f 5329 7057 5311
f 7056 5333 7057
f 7031 7057 5333
f 2516 7058 5334
f 6546 2516 2518
f 2516 5334 7059
f 5335 7059 5334
f 8247 7075 7063
f 5335 5334 8247
f 9001 5337 7060
f 7060 5337 5336
f 7061 7064 8248
f 5266 8248 7062
f 5335 7063 8529
f 7061 2518 7064
f 7059 7064 2518
f 5335 8529 7064
f 8248 7064 8529
f 5339 5326 7964
f 5338 7063 7065
f 7076 7932 7065
f 7932 5340 7066
f 7065 7066 5338
f 5338 7066 9550
f 7066 5340 7067
f 9550 7067 9648
f 5341 7068 7069
f 7068 3969 7046
f 7069 7046 5317
f 5317 7070 7069
f 7070 7074 7071
f 7069 7071 5341
f 5336 5337 7073
f 7071 7072 5341
f 7072 7071 7073
f 7073 7074 5336
f 7076 7065 7075
f 7065 7063 7075
f 5336 7074 7075
f 6707 2909 6742
f 7078 6742 9033
f 7079 5342 7078
f 3916 7078 5342
f 6711 9551 3915
f 3916 5342 9551
f 7080 9551 7933
f 5343 7933 5342
f 5343 5342 7079
f 2531 1059 6702
f 6704 5345 6702
f 7082 6702 5345
f 7081 2533 7082
f 2531 7082 2533
f 8249 5344 5346
f 5346 7081 8249
f 6704 3915 7083
f 7080 7083 3915
f 8249 5345 7083
f 6704 7083 5345
f 2535 7084 9484
f 2535 8182 7084
f 7084 2533 7081
f 7084 7081 9615
f 7085 7935 7934
f 7085 5344 5343
f 5349 7936 5350
f 5350 9000 5349
f 7086 5352 9288
f 3983 9034 5351
f 6573 6572 7087
f 9657 8250 7087
f 7089 7096 7088
f 7096 6579 7088
f 6573 7087 7088
f 7087 5353 7089
f 7089 5353 7090
f 7058 2515 7091
f 2544 7091 2515
f 2544 7092 7091
f 7091 5354 9001
f 5355 7093 7094
f 5337 9001 7094
f 7094 5354 7095
f 7094 7095 5355
f 7090 5352 7095
f 5355 7095 5352
f 7096 7095 5354
f 7092 6579 7096
f 7092 7096 5354
f 3975 6740 7097
f 6740 3969 7068
f 7097 7068 5341
f 5341 9041 7097
f 7097 7098 3975
f 5351 7098 7099
f 5341 7072 9041
f 7072 5337 7093
f 9041 7093 5355
f 5355 7099 9041
f 3699 7100 7938
f 3469 8478 3475
f 3480 3479 5363
f 3464 5364 3467
f 3464 3473 5364
f 7937 8196 8197
f 6620 6748 3466
f 3468 5364 3470
f 3694 3696 3695
f 3697 3696 3692
f 3713 3712 5365
f 8251 7940 8195
f 7939 7941 8251
f 3744 7662 7663
f 3750 6689 3751
f 4021 7943 4022
f 6746 7943 4020
f 4026 6749 6748
f 3477 3479 3478
f 3471 3473 3472
f 3609 7102 3598
f 3610 5395 3608
f 3610 3608 3606
f 5394 3631 5396
f 5396 3634 6669
f 6678 3894 3633
f 3831 6693 3824
f 7101 6684 3539
f 6684 5580 3714
f 7102 3599 3598
f 3870 3833 3598
f 3836 999 998
f 3821 3824 8531
f 7103 3714 5578
f 3708 3710 7103
f 3758 3770 3762
f 3763 7956 6681
f 4685 8252 4464
f 4698 6816 4701
f 4568 6822 4708
f 4682 4684 4683
f 7962 8252 7958
f 4687 4684 7748
f 4994 4999 4996
f 6936 4996 4999
f 5326 7963 7964
f 5261 7005 7006
f 7008 5265 7005
f 5656 7067 5340
f 4995 7005 4993
f 5319 7932 7076
f 4988 4987 9400
f 5319 7070 7077
f 5318 7051 5320
f 5318 7049 7051
f 3733 3730 3734
f 7105 6075 6074
f 7106 9570 6076
f 8254 7107 7224
f 8012 5659 5675
f 8352 5770 7230
f 5708 7226 5732
f 5732 9405 5673
f 7127 8621 5678
f 7114 7115 5730
f 5707 8350 8273
f 8270 5688 8661
f 8355 5760 5777
f 8870 9182 5778
f 7141 8272 8029
f 7141 5776 5811
f 8280 8279 8661
f 7136 8622 8285
f 8034 8275 9180
f 7144 9099 9439
f 7166 7157 7158
f 7161 8748 8873
f 8362 7987 8290
f 9215 6087 5785
f 8300 7237 5873
f 5879 8297 5880
f 7173 5884 8564
f 8364 8576 5892
f 8298 7174 8299
f 5915 7243 8882
f 8882 5916 5915
f 8318 8390 5977
f 5917 8883 7243
f 5941 7243 8564
f 7190 8641 7186
f 8055 7199 8056
f 7187 7194 7199
f 7196 8058 8312
f 5984 9095 9406
f 6046 5987 6031
f 8052 5945 8056
f 7187 7199 8388
f 6014 8550 9576
f 7207 7206 9320
f 8326 9619 9098
f 7214 8009 7215
f 8406 7250 8074
f 8719 7003 7250
f 8643 7221 8786
f 5657 8253 5658
f 8338 5675 6075
f 8013 7110 8253
f 5660 8648 5662
f 8339 9012 8342
f 8340 9046 8648
f 5747 7125 8351
f 8342 9012 5740
f 7107 8342 7224
f 5741 7124 5740
f 8343 5706 5703
f 5692 5698 8257
f 9273 8016 8011
f 8267 7126 8019
f 8609 6080 5727
f 8802 7119 8804
f 7965 8344 8652
f 9047 8349 9445
f 5744 8266 5746
f 5745 5746 7229
f 8351 7126 8267
f 8270 7230 5763
f 5768 8270 5763
f 5770 5763 7230
f 5769 8352 5802
f 8352 5769 5770
f 8557 5790 8655
f 7140 8027 8539
f 8020 9621 9563
f 8354 5802 8352
f 8277 8806 9490
f 8742 9146 8740
f 8742 8863 9146
f 8658 8028 5811
f 8030 8560 8354
f 8771 7150 9004
f 5851 5865 8546
f 5783 8360 5784
f 7156 7167 7159
f 7165 8290 9328
f 8630 9431 9053
f 7166 7143 7167
f 8369 5875 5877
f 7237 5877 5878
f 5881 5883 7171
f 5880 8297 5883
f 7171 5882 5881
f 5882 7171 8365
f 8296 5886 8368
f 8365 7172 8366
f 8368 5887 8366
f 8296 7174 8298
f 5885 8298 8090
f 7173 8090 8298
f 5892 5884 8299
f 8681 5871 5899
f 8302 9565 7240
f 8371 8302 8751
f 8302 7241 8751
f 8043 7241 7240
f 8883 5898 8830
f 8000 6010 8308
f 5939 8892 8377
f 7243 5941 5917
f 5945 8052 5944
f 7245 5891 8051
f 5950 8310 5889
f 5890 7245 8380
f 7245 5890 5891
f 8309 8687 8310
f 8379 7189 8308
f 7998 5946 5943
f 8318 5905 7995
f 5905 8318 5968
f 5977 5968 8318
f 8071 8916 8688
f 7254 8897 9083
f 8054 5949 5946
f 8000 7994 8550
f 6015 6014 9576
f 8317 8901 8392
f 5955 8000 8550
f 5985 5969 7198
f 8907 7246 8704
f 8407 8008 8402
f 7252 7253 9121
f 8326 9333 8331
f 5686 5677 232
f 232 5677 5711
f 7384 1416 5757
f 6283 1665 5702
f 5826 7256 1716
f 7256 5826 5825
f 5771 5758 9407
f 8086 2437 8412
f 6503 2448 8289
f 2179 8826 5848
f 5997 4427 9371
f 5982 7257 4532
f 7257 5982 5911
f 4532 4531 5980
f 6036 5947 6787
f 6037 7258 7734
f 7258 6037 6036
f 4584 5957 6038
f 5956 7259 8204
f 7259 5956 5957
f 4925 8329 8074
f 7260 7003 8719
f 7010 5269 8400
f 11 13 10
f 14 6238 7
f 7261 27 25
f 29 27 28
f 1112 6107 39
f 87 7265 330
f 122 7264 121
f 123 7264 122
f 7264 124 5657
f 7265 88 330
f 88 7265 128
f 156 7266 159
f 92 7267 9335
f 166 7268 173
f 7268 172 173
f 7268 166 167
f 169 170 188
f 7269 191 7270
f 7263 8415 93
f 311 7269 7263
f 7270 7263 7269
f 5680 201 203
f 203 201 202
f 234 7271 235
f 7272 237 238
f 238 239 7272
f 324 271 272
f 273 256 323
f 314 7271 234
f 317 229 8920
f 359 533 340
f 18 435 460
f 7273 7261 452
f 33 27 465
f 7274 6125 73
f 69 7274 73
f 69 6126 474
f 474 7274 69
f 7274 474 472
f 478 40 9278
f 8421 7275 432
f 7275 8422 9290
f 531 7276 519
f 520 7276 7277
f 485 482 9491
f 7277 548 550
f 583 585 582
f 8096 8098 588
f 595 7278 7279
f 7278 8098 9492
f 596 8099 7280
f 8099 8098 7278
f 7280 7278 595
f 6135 596 598
f 614 7281 613
f 618 7282 619
f 610 7283 612
f 7281 612 629
f 7284 632 9637
f 617 7285 7286
f 7286 7285 635
f 8102 636 628
f 8113 7285 636
f 641 642 6153
f 7288 6109 683
f 6162 7288 6160
f 677 7288 683
f 7289 680 686
f 7289 681 680
f 7290 6123 9279
f 7290 692 6122
f 694 7291 9338
f 729 726 728
f 726 8104 6177
f 735 732 6181
f 768 735 6181
f 7293 730 767
f 7294 8578 6185
f 8423 7296 7297
f 804 805 803
f 7296 7298 801
f 7296 9514 7298
f 805 7298 803
f 809 7298 7299
f 7298 809 801
f 7297 801 9526
f 8428 808 6203
f 843 844 845
f 625 851 630
f 7301 832 2559
f 673 7302 7584
f 673 855 7302
f 855 673 2664
f 860 861 7580
f 862 7297 802
f 803 7303 3659
f 867 7303 6196
f 877 7305 8108
f 879 7307 7306
f 7307 877 7306
f 878 7308 7310
f 7308 880 7309
f 7310 7309 7653
f 8964 7308 878
f 7573 7311 882
f 7312 884 6221
f 893 7313 901
f 891 7314 8595
f 7314 897 7315
f 902 7315 8583
f 7316 905 903
f 7317 900 899
f 933 930 932
f 951 934 9588
f 7318 724 960
f 8933 999 3837
f 964 999 8933
f 9064 731 966
f 731 728 8427
f 967 964 8933
f 727 726 739
f 933 932 974
f 932 7319 974
f 8428 9526 809
f 866 865 979
f 7320 8932 984
f 720 922 994
f 1002 1004 1001
f 722 1002 1001
f 968 727 739
f 1065 7321 1066
f 1065 1066 1067
f 1069 9453 884
f 590 1071 7323
f 1070 7323 6224
f 1067 6223 1072
f 7324 7325 1072
f 6226 7326 1074
f 9016 7326 6226
f 7327 594 6227
f 1077 7329 1076
f 7328 1076 7329
f 7342 9658 1077
f 1079 7331 7332
f 7331 1074 7332
f 7333 7332 7330
f 1075 7335 7327
f 7335 1079 1080
f 7286 7336 618
f 1081 7337 635
f 1081 9440 7338
f 7338 7339 1081
f 7341 1082 6232
f 8116 8115 7340
f 7340 1082 7341
f 7343 7342 8115
f 7343 8115 1084
f 1085 6229 644
f 1087 7344 1089
f 7344 7345 1089
f 7341 6232 1083
f 1090 1091 7346
f 1097 1096 1095
f 7349 7348 6236
f 7348 6237 1097
f 6237 7348 7349
f 7350 1088 7344
f 7350 7344 1087
f 1087 7351 1102
f 7349 1102 6237
f 6238 1095 7
f 7352 7 1095
f 1103 6239 1104
f 1095 6238 7353
f 1103 7353 6238
f 6103 6243 9280
f 8117 1113 1114
f 7354 1110 6242
f 7354 6244 1110
f 1120 7355 1118
f 1114 1113 6249
f 1120 6248 1121
f 7356 1123 7357
f 1125 7358 7356
f 7359 9340 7357
f 1128 6254 1125
f 7361 902 1160
f 7362 6224 1068
f 1169 7362 6261
f 1360 1176 1197
f 1175 1190 1178
f 1183 1289 1191
f 1171 1201 1203
f 1223 7363 1222
f 7363 1221 1222
f 5745 1229 1211
f 1206 1211 1229
f 7364 1209 1210
f 1210 1208 1232
f 1242 1265 1245
f 1242 1245 1246
f 1274 1258 1259
f 1280 1286 1276
f 1296 1295 1170
f 1173 1296 1170
f 7365 1303 1302
f 1308 7365 1306
f 9342 7365 1302
f 1344 1342 1325
f 1324 1344 1325
f 5769 7366 5770
f 7366 5769 1321
f 7366 1321 1345
f 7367 1339 1386
f 7368 1360 8939
f 1362 1176 1360
f 1390 1389 1359
f 7369 1414 1404
f 1408 7369 1406
f 7371 1427 1426
f 1429 1428 1427
f 1427 9522 1429
f 1430 1531 7372
f 7373 7371 1426
f 7373 1434 1433
f 7374 1441 1439
f 1443 1445 1441
f 1445 1446 1442
f 1445 1442 1441
f 1441 7374 1443
f 7375 1455 1452
f 1453 9454 7371
f 1462 7377 1518
f 7375 1462 1455
f 1460 7376 1454
f 7375 1454 7376
f 1461 7376 1460
f 7376 1461 7377
f 7374 1440 1469
f 1468 6266 1465
f 1470 1471 1472
f 1473 7377 1461
f 7378 1473 1461
f 1478 1476 8435
f 1479 1456 1433
f 1495 1487 1182
f 1501 1504 6262
f 1503 1406 1654
f 1407 1503 1502
f 7379 1440 1439
f 1512 7379 1439
f 1510 8437 7379
f 1517 7380 1471
f 7380 1517 7596
f 1455 7381 1452
f 1530 7372 1531
f 1525 1531 1532
f 1553 1552 7382
f 1554 1553 7382
f 1553 1554 7372
f 1561 1559 1558
f 7383 1629 1575
f 7383 1575 1576
f 1587 1586 1585
f 1580 8439 8440
f 1602 1403 1402
f 7385 6288 9019
f 7386 1550 1548
f 1548 1546 7386
f 1719 9058 1721
f 9531 1721 7388
f 9058 7388 1721
f 1725 7388 1724
f 1782 1783 1784
f 1935 1797 1796
f 9222 1800 1740
f 1801 6308 1740
f 7404 7391 7392
f 7391 1720 7387
f 7392 7387 1719
f 7392 1800 9222
f 1800 7392 1719
f 7395 1726 9531
f 7395 9059 1726
f 7393 1743 1801
f 8120 1806 1807
f 1804 7394 1585
f 7394 1810 1807
f 1484 7395 9531
f 8436 1811 1486
f 7396 1589 1805
f 1820 7397 7597
f 1822 7398 1823
f 1495 1490 7399
f 1824 7399 1490
f 7399 1824 1825
f 1818 7400 1826
f 1488 1826 7400
f 1825 8967 9493
f 1824 7400 1818
f 7400 1824 1489
f 1604 1498 1829
f 7401 1840 6325
f 7402 1710 1709
f 1710 7402 6286
f 8121 7401 1708
f 7403 1847 1848
f 1850 1545 1851
f 8444 6324 1845
f 1846 1540 1849
f 1901 1904 1902
f 1899 7391 7404
f 7391 1899 1898
f 7405 6327 1729
f 1925 7406 6336
f 1933 7406 1925
f 8944 6336 7406
f 1958 1960 1962
f 1967 6341 1965
f 6341 1967 1963
f 1963 1967 1964
f 1974 1973 1972
f 7408 1979 1975
f 1965 6341 1983
f 1978 1977 1984
f 8123 7409 2212
f 1993 1989 1992
f 1994 7410 7412
f 7410 1996 7411
f 7412 7411 7770
f 1995 7413 7414
f 7413 1996 7410
f 7414 7410 1994
f 1997 7415 1995
f 1998 7416 7417
f 7416 1995 7415
f 2000 7418 7420
f 7420 7418 7419
f 7420 7419 1999
f 1999 7419 1998
f 7421 2002 7422
f 2002 7421 2001
f 1996 7423 7424
f 7423 2001 7421
f 7424 7421 2003
f 2005 7425 7427
f 7425 2006 7426
f 7427 7426 2004
f 8948 2007 7428
f 2007 8948 2005
f 7429 2005 8948
f 7430 7429 8948
f 2012 7432 7433
f 8129 2009 9494
f 7433 7431 2011
f 1999 7436 7434
f 7436 2013 7434
f 8127 7435 7436
f 7435 2013 7436
f 2010 9062 2028
f 2029 7438 6351
f 8949 2035 2034
f 2030 2035 2036
f 2030 2032 6353
f 8135 6349 6360
f 2043 7440 6367
f 2045 7441 6367
f 6354 6358 6372
f 2047 7442 6374
f 2071 7445 7447
f 7445 2073 7446
f 7447 7446 2070
f 2072 7448 7449
f 7448 2073 7445
f 7449 7445 2071
f 2074 7450 2072
f 2075 7451 9659
f 7451 2072 7450
f 2076 7452 2075
f 2077 7453 8146
f 7453 2075 7452
f 8146 7452 1997
f 7455 2077 7454
f 2078 7454 1994
f 2073 2077 7455
f 2080 7456 7457
f 7456 2081 8147
f 7457 8147 2079
f 2082 7458 2080
f 2083 7459 7460
f 7459 2080 7458
f 2084 7461 2083
f 2085 7462 7463
f 7462 2083 7461
f 7463 7461 2007
f 7464 2085 7465
f 8145 7465 2004
f 2081 7466 7467
f 7466 2085 7464
f 7467 7464 2076
f 7468 2087 8151
f 8952 2088 8173
f 2088 8952 2086
f 7470 2086 8952
f 7471 8952 9024
f 7472 9567 7473
f 9567 7472 2089
f 2090 8724 2016
f 2084 7474 7475
f 7475 7474 8131
f 2087 7476 7477
f 7474 7476 2090
f 7477 7474 2084
f 7478 2092 7481
f 7479 2092 2093
f 7481 2094 9620
f 2032 8795 8157
f 2029 7473 2097
f 7473 7480 2097
f 7484 6411 6410
f 7485 6413 6412
f 6406 6405 6415
f 2114 7486 6430
f 7487 2130 2131
f 2147 8953 1990
f 8953 2148 1991
f 6442 8953 2147
f 2151 2152 2149
f 2153 7488 2152
f 2157 7489 2156
f 1966 1965 7490
f 6443 7490 1965
f 2144 2157 7490
f 7488 2160 2159
f 7491 2165 2163
f 2177 2178 8956
f 7492 2067 6451
f 2183 7493 2182
f 7493 2183 6454
f 6454 2181 7493
f 9591 9228 2336
f 2187 2193 6454
f 7494 2189 2191
f 7494 8957 2188
f 2187 7495 2194
f 2195 2187 2194
f 8588 7496 2207
f 6347 7497 6469
f 7498 7499 2212
f 2214 7500 2217
f 2215 7500 7501
f 7500 2215 2217
f 7502 1976 7503
f 1976 7502 1977
f 1972 7503 1976
f 7503 2216 6473
f 2220 7504 2219
f 7505 6474 2221
f 7506 6474 7505
f 7506 7505 2002
f 7507 2223 6474
f 6474 7506 7507
f 2000 7508 2222
f 7509 2225 2223
f 1960 7510 7407
f 7511 6475 1956
f 6475 7511 2224
f 6474 2223 6475
f 1956 2226 8946
f 2243 2237 2239
f 2245 2241 2240
f 2194 7495 2246
f 2263 2256 2262
f 9230 2171 2249
f 9230 1941 2264
f 7515 2278 2283
f 2298 7513 2297
f 2305 7495 2186
f 2311 2322 2325
f 2313 7514 1780
f 7514 2319 2321
f 7514 6486 1780
f 2297 2326 2328
f 2336 8452 8960
f 2342 2341 2340
f 1796 2355 1791
f 1790 1877 2363
f 1790 2363 2364
f 2361 1887 7515
f 7516 2281 2282
f 1296 2386 1295
f 2402 1444 8725
f 2402 7517 2403
f 2403 7517 5820
f 7518 2442 7519
f 7518 2436 8164
f 6503 2138 2447
f 2130 7487 2132
f 7516 9638 5793
f 7520 2459 7521
f 2457 7521 595
f 2458 7522 7520
f 7522 2459 7520
f 7523 7520 2457
f 7524 2460 7525
f 2460 7524 2458
f 2461 7526 7527
f 7526 2458 7524
f 7527 7524 2074
f 2462 7528 2071
f 2463 7529 7530
f 7529 2461 7528
f 7530 7528 2462
f 6506 9640 7531
f 2466 7533 7534
f 7533 2467 8726
f 7534 8726 2465
f 7535 2468 8170
f 2468 7535 2466
f 2469 7536 7537
f 7536 2466 7535
f 7537 7535 2082
f 7539 2469 7538
f 7539 7538 2079
f 7540 2469 7539
f 7540 7539 2460
f 2457 595 9063
f 7543 9063 1080
f 2467 7542 7543
f 7542 7541 7543
f 2470 7544 7546
f 7544 2472 7545
f 7546 7545 8116
f 2471 7547 8178
f 7547 2472 7544
f 8178 7544 2470
f 2473 7548 2471
f 2474 7549 9086
f 7549 2471 7548
f 9086 7548 2088
f 2468 7550 9028
f 7551 2474 7550
f 2465 7552 7553
f 7552 1078 7553
f 2472 2475 7554
f 7555 2477 1088
f 6507 9641 6511
f 2473 2483 2091
f 7557 2483 7556
f 2473 7556 2483
f 2479 7557 2484
f 2470 1083 7558
f 7558 7346 1091
f 2480 7558 1091
f 6518 7559 6519
f 7555 1088 7350
f 7555 7350 1101
f 7560 1108 8179
f 8455 6529 6528
f 2129 2131 2504
f 9559 6521 6542
f 2516 6546 9283
f 2520 9392 9560
f 6565 7561 2529
f 2536 2538 8728
f 7562 6570 8728
f 7564 2541 6571
f 7587 7567 7566
f 2557 7567 895
f 601 2558 7568
f 7281 614 611
f 7301 625 7283
f 625 7301 2559
f 893 901 7569
f 899 7570 898
f 898 7570 902
f 904 2562 910
f 881 7571 876
f 1164 7573 7361
f 612 7283 2563
f 7283 625 626
f 714 2665 7638
f 751 1031 750
f 7584 7302 854
f 843 845 846
f 7571 6198 8964
f 2666 7575 706
f 7575 705 706
f 2571 7576 1051
f 7578 664 663
f 2708 8463 2704
f 2749 2628 7581
f 7582 9352 2728
f 7582 2728 2727
f 2625 703 792
f 2671 7577 2727
f 813 2696 2731
f 1155 1154 8459
f 2639 7583 661
f 2646 2641 2647
f 8965 2762 2596
f 2704 7580 1152
f 1152 7580 861
f 2592 7584 854
f 2669 2663 854
f 2784 2669 7302
f 7582 2672 658
f 7578 822 664
f 2700 7585 2698
f 7585 1159 2698
f 7586 2791 2790
f 2552 7565 2786
f 2791 2788 2790
f 2791 2774 2553
f 1589 7396 1595
f 7398 1595 7396
f 1823 7398 2805
f 2805 7588 1823
f 1576 7589 8118
f 8118 7589 1771
f 8967 1818 2812
f 1521 7381 1455
f 8462 2820 1812
f 2817 1602 1402
f 1830 8462 1819
f 2820 7590 1831
f 7590 2820 8462
f 7590 1827 1831
f 2821 1604 1605
f 2846 1597 1598
f 1638 1672 7591
f 9239 8966 9291
f 2842 2841 7592
f 2846 7592 2841
f 7593 1677 2850
f 7592 2850 1677
f 2850 7592 2846
f 7593 2850 7591
f 7593 2851 2849
f 2867 7594 1537
f 1574 7595 2869
f 7383 2869 7595
f 2869 7383 1576
f 7370 7595 1573
f 7595 1574 1536
f 1609 1860 1611
f 7380 1518 7377
f 1518 7380 7596
f 1518 7596 1522
f 9493 7588 1821
f 7487 6499 2132
f 8968 2129 2504
f 8463 863 7580
f 863 859 7580
f 7598 2881 2884
f 2884 2885 7598
f 3518 2890 2896
f 2898 2900 2897
f 2900 2898 2902
f 7599 6590 2908
f 2912 7600 8201
f 2911 7600 2912
f 2924 2926 2928
f 2932 7601 2917
f 7602 7601 2932
f 2943 2942 2939
f 6601 2939 2947
f 3158 7603 3156
f 2964 7604 2968
f 2982 7605 2966
f 7604 2970 2985
f 2973 2980 2972
f 2981 2980 2979
f 7605 2982 2977
f 2987 2977 2982
f 2982 7604 2985
f 2980 2974 2972
f 3029 3033 3032
f 3062 3041 3040
f 7606 3051 3052
f 7606 3064 3051
f 7607 3075 3080
f 3073 2969 3074
f 3097 3016 3014
f 3120 3118 3116
f 3118 7609 3119
f 3134 3136 5930
f 3129 8472 3201
f 3026 3195 3027
f 7610 3192 3073
f 3145 3126 3144
f 3241 7611 3239
f 3247 3355 3246
f 3359 3251 3358
f 7612 3292 3294
f 7612 3260 3292
f 3264 3261 3262
f 7611 3268 3239
f 7611 3240 3289
f 3286 3288 3254
f 7614 3266 3254
f 3301 3304 3269
f 3335 3313 3316
f 3328 7616 3327
f 2882 3330 3317
f 8466 2948 3346
f 2916 2925 3350
f 2916 3350 3351
f 3354 3310 7615
f 3352 9248 3305
f 3265 3266 3267
f 3240 3241 3259
f 3385 7617 3386
f 7617 3212 3388
f 7617 3385 3210
f 3399 7618 3400
f 7618 3218 3400
f 3423 3418 3417
f 7620 3401 7619
f 3401 7620 3429
f 7620 3417 3416
f 3428 3429 7620
f 3387 7621 3386
f 7621 3387 3446
f 3383 7621 3447
f 5898 7607 3047
f 6610 8599 583
f 3454 8974 8187
f 7622 3459 6616
f 3460 7623 7624
f 7623 3461 7625
f 7624 7625 8188
f 8188 7625 3458
f 3462 7626 3463
f 8478 7627 3475
f 8478 3476 7627
f 7944 7627 3476
f 3482 3483 7628
f 7628 7629 3481
f 3484 7629 6622
f 7630 3484 6622
f 3488 7631 3490
f 3493 3477 6631
f 3501 7632 3482
f 7633 7632 6631
f 6631 7632 7634
f 3492 7634 3500
f 8191 6637 6635
f 7636 6679 3545
f 3560 3568 7637
f 7637 3568 6661
f 7638 3584 714
f 3588 3589 3590
f 3596 3595 6662
f 7640 6664 7639
f 3595 7640 3594
f 3614 3618 3613
f 3559 3629 6672
f 3628 6671 3626
f 3605 6675 6668
f 7644 6686 3657
f 7645 3664 3658
f 7644 3659 6686
f 7644 804 3659
f 3692 7627 7646
f 7627 3692 3475
f 3701 3467 3468
f 7647 6632 3710
f 7647 3710 3708
f 7645 3732 3664
f 3659 7303 867
f 3738 3740 3737
f 3739 7648 6688
f 7650 3744 6688
f 7649 6686 3737
f 3737 6688 7649
f 7648 7649 6688
f 7651 3747 8598
f 8482 7650 8598
f 7652 3747 879
f 3747 7652 7654
f 7654 7653 3748
f 3748 7655 6690
f 3757 7656 7657
f 7657 3756 3755
f 3752 6690 7658
f 7658 3755 3752
f 7655 7659 3757
f 8194 7956 3764
f 7660 3770 3771
f 5366 8195 3760
f 7660 7661 7939
f 7939 7661 7941
f 3780 7662 3742
f 3781 3741 7663
f 3779 7660 3771
f 3788 7664 919
f 7665 3792 3791
f 8487 3794 3791
f 3812 3814 3793
f 3823 7666 8531
f 3839 3594 8729
f 7667 3838 3839
f 3839 8729 7667
f 3837 7667 8933
f 7667 8729 966
f 7670 7668 8486
f 3665 7669 3846
f 3736 5563 3850
f 3846 7669 3852
f 3851 7669 3735
f 7669 3851 3852
f 3602 6662 7668
f 7668 7670 3602
f 3602 7670 3867
f 7670 3840 3868
f 7670 3868 3867
f 8979 3919 3918
f 6715 9542 3921
f 3756 7657 3918
f 3924 3455 3457
f 8110 7671 3919
f 3924 7671 3453
f 7672 3481 3928
f 3928 3481 7673
f 3929 7674 7676
f 7674 3930 7675
f 7676 7675 3931
f 3931 7677 3927
f 3459 7678 3926
f 7679 6718 7678
f 3926 7678 6718
f 6718 7679 3931
f 7680 3501 3482
f 7682 7681 8488
f 3935 7683 6723
f 7682 3936 3498
f 8733 7684 9040
f 7686 9365 7685
f 3938 7686 9561
f 3934 7687 7689
f 7687 3928 7688
f 7689 7688 3930
f 3943 9254 3945
f 7692 7693 7691
f 7691 7690 9365
f 6723 7685 7690
f 7692 7013 7693
f 3945 7693 7013
f 7695 3947 3948
f 3940 3948 3947
f 7694 3954 3955
f 7695 3954 3951
f 7696 3952 3954
f 3957 7697 7699
f 7697 3943 7698
f 7699 7697 7698
f 7699 3955 3957
f 7598 3960 2887
f 6730 7700 3963
f 7700 3961 7701
f 3961 7700 6730
f 7696 3953 9395
f 6732 8981 3964
f 7703 2903 6733
f 8490 3974 3965
f 3972 3974 3973
f 3970 9562 3967
f 9240 2911 8730
f 3979 7704 3977
f 7705 3977 7704
f 7936 6745 3983
f 3978 7706 6745
f 7707 4027 4025
f 4119 4117 4118
f 4203 7710 4205
f 7710 4248 4188
f 4191 7711 4203
f 4182 4206 8982
f 4248 7710 7711
f 4108 8495 4107
f 8495 4240 4180
f 4238 8495 4104
f 9610 4282 4369
f 4300 9259 4296
f 4300 4296 4299
f 7712 4306 4295
f 7713 4327 7717
f 4327 7713 8984
f 7715 6754 9260
f 7715 4329 7714
f 7715 7714 4338
f 7716 4330 7717
f 7716 4327 4331
f 4331 7715 4338
f 7713 4346 4345
f 4346 7713 7717
f 7718 4350 6756
f 4697 4365 7719
f 7719 4365 4283
f 4366 4283 4365
f 4366 7720 4367
f 7720 4366 4365
f 7721 7719 4368
f 4366 9610 4369
f 4376 4373 4375
f 4334 4312 4311
f 4336 8499 4334
f 7722 4388 4387
f 4393 4303 4396
f 4412 7724 4414
f 7724 4412 4409
f 4419 4420 9370
f 4418 4420 4416
f 4419 4422 7724
f 7725 4422 4421
f 4451 4450 4449
f 7726 4454 4455
f 4455 4454 7727
f 7727 6762 7728
f 4449 7728 6762
f 4449 4458 7728
f 7728 4458 6764
f 4489 4486 4498
f 4497 4488 4489
f 4497 4489 4498
f 4529 6775 7729
f 6775 4529 4527
f 6774 9373 6772
f 4530 9373 6774
f 7729 6775 7257
f 5645 4560 7730
f 4405 7730 4560
f 4564 7731 4558
f 7733 4415 4579
f 6759 7734 6788
f 6774 6785 6790
f 7872 5214 4288
f 4586 4587 4585
f 4587 7735 4589
f 7739 6793 4592
f 4646 5156 4645
f 4649 4648 7737
f 4605 7738 4663
f 4664 7738 4605
f 4665 4586 4585
f 4666 4588 4586
f 4667 7739 8505
f 7742 4592 4666
f 4668 7740 9398
f 7740 4668 4667
f 7741 6803 4609
f 4609 7740 7741
f 7740 4667 8505
f 7741 7742 4664
f 4456 6763 6811
f 7743 4670 9487
f 9398 7726 4668
f 4667 4672 4673
f 7745 4672 7726
f 7739 4673 4352
f 7746 4352 4673
f 4675 4349 9487
f 6763 7747 4669
f 4679 7748 4678
f 7749 4355 4356
f 4680 4681 7750
f 4688 7749 7750
f 7749 4356 7751
f 7750 7751 4680
f 7721 7752 7719
f 7752 7721 4688
f 4695 4696 7752
f 4696 4695 4693
f 4697 7719 4696
f 7752 4696 7719
f 4571 4495 4705
f 7753 4574 4576
f 7753 4576 9547
f 7753 9547 6822
f 4707 7754 4709
f 7754 4707 4710
f 4498 4486 4715
f 4711 4713 4496
f 4411 4410 7755
f 4710 7755 4410
f 7755 4705 4713
f 4713 8986 7755
f 4486 4719 4715
f 4720 4722 4721
f 4723 4720 4721
f 7756 5193 8509
f 7756 4653 4654
f 7757 7868 4775
f 4764 7868 7757
f 4766 6824 4769
f 7757 4775 4776
f 4789 7758 4790
f 7758 4802 4800
f 4791 7758 4800
f 4662 8508 4803
f 7760 4659 4812
f 4819 4807 4806
f 8205 6986 4822
f 4831 4832 4829
f 4828 4829 4832
f 4826 7761 4827
f 7761 4831 4830
f 7762 4836 7851
f 4836 7762 4835
f 7764 4835 4837
f 7763 4827 4837
f 4824 7763 4835
f 4840 7764 4837
f 7764 4838 4836
f 4843 6841 4830
f 4839 7765 4844
f 4847 7766 4846
f 4852 7767 5077
f 7767 4853 4851
f 7768 7770 7769
f 7771 7770 4857
f 8510 9496 8206
f 4861 7772 4858
f 4862 7773 7857
f 4864 7773 4863
f 4862 7774 4863
f 9066 7775 7855
f 4864 4858 4857
f 7814 4860 9496
f 4865 7776 4866
f 4866 7777 8731
f 7777 4859 4867
f 4869 7778 4871
f 8208 4871 7778
f 4871 7779 4868
f 4873 9065 8511
f 7781 4862 4876
f 4870 7783 7784
f 7783 9284 7785
f 7784 7785 4877
f 6844 7785 9284
f 4886 9035 4880
f 4880 7786 7787
f 7787 4869 4880
f 6846 8210 8513
f 4878 9035 4884
f 4869 9065 4880
f 6852 7788 4882
f 7789 7788 6852
f 4881 6845 4889
f 7789 4890 4894
f 7790 9036 6863
f 4904 8603 6868
f 4932 7792 7794
f 7792 2070 7793
f 4936 7793 7795
f 7793 2070 4933
f 4934 7796 7798
f 7796 4935 7797
f 7798 7797 4936
f 4938 4860 4937
f 2078 1994 7800
f 7801 7800 4856
f 4938 7799 7802
f 7799 4936 7795
f 7802 7795 4933
f 4939 7803 7805
f 7803 4934 7804
f 7805 7804 4940
f 7817 7804 7806
f 7804 4934 7806
f 4941 7807 7809
f 7807 4942 8220
f 7809 7808 4943
f 4870 7810 7812
f 7812 7811 4944
f 4944 7811 7813
f 7816 4937 7814
f 4937 4860 7814
f 7814 4865 7815
f 7816 7815 7806
f 4944 7813 7818
f 7818 4943 7817
f 7818 7817 7806
f 4945 7819 7821
f 7819 4941 7820
f 7821 7820 4946
f 4946 7820 7822
f 7820 4941 4947
f 9286 7823 7824
f 7823 4948 8223
f 7824 8796 4949
f 7825 4883 4950
f 4951 7825 7827
f 7825 4950 7826
f 7827 7826 4949
f 7811 7810 7828
f 7810 4870 7784
f 7828 7784 4877
f 7828 4877 7829
f 4951 7822 7829
f 7829 7822 4947
f 7924 7830 4952
f 7831 4952 7830
f 7831 6900 4952
f 4956 7832 4955
f 4955 7832 7833
f 7833 9286 4955
f 6905 4962 4961
f 4950 7835 8225
f 7835 4888 7836
f 8225 7836 4955
f 4962 7836 4888
f 6901 6903 6910
f 9266 6913 6915
f 4970 6916 8231
f 4988 4989 5332
f 4991 6934 6935
f 4993 4994 4995
f 5008 4841 4842
f 5010 7767 5009
f 6952 7838 5014
f 7839 5006 4828
f 7839 4828 5016
f 7840 5003 6947
f 2166 2164 5018
f 6962 5019 5022
f 7841 6960 5021
f 8992 5028 7867
f 5030 7842 7791
f 7842 5033 4919
f 4907 5040 8797
f 5045 4905 9408
f 5038 6964 5046
f 6970 7844 4897
f 4887 5059 6977
f 8236 6980 5060
f 5058 7845 5059
f 6979 7846 7765
f 7847 4844 7846
f 9402 7848 5065
f 7849 5065 5066
f 8235 5068 5058
f 6982 7849 9267
f 7853 7852 7850
f 7852 7853 6983
f 5069 4834 7851
f 7851 7852 5069
f 7853 5061 6983
f 5070 7854 5066
f 5069 7854 4834
f 9300 5072 6985
f 5010 6948 7859
f 7859 5077 5010
f 4802 5085 5082
f 8520 5085 8521
f 5094 5096 7860
f 5094 7860 7841
f 7860 5095 8517
f 8517 6960 7860
f 7861 7841 5022
f 5103 7862 5109
f 7861 5094 7841
f 7861 5106 5094
f 5111 7862 5113
f 6993 7736 4590
f 7862 5102 5023
f 7865 5253 5170
f 7866 5141 5138
f 7865 5170 5166
f 8995 5167 8524
f 5168 9038 5032
f 5034 5168 5032
f 4774 7868 5175
f 7737 5187 5188
f 5178 4647 4650
f 7870 4316 5229
f 5227 7870 5228
f 5228 7870 5229
f 8998 7871 7873
f 5239 5238 7871
f 7872 8091 8998
f 7873 5218 7872
f 5214 7872 5218
f 7873 7872 8998
f 7873 5119 5218
f 5114 7871 5238
f 7874 5121 5242
f 5243 7864 5125
f 7875 7007 5259
f 7876 5265 7007
f 7875 5266 5263
f 5270 5268 5267
f 7877 5267 5268
f 5026 6058 8334
f 5278 7879 7881
f 7879 3460 7880
f 7881 7880 5279
f 7880 5280 5279
f 5280 7880 3460
f 4935 7882 7884
f 7882 5281 7883
f 7884 7883 8732
f 8732 7883 7886
f 7883 5281 7885
f 7886 7885 5279
f 8732 7886 7889
f 7886 5279 7888
f 7889 7888 5282
f 5280 7890 5283
f 7888 5283 5282
f 5282 5283 2464
f 7891 5286 7892
f 5286 7891 3929
f 5285 7892 5286
f 7893 5287 7894
f 7899 7894 5285
f 7894 5287 5285
f 5281 7882 7896
f 7882 4935 7895
f 7896 7895 4939
f 5281 7896 7898
f 7896 4939 7897
f 7898 7897 5289
f 3932 7900 7902
f 7900 3461 7901
f 7902 7901 5278
f 5286 3929 7904
f 7903 7904 3929
f 5286 7904 7906
f 7904 3932 7905
f 7906 7905 5289
f 5290 7907 7908
f 7908 7909 5291
f 5292 7909 8733
f 4948 7910 7912
f 7910 7913 7911
f 7912 7911 5293
f 7911 7913 5291
f 5287 7893 7915
f 7893 4942 7914
f 7915 7914 4945
f 5287 7915 7917
f 7915 4945 7916
f 7917 7916 9293
f 7911 5291 7918
f 5294 7918 5291
f 9299 7919 7921
f 7919 5284 7920
f 7921 7920 5292
f 7920 5284 9293
f 5292 7920 5294
f 3943 7922 7698
f 7922 5296 8246
f 7698 8246 5295
f 7924 4948 7830
f 7913 7925 8245
f 7925 5302 7926
f 8245 7926 5303
f 7926 5302 5301
f 7692 7927 7928
f 7928 7923 7692
f 5303 7928 5290
f 7929 7019 6728
f 7699 3956 6728
f 7930 5295 5308
f 7931 3963 5312
f 5336 8247 7060
f 7083 7080 8249
f 9378 5347 5346
f 5349 7085 7934
f 7935 7085 5343
f 9378 5344 7085
f 5349 7934 7936
f 7934 3982 7936
f 3768 5362 3769
f 8483 3698 3769
f 3768 7937 5362
f 7937 3766 5362
f 7646 3488 5365
f 3770 7660 7939
f 7660 3779 9649
f 3772 7940 7941
f 7942 7941 7661
f 4021 8608 7943
f 8608 4019 7943
f 4021 3772 8608
f 5369 7944 3476
f 7631 3488 7944
f 3490 7647 3711
f 7647 3490 3495
f 3886 3610 7102
f 3886 5395 3610
f 3529 7945 3528
f 7635 3528 7945
f 7635 3535 3533
f 3538 7945 3529
f 7635 7945 3540
f 7946 3640 3531
f 5429 7948 5516
f 7949 5392 3614
f 5458 7950 3994
f 7950 5466 3989
f 3484 7630 3487
f 3610 3601 7102
f 5378 7946 5386
f 3903 7946 3531
f 3902 3899 3901
f 5391 3900 3894
f 5392 3618 3614
f 7951 5497 3678
f 3642 7952 9478
f 7952 5516 7948
f 7953 5516 3992
f 5484 5490 5482
f 7953 5461 5516
f 7954 5555 9364
f 7954 5444 5555
f 5466 3995 3986
f 7950 3995 5466
f 5556 5557 5456
f 3820 4012 3819
f 5563 3853 3850
f 9272 3826 3821
f 3707 7103 5578
f 5378 5464 3640
f 5464 5401 3640
f 7957 3680 5589
f 5591 5593 5366
f 5593 7955 3758
f 5593 3762 5366
f 7957 3687 3684
f 3686 7957 5589
f 5599 5598 4463
f 4463 7747 6763
f 7747 4464 8252
f 4451 4449 5602
f 4685 4678 7958
f 7748 7958 4678
f 4676 7959 4681
f 4695 7959 5605
f 7960 5611 4475
f 4276 5609 5607
f 4476 7960 4475
f 4472 7960 5612
f 7961 8534 5618
f 8502 4507 4512
f 5629 4566 4569
f 4547 4549 5640
f 7731 4557 4558
f 8537 4446 4440
f 4381 4724 4726
f 4324 4389 4386
f 4390 4324 4386
f 4682 7962 4684
f 5325 7963 5320
f 8528 5001 4993
f 5322 7964 7104
f 7964 5327 5339
f 5318 7963 5326
f 7105 8253 7110
f 8559 9388 5813
f 7229 8266 9048
f 8035 5759 5822
f 9145 8620 5797
f 8619 8610 8621
f 8738 8656 8860
f 5779 9182 9132
f 8356 5752 5776
f 7164 5845 9626
f 8750 9189 8738
f 8681 8369 8373
f 9054 7170 7239
f 5907 5908 7240
f 6093 5913 7992
f 8303 8894 7184
f 5893 8052 7185
f 7188 8308 7189
f 9070 9582 8640
f 7200 9582 9070
f 8554 9306 8393
f 7219 8009 7214
f 8006 8400 9117
f 7217 6064 8009
f 6046 6099 8849
f 8850 8849 5988
f 7107 8254 7108
f 5689 5692 7225
f 9047 8019 7126
f 8652 7110 8013
f 6077 8757 5672
f 5681 8345 8346
f 8758 8256 8761
f 8804 7118 8802
f 8337 8756 8012
f 9621 8020 9047
f 5819 8023 8870
f 9505 8740 8658
f 8356 7141 8029
f 7232 8764 8279
f 9048 7975 7139
f 8026 7975 9048
f 8763 8661 8279
f 9099 7144 9051
f 8610 8814 8868
f 9051 9078 8627
f 9069 7160 9607
f 9534 8680 8673
f 7157 8290 7165
f 7237 8300 7239
f 7171 8297 7172
f 7172 8297 7238
f 9296 8296 8368
f 7241 8043 7990
f 8884 8376 8828
f 8775 8833 5927
f 7179 7182 7178
f 7185 8052 7194
f 8051 8310 7245
f 7245 8310 8687
f 8411 7211 7192
f 7203 7204 8699
f 7194 8056 7199
f 8782 6024 8902
f 7196 8553 8552
f 6022 6020 8059
f 8392 7199 8055
f 7199 9043 8388
f 8700 8322 8641
f 8844 7192 8070
f 8787 8410 8753
f 7003 8074 7250
f 8643 8335 8647
f 7264 5657 5658
f 260 241 5712
f 316 152 5679
f 5745 1211 5746
f 5801 1315 5803
f 8086 8087 2437
f 8087 2435 6497
f 9412 8089 8087
f 8089 9412 5858
f 5861 8088 5858
f 8088 8089 5858
f 8469 3134 5928
f 5872 3026 3027
f 5894 3026 5872
f 3131 5939 8048
f 9367 8051 5891
f 7708 4121 5953
f 6009 4174 8781
f 5985 5959 4197
f 8091 5996 8093
f 4286 8092 5958
f 6039 4309 6042
f 6063 6062 8793
f 6056 7217 8009
f 36 7262 6117
f 478 472 479
f 585 583 584
f 587 8096 6127
f 590 6129 6131
f 8097 6131 593
f 6132 594 9492
f 8098 6132 9492
f 6132 8098 593
f 8096 588 6127
f 593 8098 8096
f 8099 588 8098
f 7327 7279 9492
f 8100 6133 7012
f 597 6133 598
f 596 6135 8099
f 588 8099 6135
f 7282 620 621
f 626 625 9637
f 6145 8927 8102
f 634 8102 8927
f 8101 6148 6146
f 617 7286 618
f 7285 7287 636
f 628 6145 8102
f 8103 6150 8928
f 48 7288 6162
f 46 6109 47
f 688 686 9084
f 6186 8930 9084
f 6166 692 7290
f 6167 690 7294
f 7291 693 6167
f 6168 6170 772
f 6167 6174 690
f 729 6176 8104
f 6176 730 8104
f 741 8104 730
f 834 833 840
f 853 844 7300
f 847 7300 844
f 7304 872 873
f 7305 873 8106
f 874 8106 873
f 877 8107 7305
f 8107 868 7304
f 7305 8107 873
f 869 7307 870
f 869 8107 877
f 877 8108 878
f 7653 7652 7310
f 7652 879 7306
f 7310 7306 878
f 8106 876 7571
f 876 8106 874
f 888 7659 880
f 894 7566 891
f 7566 894 7587
f 890 7569 8425
f 7569 890 893
f 863 7316 6201
f 7572 875 7317
f 909 7317 875
f 8428 6203 975
f 698 6210 1055
f 698 1055 6213
f 6215 1062 6216
f 6215 6216 1060
f 6221 8109 887
f 6221 7321 8109
f 7323 1071 6224
f 7322 586 9608
f 6223 1071 7322
f 7324 584 583
f 584 7324 9608
f 1073 8110 7325
f 7325 1065 1067
f 622 6144 9016
f 7326 9016 620
f 1077 8111 7329
f 8111 1074 7326
f 7282 7328 620
f 1078 7333 7330
f 7332 1074 8111
f 7330 8111 1077
f 1080 9063 7334
f 9063 595 7279
f 7334 7279 7327
f 1075 7331 7335
f 7331 1075 1074
f 635 7337 7336
f 7337 9654 8112
f 7336 8112 1076
f 635 8113 1081
f 1077 1076 8112
f 6228 9440 634
f 1082 8114 7339
f 8114 9654 7337
f 7339 7337 1081
f 7340 9654 8114
f 7340 8114 1082
f 1082 8580 6232
f 1084 7553 7343
f 7343 1078 9658
f 1084 8115 8116
f 1085 7347 1086
f 7345 6508 1090
f 6232 1092 7346
f 8580 1092 6232
f 6233 1092 9017
f 7347 6230 8581
f 1087 1102 7350
f 1100 7350 1102
f 6239 1105 6103
f 7354 29 28
f 30 8117 6244
f 8429 1110 7355
f 1114 7355 1110
f 6249 8935 1115
f 1114 6249 7355
f 1118 7355 6249
f 1106 1111 8934
f 8934 8429 1120
f 1122 6251 6252
f 7357 1123 8935
f 7356 1124 1125
f 7356 8582 1123
f 1112 31 6107
f 7357 1113 7359
f 8117 7359 1113
f 1128 1124 8430
f 8430 39 38
f 1168 7362 1169
f 1174 1296 1173
f 1474 8725 1468
f 6267 1519 1520
f 1649 1655 6280
f 1649 6280 1650
f 1404 7384 1663
f 6288 7385 6293
f 6279 7385 1651
f 8119 1715 6295
f 8119 6298 1715
f 6297 1713 1714
f 9058 7387 1723
f 7404 9222 1799
f 7393 6271 1743
f 1801 1802 1803
f 1809 8120 1808
f 7397 6314 7597
f 1809 6314 8120
f 1804 9060 7394
f 7394 8584 1585
f 1817 1814 9493
f 1605 1829 1838
f 6323 7402 1844
f 1845 8121 1546
f 6324 8121 1845
f 1747 6334 1924
f 1962 7407 1961
f 7407 1962 1960
f 8122 1971 1969
f 7408 1973 1974
f 1978 7409 1985
f 7409 1978 1984
f 8123 1987 8124
f 6343 8124 1987
f 1985 8124 6343
f 8124 1985 7409
f 1993 1980 1986
f 1998 8125 7416
f 8125 1996 7413
f 7416 7413 1995
f 2001 7423 7419
f 7423 1996 8125
f 7419 8125 1998
f 2003 8126 7424
f 8126 7770 7411
f 7424 7411 1996
f 2004 7426 8794
f 2006 8127 9020
f 9020 7417 8794
f 8128 2006 7425
f 7429 7425 2005
f 7432 2013 8129
f 2013 7432 2012
f 2013 7435 8129
f 7435 2006 8128
f 8129 8128 2009
f 7501 8130 7434
f 8130 2000 7420
f 7434 7420 1999
f 1999 8127 7436
f 8127 1999 1998
f 7434 2012 7501
f 2014 2015 2008
f 6344 8131 2016
f 6344 2014 8131
f 2014 6344 2015
f 8132 2009 7430
f 7437 8132 7430
f 8133 6346 2016
f 6346 2023 2017
f 2027 7431 2010
f 2010 9494 8132
f 8132 9062 2010
f 2018 9062 7437
f 9062 2026 2028
f 8134 2031 6352
f 8134 6351 7438
f 8134 7438 2030
f 2036 8134 2030
f 8134 2036 2031
f 8135 6362 6359
f 6362 8135 6360
f 8136 6363 2033
f 9297 6364 9391
f 8137 6365 2042
f 8138 2041 8137
f 8139 6366 6414
f 7439 6366 8138
f 2041 8138 6366
f 8137 2042 6371
f 7442 6453 8448
f 7442 2048 6374
f 6354 6372 2048
f 6364 9297 6373
f 8140 6375 2040
f 7443 2049 6365
f 2049 7443 6375
f 6365 2049 6378
f 8142 6380 2055
f 7444 6381 2054
f 9022 8142 6386
f 8142 9022 6380
f 7440 2044 6367
f 6392 2063 6389
f 6391 8143 6390
f 2075 8144 7451
f 8144 2073 7448
f 7451 7448 2072
f 2076 7464 8145
f 7464 7465 8145
f 7452 8145 1997
f 8146 1997 1995
f 2077 2073 8144
f 7453 8144 2075
f 2078 9285 7455
f 9285 2070 7446
f 7455 7446 2073
f 2077 8146 7454
f 8146 1995 7414
f 7454 7414 1994
f 2081 8148 8147
f 8148 2075 9659
f 2083 8149 7459
f 8149 2081 7456
f 7459 7456 2080
f 2084 7475 7461
f 7475 2014 7428
f 7461 7428 2007
f 2007 8150 7463
f 8150 2007 2005
f 2085 7466 7462
f 7466 2081 8149
f 7462 8149 2083
f 2004 7415 1997
f 2076 8148 7467
f 8148 2076 2075
f 2085 8150 7465
f 8150 2005 7427
f 7465 7427 2004
f 7469 8151 8152
f 2087 8153 8151
f 8153 2083 7460
f 8151 7460 8152
f 2089 8154 7471
f 8154 2087 7470
f 7470 7468 2086
f 2019 7472 7473
f 2016 8724 8133
f 8724 9023 7472
f 8133 7472 2019
f 8724 2090 9023
f 7476 2087 8154
f 9023 8154 2089
f 2014 2008 7428
f 2084 8153 7477
f 8153 2084 2083
f 2090 8131 7474
f 8131 2090 2016
f 2091 8155 9322
f 8155 6513 6396
f 8155 6396 2092
f 7479 2089 7471
f 2096 2094 6398
f 7481 6396 8585
f 8157 2033 2032
f 2032 2030 8158
f 8795 8158 2097
f 2029 2020 7473
f 7479 9567 2089
f 7480 7482 2097
f 2097 8158 2029
f 7438 2029 8158
f 7485 6403 8447
f 2100 8159 6405
f 7484 9025 2103
f 8160 2100 2099
f 7483 2102 6407
f 2102 7483 2100
f 2039 6409 2040
f 6411 7484 2103
f 6413 7485 8447
f 6406 2107 6419
f 6435 9298 6440
f 6436 2138 2137
f 2140 6440 6437
f 2158 2154 7489
f 2153 7489 2154
f 6954 7489 2153
f 7490 6446 1966
f 7488 2155 2152
f 2058 2057 8161
f 8161 2184 2058
f 6453 2189 9027
f 2188 2189 7494
f 8162 6456 2199
f 6460 6459 6462
f 7496 2011 2027
f 2025 7496 2027
f 8123 6463 1987
f 2212 7499 2211
f 6470 2211 7499
f 7499 7498 2213
f 6471 2213 2208
f 2214 7508 7500
f 7508 2000 8130
f 7500 8130 7501
f 2218 7501 2012
f 7502 2213 7498
f 2213 7502 6473
f 1972 7510 2220
f 7504 2214 2217
f 2221 7855 7505
f 7505 7422 2002
f 2214 7509 7508
f 7509 2223 7507
f 7508 7507 2222
f 2222 7418 2000
f 7418 2222 2002
f 2226 2225 7510
f 2220 7510 2225
f 2225 7504 2220
f 7504 2225 7509
f 8163 6476 2228
f 2228 2229 2231
f 8161 2057 9227
f 2348 6485 6487
f 6497 8164 2436
f 8165 2441 2442
f 8165 8961 6500
f 6547 8238 7519
f 2445 7519 8238
f 7518 8164 2442
f 8165 2442 8164
f 8185 6505 6434
f 2459 8166 7521
f 8166 596 7280
f 7521 7280 595
f 2460 7539 7525
f 7539 2079 7525
f 2074 8167 7527
f 8167 2074 2072
f 2461 8168 7526
f 8168 2459 7522
f 7526 7522 2458
f 2463 8169 7529
f 8169 2459 8168
f 7529 8168 2461
f 2461 8167 7528
f 8167 2072 7449
f 7528 7449 2071
f 6506 7531 2464
f 597 8166 9640
f 8166 597 596
f 2463 7531 8169
f 9640 8169 7531
f 2465 8726 7552
f 7552 7532 7333
f 8170 7458 2082
f 2082 8171 7537
f 8171 2082 2080
f 2469 8172 7536
f 8172 2467 7533
f 7536 7533 2466
f 7525 7450 2074
f 2460 7523 7540
f 7523 2460 2458
f 7541 7542 7540
f 7542 2467 8172
f 7540 8172 2469
f 2469 7537 7538
f 8171 2080 7457
f 7538 7457 2079
f 1080 7532 7543
f 7532 1080 1079
f 7541 7523 2457
f 2470 7546 1083
f 7546 8116 7341
f 2473 8173 7548
f 7548 8173 2088
f 2088 2086 9086
f 2474 8175 7549
f 8175 2472 7547
f 7549 7547 2471
f 7469 8152 9028
f 8152 7458 8170
f 9028 8170 2468
f 2468 2466 8176
f 2475 2472 8175
f 7551 8175 2474
f 8174 2086 7469
f 1084 7554 7553
f 7554 2475 8177
f 7553 8177 2465
f 1084 8116 7545
f 7554 7545 2472
f 2475 7551 8176
f 8176 2466 7534
f 8177 7534 2465
f 2091 8173 2473
f 8173 2091 9322
f 2473 2471 7556
f 8178 7556 2471
f 7557 2479 2482
f 2470 7558 2484
f 2484 8178 2470
f 6515 2485 8592
f 8591 8727 8590
f 6402 6401 6517
f 7559 6518 2478
f 6519 7559 8589
f 6402 6520 2099
f 2487 2491 1101
f 2476 7555 2491
f 1101 8591 2487
f 2487 7559 2491
f 6522 2493 6531
f 8455 6528 2486
f 6241 7560 1099
f 8180 2501 6537
f 9348 9662 2501
f 9559 6542 2513
f 7058 9283 2515
f 9392 8593 2517
f 2519 9392 2517
f 2444 2441 6548
f 6564 1061 6568
f 2532 7561 6568
f 2534 8181 2529
f 2535 2537 8182
f 8181 8182 2537
f 6570 2529 8728
f 8181 8728 2529
f 1129 9030 2539
f 2539 7563 9393
f 7564 2540 6582
f 8183 6569 6572
f 8183 2542 7563
f 2542 8183 6572
f 6571 9393 9413
f 2536 7563 2538
f 8594 6576 2515
f 6576 8594 2514
f 2541 8184 7358
f 8184 2547 1122
f 7564 2547 8184
f 2547 7564 6582
f 7566 2557 7314
f 7567 836 895
f 897 7314 2557
f 7570 899 7569
f 900 7569 899
f 8595 7314 7315
f 7570 7315 902
f 912 7317 909
f 6255 7361 1160
f 779 1034 778
f 716 957 955
f 9493 1814 7588
f 1823 7588 1814
f 1771 1680 8118
f 2805 7396 1820
f 7397 1820 7396
f 6499 8185 2132
f 2132 8185 6434
f 2910 7599 2909
f 8599 6610 8186
f 8187 8186 6610
f 8974 3455 8186
f 3453 8186 3455
f 3454 8187 6611
f 582 589 6612
f 6616 6613 8477
f 6617 8974 3454
f 8188 3458 3456
f 3461 8189 7625
f 8189 3459 7622
f 7625 7622 3458
f 3462 3463 8100
f 8188 3456 7626
f 6611 7626 3456
f 6611 3463 7626
f 3462 8190 7626
f 8190 3460 7624
f 7626 7624 8188
f 7629 3485 3481
f 3484 3487 6627
f 3495 7631 3489
f 3492 9552 6631
f 7634 9394 3500
f 3506 8191 3507
f 6635 3507 8191
f 8192 6636 6644
f 3556 8193 6649
f 3563 3561 3565
f 3565 3561 7637
f 7637 3561 3560
f 7668 3595 3594
f 9466 9032 6663
f 9032 3596 6663
f 3625 7641 9032
f 3603 3604 9466
f 7642 9597 3627
f 3624 7643 6675
f 3701 3468 3469
f 7648 6685 9600
f 7307 7651 870
f 3748 3746 7654
f 8482 7654 3746
f 7662 3744 9660
f 8109 7656 888
f 7659 888 7656
f 7655 7309 7659
f 7309 7655 7653
f 7655 3757 7658
f 3762 8195 5366
f 8196 3768 3760
f 8194 3760 3768
f 3772 8197 7940
f 8197 3772 3767
f 3823 6693 3797
f 8109 888 887
f 1073 8599 3453
f 7671 8110 1073
f 7671 3920 3919
f 3453 3455 3924
f 8198 8199 6717
f 7681 7680 7672
f 7680 3482 7628
f 7672 7628 3481
f 3925 3927 7673
f 7677 7673 3927
f 3481 3485 7673
f 3931 7675 7677
f 7675 3930 7688
f 7677 7688 3928
f 3932 7679 7900
f 7678 3459 8189
f 7900 8189 3461
f 3931 3927 6718
f 3932 7903 7679
f 7903 3929 7676
f 7679 7676 3931
f 3501 7682 9394
f 7681 7687 3934
f 7687 7681 7672
f 3935 3936 7683
f 3933 7683 3936
f 7685 6723 7683
f 3930 9299 7689
f 7686 3938 9040
f 8980 8200 6721
f 8200 8980 6722
f 7690 7693 3946
f 6725 8200 3940
f 7694 3953 7696
f 7697 3944 3943
f 3944 7697 3957
f 7699 6728 3955
f 6730 3963 7931
f 7700 7702 3963
f 7705 2912 7703
f 8201 7703 2912
f 3966 3967 7703
f 7705 7703 3967
f 3968 6738 9485
f 3972 3971 8491
f 3976 9562 9396
f 7705 7704 2912
f 2911 2912 7704
f 9562 7705 3967
f 6743 7599 2908
f 3979 3980 8730
f 3979 3977 3978
f 3982 6744 3981
f 7707 4025 4024
f 4281 9610 4521
f 4279 4529 8092
f 6757 4311 4312
f 4332 4330 8202
f 7716 8202 4330
f 4332 8202 6755
f 8202 7716 4333
f 4348 4305 4347
f 7720 4363 4364
f 7727 4454 4453
f 4523 6770 4517
f 9373 4524 4525
f 4522 6773 4528
f 4491 7730 4404
f 6776 9473 4565
f 9262 7259 6791
f 6803 6802 4609
f 6810 8536 4639
f 4664 7742 4666
f 4456 6811 4670
f 4671 7743 7744
f 7746 6756 4353
f 4674 7746 7744
f 6813 4675 9487
f 7718 7743 9487
f 7743 7718 4674
f 4688 7750 7959
f 7750 4681 7959
f 6768 4689 4702
f 4706 4571 4707
f 4710 4410 4573
f 4709 4706 4707
f 7754 4574 7753
f 4705 4495 4713
f 4643 7759 4798
f 4824 7762 8205
f 4825 8205 7762
f 4826 7763 4824
f 6838 7761 4826
f 4856 7800 7768
f 7800 1994 7412
f 7768 7412 7770
f 4857 4858 7771
f 7772 7771 4858
f 4861 8510 7772
f 7772 8206 9612
f 4860 8207 8206
f 8207 4856 9612
f 7857 7773 6984
f 4863 7774 4861
f 4857 7770 8126
f 7775 8126 2003
f 4857 7775 4864
f 7855 7856 9066
f 7773 9066 6984
f 4866 7776 7777
f 7777 8510 4859
f 4867 7781 7782
f 4871 8208 7779
f 7779 8208 4866
f 4870 7812 8208
f 7812 4944 8209
f 8208 8209 4866
f 7780 4871 4868
f 4871 7780 4869
f 4867 4859 7774
f 7781 7774 4862
f 7781 4876 4874
f 9284 7783 7787
f 7783 4870 7778
f 7787 7778 4869
f 8226 6844 4879
f 6844 8226 7785
f 7786 9035 4878
f 6845 8210 4884
f 6852 4890 7789
f 4890 6852 4889
f 4881 4889 6852
f 4894 4893 7789
f 8211 4888 7788
f 8211 7788 7789
f 7790 6917 9036
f 6873 6868 8602
f 4903 6870 8215
f 8518 4904 8212
f 6868 8212 4904
f 6868 4908 8212
f 6871 8212 4908
f 6865 4909 6874
f 8213 6875 4910
f 8214 6875 4909
f 4919 8216 6880
f 7791 7842 6888
f 4932 8217 7792
f 8217 2071 7447
f 7792 7447 2070
f 7797 8218 7794
f 4935 7884 8218
f 7884 8732 8218
f 4938 8207 4860
f 8207 4938 4856
f 4936 7794 7793
f 4937 8219 7799
f 8219 4934 7798
f 7799 7798 4936
f 4933 2070 9285
f 7801 9285 2078
f 7801 4856 7802
f 4938 7802 4856
f 4939 7895 7803
f 7895 4935 7796
f 7803 7796 4934
f 4943 7808 4940
f 8220 4940 7808
f 4942 8221 8220
f 8220 7805 4940
f 4944 4865 8209
f 4943 4940 7817
f 7804 7817 4940
f 7811 8222 7813
f 8222 4941 7809
f 7813 7809 4943
f 7806 4934 8219
f 7816 8219 4937
f 7815 4944 7818
f 4944 7815 4865
f 4945 7914 7819
f 7914 4942 7807
f 7819 7807 4941
f 4948 8224 8223
f 8224 4945 7821
f 8796 8223 4946
f 7825 4879 4883
f 4949 7822 7827
f 7822 4949 4946
f 4950 8225 7826
f 7826 7824 4949
f 4947 4941 8222
f 7828 8222 7811
f 7829 4877 8226
f 7829 8226 4951
f 4951 8226 4879
f 7831 7830 7833
f 7830 4948 7823
f 7833 7823 9286
f 7832 4953 6900
f 4953 7832 4956
f 7834 4892 4961
f 4962 4888 7834
f 8211 7834 4888
f 4950 4882 7835
f 7788 7835 4882
f 8225 4955 9286
f 7836 4956 4955
f 6901 6908 4957
f 6908 6901 4963
f 4963 6901 6910
f 6912 8228 4969
f 8229 6912 4968
f 7837 8229 8230
f 4968 8230 8229
f 8230 4968 6911
f 6913 9266 4901
f 8231 6913 4970
f 6914 8232 6915
f 8228 8231 4969
f 4965 6919 4966
f 8232 7790 4899
f 8232 4971 7790
f 4991 6935 4982
f 4926 8606 8516
f 8233 8606 5002
f 7838 5012 5013
f 7839 6947 5006
f 5033 7842 5030
f 4907 7844 5040
f 5041 8518 8797
f 5042 5044 5048
f 8234 6968 6967
f 8234 6969 6968
f 7844 6970 6971
f 5052 5051 6976
f 8235 4873 8511
f 4887 6977 6851
f 8236 5060 5059
f 7845 5061 8236
f 7847 8236 5061
f 7846 6979 5064
f 7848 4875 4876
f 5065 7849 9402
f 5068 6982 5058
f 7849 6982 9402
f 7850 4839 7853
f 5069 7852 6983
f 7854 5067 5066
f 7850 7851 4836
f 7855 2003 7422
f 2221 9287 7856
f 7856 9287 8519
f 7856 8519 6984
f 4876 7857 7848
f 7848 7858 5065
f 5073 5066 5065
f 8519 7858 6984
f 4825 4834 5070
f 5072 9300 5073
f 5070 5066 9300
f 7511 2227 5071
f 8237 8990 6945
f 5119 6993 5218
f 7876 5264 9648
f 7006 5265 7876
f 2445 8238 5266
f 7518 2445 5258
f 7875 5263 7007
f 5270 7004 5262
f 5278 7901 7879
f 7901 3461 7623
f 7879 7623 3460
f 8732 4932 8218
f 7794 8218 4932
f 5281 8239 7885
f 8239 5278 7881
f 7885 7881 5279
f 2462 8217 7887
f 8217 2462 2071
f 5282 8240 8241
f 8240 2463 7530
f 8241 7530 2462
f 5282 8241 7889
f 8241 2462 7887
f 7889 7887 8732
f 7012 7890 3462
f 5280 8190 7890
f 8190 5280 3460
f 7888 5279 5280
f 2464 8240 5282
f 8240 2464 2463
f 5284 8999 7891
f 8999 3930 7674
f 7891 7674 3929
f 5288 8221 7894
f 5287 8242 5285
f 8242 5284 7892
f 5289 8243 7898
f 8243 5278 8239
f 7898 8239 5281
f 7897 5288 7899
f 5288 7897 4939
f 3932 7902 7905
f 7902 5278 8243
f 7905 8243 5289
f 7899 5285 7906
f 5286 7906 5285
f 5290 8244 7907
f 8244 9365 7684
f 7907 7684 8733
f 5293 8224 7912
f 8224 5293 4945
f 8245 5290 7908
f 7913 7908 5291
f 9293 5284 8242
f 7917 8242 5287
f 7916 5293 7918
f 5293 7916 4945
f 5292 8733 7921
f 7909 5292 5294
f 8246 5298 5295
f 5297 8246 5296
f 7922 7013 5296
f 5301 7015 7014
f 4948 7924 7910
f 7924 5302 7925
f 7910 7925 7913
f 5303 5290 8245
f 4952 6900 4954
f 7692 7691 7927
f 7691 9365 8244
f 7927 8244 5290
f 5303 5299 7928
f 7923 7928 5299
f 7019 7694 6728
f 5304 7026 7045
f 8227 7021 7023
f 7021 8227 7039
f 5300 7029 7028
f 3956 7698 5295
f 3956 7930 7929
f 7930 3956 5295
f 7035 5316 7040
f 8247 5334 7060
f 5335 8247 7063
f 7061 8248 8238
f 5266 8238 8248
f 7062 5264 5266
f 7062 8248 8529
f 7933 5344 8249
f 8249 7081 5345
f 5347 9657 9484
f 5346 5344 9378
f 3982 7934 7935
f 5343 5344 7933
f 5350 7936 3983
f 7086 9288 5350
f 5353 8250 9000
f 8250 5353 7087
f 5353 9288 7090
f 3768 3769 8194
f 7956 8194 3769
f 8483 3769 5362
f 3767 7937 8197
f 7937 3768 8196
f 8197 8196 7940
f 3700 7938 3695
f 3770 8251 3762
f 8195 3762 8251
f 3770 7939 8251
f 8251 7941 7940
f 3780 3781 7663
f 3749 7942 3743
f 7943 6746 4022
f 7943 4019 4020
f 7956 3769 6681
f 4684 7962 7958
f 7962 7747 8252
f 7958 8252 4685
f 4687 7748 4679
f 7963 7104 7964
f 7104 7963 5325
f 4995 4996 5262
f 8652 8337 7110
f 5664 8254 5668
f 7108 9046 7107
f 7224 5668 8254
f 7110 8338 7105
f 7134 7132 9305
f 8338 7110 8337
f 7122 8756 8337
f 8556 9087 7123
f 8800 9087 8556
f 5697 8257 5698
f 7115 5731 5730
f 5707 8273 5777
f 8760 8556 9165
f 8615 7123 8805
f 5720 8347 9501
f 8261 8858 8651
f 8263 8262 8855
f 8756 8265 8012
f 8760 7228 5677
f 8556 7123 8017
f 8736 7970 8018
f 5737 8611 8609
f 5743 8266 5744
f 5742 8350 5707
f 5750 8019 5756
f 5754 8267 5750
f 7125 8268 7126
f 5754 8351 8267
f 8350 7139 8273
f 5699 8737 5701
f 8258 7129 7146
f 7966 8766 8358
f 7230 8270 7142
f 8661 7142 8270
f 5816 5773 7232
f 8273 7139 7233
f 5819 5820 8023
f 5780 8367 5879
f 9132 8360 5783
f 5783 5779 9132
f 5778 5819 8870
f 8811 8863 9301
f 5805 5761 9414
f 8029 5812 9563
f 8028 8659 8272
f 8659 8028 9419
f 5808 5805 8803
f 7134 8540 9073
f 9505 8658 5810
f 5761 8272 8659
f 8283 8281 8282
f 8275 8034 8815
f 8769 8035 5700
f 8283 8798 8665
f 8281 8284 8285
f 5825 8037 5786
f 9103 8627 8624
f 7157 7165 7158
f 7143 7162 7167
f 7987 8362 9302
f 8746 7166 7158
f 5861 5858 5849
f 8826 2453 9169
f 7986 9091 9622
f 5874 8300 5876
f 5873 5876 8300
f 8297 7171 5883
f 8299 7174 8364
f 5892 8299 8364
f 6011 8381 5895
f 5898 8883 5917
f 7175 8046 7180
f 9565 6089 5906
f 5911 8002 5960
f 5913 8045 7992
f 8751 8045 8371
f 7177 8776 8751
f 7992 8045 7244
f 8829 8042 8830
f 8831 7182 7179
f 7179 8894 8831
f 8833 5924 5927
f 8882 8044 5916
f 8632 5897 8836
f 7173 8837 8090
f 7184 8894 7179
f 8056 5945 8055
f 5951 8308 6010
f 5942 8309 5953
f 5953 8309 5950
f 7994 8381 9406
f 8054 5946 7998
f 8703 8063 8842
f 5967 5977 8390
f 7191 8390 8318
f 8312 7191 7196
f 7191 8312 8390
f 5970 6022 9499
f 5982 8313 5911
f 6003 6019 8843
f 5984 9406 6013
f 8849 6099 5988
f 5906 5907 9565
f 8786 8845 8336
f 8916 6001 6000
f 8572 9137 8637
f 8753 8073 8845
f 5948 8055 5945
f 8056 7194 8052
f 8692 6012 8551
f 8389 7187 8388
f 6010 8000 5955
f 8058 8693 5973
f 8314 9499 6022
f 6025 8694 6027
f 8055 5948 8392
f 8835 9425 8551
f 8058 5973 5976
f 5980 8702 5982
f 8002 5911 8313
f 8003 8840 8319
f 5974 8322 5979
f 8002 8313 8841
f 7205 8841 8313
f 8909 7997 8320
f 8706 8838 5947
f 5957 8842 6038
f 8322 5974 8065
f 8066 9429 9568
f 8005 8080 8328
f 8074 8329 8406
f 8007 9137 8335
f 8077 9098 9619
f 8333 8788 9436
f 8009 6064 9295
f 7218 7251 9295
f 8574 8637 8082
f 7105 8338 6075
f 8253 7105 5658
f 8253 5657 8013
f 8648 7106 5662
f 5665 8340 5663
f 8340 5665 8339
f 5663 8340 5660
f 8648 5660 8340
f 5749 8351 5754
f 8351 5749 5747
f 5668 7224 5666
f 5671 8013 5657
f 9426 7111 7113
f 8016 9273 9426
f 8257 7225 5692
f 9273 8343 9411
f 8019 5750 8267
f 5751 8349 5753
f 7126 8268 9047
f 5679 5659 8265
f 5659 8012 8265
f 5680 7965 5671
f 8265 8756 9088
f 7122 8345 8756
f 5709 8014 7228
f 7122 8344 8346
f 5729 5672 9165
f 8802 7118 6078
f 8759 7113 8613
f 8259 5714 8015
f 7118 7227 8347
f 8609 7970 5718
f 8613 8015 9420
f 9088 8345 5739
f 8857 5734 5684
f 8611 5719 8735
f 8348 5694 8650
f 5733 5735 5683
f 5728 9497 8263
f 256 9497 5728
f 5735 8800 5682
f 8855 7121 8801
f 7229 8350 5745
f 5742 5745 8350
f 8266 7229 5746
f 7139 8350 7229
f 8020 5756 8019
f 9047 9445 9621
f 5753 8349 8268
f 8268 5755 5753
f 7126 8351 7125
f 5765 8280 5688
f 5768 5688 8270
f 7112 9409 7133
f 9182 5779 5778
f 8820 9099 8744
f 8671 8860 8274
f 9148 7169 8871
f 9073 8278 8024
f 8266 5743 8026
f 9130 8539 7233
f 6084 5760 8657
f 8027 8657 5760
f 7140 8539 8762
f 5810 6085 8862
f 5801 5803 7231
f 8862 9505 5810
f 8029 9621 8356
f 5756 8020 5798
f 9563 5798 8020
f 5802 8354 5764
f 8352 7230 7142
f 7142 8354 8352
f 6086 5691 8653
f 5807 8021 5691
f 8560 8030 8660
f 8764 8859 8763
f 6086 8653 8277
f 9490 5815 8277
f 8859 5772 8660
f 5811 5799 8658
f 7975 9130 7233
f 8355 8539 8027
f 8539 8355 7233
f 7233 8355 8273
f 5760 8355 8027
f 8280 5815 9490
f 8661 8763 7142
f 5815 8280 5765
f 5764 8354 8560
f 7142 8030 8354
f 8032 7153 9100
f 9092 8622 7136
f 8285 8623 7136
f 8667 8619 8269
f 7146 7129 7966
f 8258 8867 7129
f 8768 9090 8275
f 5759 7147 8770
f 8541 7977 8865
f 7147 8035 8561
f 8867 8866 7129
f 7986 7988 8361
f 7156 8290 7157
f 8749 8630 8822
f 8874 8361 8288
f 8628 8774 7159
f 9091 7986 8669
f 5858 9412 5856
f 8678 8545 8824
f 9093 9328 8040
f 9104 9069 7236
f 8675 9150 9386
f 9626 7163 7164
f 8878 8818 8825
f 8877 9319 8773
f 8873 7235 8680
f 6493 2433 8876
f 8655 9077 8353
f 8626 8286 9513
f 5877 7237 8369
f 5894 8301 5874
f 7172 8365 7171
f 5882 8365 5888
f 5886 8296 5885
f 5887 8368 5886
f 8296 9296 7174
f 8297 5879 8367
f 5888 8366 5887
f 8366 5888 8365
f 8364 7174 7238
f 7172 7238 9296
f 8298 5885 8296
f 8369 7239 8373
f 7239 8369 7237
f 5908 5998 8881
f 8045 6090 8371
f 8371 6090 6089
f 6089 9565 8371
f 5914 9009 5909
f 8882 7243 8883
f 5896 5916 8374
f 8374 7176 5896
f 8884 5901 8686
f 8374 8885 7176
f 8308 7188 8000
f 8377 8048 5939
f 7241 7990 7177
f 8305 8639 8391
f 8776 8777 7244
f 6093 7992 8889
f 7177 8683 7991
f 8633 8777 8377
f 7183 7184 7179
f 5931 8048 7991
f 8685 8304 8890
f 8370 8304 8685
f 8893 7180 8888
f 8895 8306 8892
f 8682 9054 8301
f 7243 5915 8837
f 8052 5893 5944
f 8310 8051 5889
f 5890 8380 5954
f 8378 7188 7189
f 5954 8379 5952
f 8310 5950 8309
f 5952 8379 5951
f 8308 5951 8379
f 7189 8379 8380
f 8379 5954 8380
f 8687 8380 7245
f 7188 8381 7994
f 7994 8000 7188
f 7194 7998 7185
f 5943 7185 7998
f 9277 6009 8057
f 7995 7191 8318
f 5967 8312 5976
f 8312 5967 8390
f 7995 6018 5966
f 8383 7198 8552
f 7198 8383 5985
f 5976 8312 8058
f 8850 5988 5993
f 8385 8386 8396
f 8904 8382 8783
f 6028 8317 5948
f 5949 8054 8569
f 7187 7998 7194
f 7998 7187 8054
f 8900 8389 8691
f 7247 8317 6028
f 7247 6005 8903
f 6024 8782 6007
f 6018 7995 5905
f 8552 8693 8058
f 7197 8639 8902
f 8693 8752 8059
f 6021 5920 8554
f 8054 7187 8389
f 7199 8392 9043
f 8392 5948 8317
f 7191 7995 8393
f 9116 8398 9111
f 9112 9153 8784
f 7997 9110 8566
f 8093 5996 9014
f 8003 8848 8635
f 5912 6038 8307
f 8701 8635 7202
f 8700 7205 8702
f 7201 8848 8785
f 8704 7204 9311
f 8703 5956 8838
f 8909 8320 8062
f 8847 8315 8706
f 8321 8838 8064
f 8908 8320 8566
f 8908 6034 8705
f 8909 8062 8708
f 8067 9317 8325
f 9200 8325 8394
f 8910 8721 8408
f 8710 8397 9430
f 8330 8324 8397
f 9164 8911 8068
f 7211 8411 8722
f 7213 7222 8555
f 8755 9517 8716
f 8008 8407 8401
f 8405 8008 8404
f 9098 8333 8326
f 8915 6057 6059
f 8853 6001 8916
f 8081 8792 8316
f 8854 8073 9500
f 9164 8754 9083
f 8636 9432 8723
f 8567 5992 9198
f 5713 1416 5716
f 5853 5856 9412
f 8412 8094 5855
f 94 93 89
f 112 95 103
f 95 112 99
f 118 87 80
f 194 8413 195
f 8414 7267 8415
f 8414 199 7267
f 8414 193 8925
f 193 8414 8415
f 228 8416 9416
f 242 241 244
f 261 257 259
f 8418 263 262
f 238 263 8418
f 8418 239 238
f 305 204 211
f 5729 8413 194
f 5728 5736 8921
f 8419 330 331
f 8420 393 394
f 27 7261 7273
f 68 476 69
f 9290 477 478
f 8422 8421 53
f 479 9290 478
f 8422 50 477
f 534 535 536
f 482 481 551
f 580 579 309
f 609 610 612
f 609 612 611
f 689 7294 690
f 687 689 6163
f 830 834 839
f 844 843 848
f 871 6197 9422
f 7308 6199 880
f 8425 907 889
f 8426 926 925
f 935 8932 939
f 969 964 967
f 969 8427 727
f 727 8427 728
f 972 926 8426
f 8426 973 972
f 8428 864 9526
f 939 8932 7320
f 30 31 1112
f 8429 8934 1111
f 8430 9340 39
f 9340 8430 1124
f 1190 1189 1199
f 8431 1243 1242
f 8432 5747 8431
f 5749 8431 5747
f 1246 8432 1242
f 1264 8431 5749
f 8433 7364 1233
f 8938 1361 1362
f 1281 1184 1282
f 8937 1277 1278
f 1374 8938 1362
f 1593 8941 1578
f 1415 1413 1405
f 8435 1476 1458
f 1458 1459 6265
f 1472 1467 1469
f 9481 1475 9215
f 8436 1172 1483
f 1508 1507 1512
f 1553 7372 1530
f 1555 1561 1554
f 6272 8439 1579
f 8440 1587 6273
f 1782 8442 1781
f 1786 1797 1934
f 1789 1790 2282
f 1719 1721 1802
f 1726 1803 1802
f 8444 1625 1705
f 1705 9594 8444
f 8444 1840 6324
f 1874 8445 1875
f 8453 1912 1911
f 1779 8446 2317
f 1976 8947 1974
f 7437 2015 2017
f 7468 8151 7469
f 8447 7484 6410
f 2141 2160 2158
f 2167 6450 2169
f 2182 2184 9228
f 8587 2198 7494
f 6355 8448 6461
f 7433 8588 2218
f 1933 8449 2237
f 8449 6478 2237
f 1949 2232 2235
f 8450 6455 2194
f 8451 2255 2165
f 2262 8451 2259
f 1954 1953 2264
f 8958 1725 1724
f 2271 2270 2296
f 8442 1779 2316
f 8442 2316 1780
f 2343 8453 1911
f 1917 6334 2348
f 2362 9638 2282
f 8453 2381 1901
f 1297 2386 1296
f 6236 8727 8591
f 2489 6519 8454
f 2493 8455 6531
f 8456 6214 6566
f 882 7311 6198
f 736 6585 751
f 779 2584 1042
f 788 2586 2588
f 788 2588 2592
f 841 8457 846
f 8457 2758 842
f 998 710 3836
f 1032 1028 750
f 1032 750 1031
f 8458 2683 2681
f 2682 8458 2680
f 8458 2613 2683
f 2699 703 2624
f 2684 2715 2683
f 2673 2731 812
f 2699 2624 2597
f 2767 861 866
f 2768 2767 866
f 9631 9236 9623
f 843 846 8457
f 8457 8461 843
f 2784 2779 2669
f 8461 849 848
f 849 8461 842
f 2598 2729 2699
f 2702 2598 2699
f 2807 8439 1581
f 1580 1581 8439
f 1579 8439 2807
f 2814 1812 2808
f 1603 2818 1602
f 2827 1642 8966
f 1644 1833 1637
f 1641 1644 1637
f 8464 2897 2882
f 2897 8464 2898
f 8464 2899 2898
f 2899 8464 2887
f 7598 2887 8464
f 2938 6595 6601
f 2938 6601 2937
f 2948 8466 2937
f 2979 8467 2960
f 8467 2958 2960
f 8467 2971 2959
f 2981 2983 2980
f 3083 3106 2997
f 3094 3011 9537
f 3095 7608 3097
f 9359 3123 3135
f 8470 3138 3137
f 3138 8471 3128
f 8470 8577 8471
f 3130 3127 3145
f 3146 3130 3145
f 8472 8471 8577
f 8471 8472 3128
f 8473 3200 8971
f 9443 7610 3069
f 3013 3006 8474
f 3245 8475 3247
f 8475 3249 3247
f 3255 3285 3286
f 8596 3307 3305
f 8466 3341 2937
f 3423 3390 3393
f 6616 8477 6615
f 3480 8478 3469
f 3499 8489 6638
f 9599 3547 3546
f 8479 7642 6671
f 8597 8480 3632
f 7644 3658 3660
f 3664 3735 7669
f 8481 3704 3705
f 6620 8483 3766
f 8484 3801 3802
f 3840 8486 3839
f 3839 8486 3594
f 972 8487 926
f 972 3843 8487
f 8487 3843 3844
f 3665 3664 7669
f 3854 3848 3850
f 3803 7666 3799
f 3788 3856 990
f 3934 8488 7681
f 8489 6719 6720
f 8491 3971 6737
f 6742 2909 7599
f 3754 3756 9542
f 4053 8492 4060
f 8492 4061 4060
f 4113 4114 4124
f 8493 5952 5951
f 7708 4128 9495
f 4200 4186 4198
f 5222 4227 4187
f 4029 8494 4230
f 8494 4029 4064
f 4175 8496 4241
f 5220 4215 4250
f 4322 9126 4300
f 4300 9126 9259
f 4326 9126 4323
f 8498 4311 4317
f 8498 8985 4334
f 4335 8498 4333
f 4311 8498 4334
f 4336 4338 4337
f 4336 4385 8499
f 4379 8499 4385
f 4393 4391 4392
f 4420 7724 4409
f 4425 9370 4417
f 8497 4309 4423
f 8500 4454 9398
f 4453 8500 6760
f 4453 4454 8500
f 5597 8501 5598
f 9374 4502 4728
f 4544 8502 8534
f 4588 8503 4586
f 8503 7735 4587
f 4640 4637 4636
f 7737 8508 5187
f 8504 5187 8508
f 8504 5185 5187
f 8504 4661 5185
f 7742 8505 4592
f 4361 8506 9127
f 4363 4697 4692
f 4493 4497 4496
f 4787 8525 4788
f 4793 4796 4795
f 4648 8508 7737
f 1970 6839 1959
f 6842 4838 7764
f 4840 6842 7764
f 4872 8511 8512
f 4874 8512 7782
f 4883 6846 8513
f 4878 6846 6844
f 6857 4894 6855
f 8515 6872 6873
f 4983 6943 6931
f 4921 8516 6942
f 8517 6961 6960
f 5037 9128 5031
f 5031 5038 5039
f 8518 5045 4904
f 5058 5059 4887
f 5084 6988 8520
f 5085 8520 6988
f 8520 5086 5084
f 4794 8521 4792
f 8522 6965 5091
f 2162 5099 5019
f 5113 7862 5023
f 8523 5035 5142
f 5168 8524 8992
f 8995 8523 5166
f 5135 8992 5167
f 5180 5181 4780
f 8525 4780 5181
f 4751 5192 5194
f 8526 5194 5192
f 4231 8494 5223
f 4308 5226 4309
f 7863 5123 5126
f 8527 3953 7019
f 8527 7043 7702
f 8528 5656 5322
f 5338 8529 7063
f 7100 3467 3701
f 3584 709 713
f 5399 8530 3529
f 3532 5376 3528
f 5403 3620 5392
f 5403 5392 7949
f 5449 5466 3986
f 3986 5454 5449
f 8531 3824 3823
f 8530 3715 3529
f 3703 8481 3705
f 3721 9002 5421
f 5553 8532 5554
f 8532 5546 5554
f 8533 5595 3989
f 8501 5597 4466
f 8534 8502 5618
f 4569 4566 4565
f 5626 9605 4708
f 4546 8535 4547
f 4553 4550 8536
f 8537 4293 5654
f 4724 8507 4725
f 8538 4996 6936
f 8528 5322 5655
f 8767 5758 5771
f 5700 5702 7976
f 5757 8358 5702
f 8278 9073 8540
f 8822 8361 7988
f 7985 8295 8558
f 7988 8546 8822
f 9498 8546 7988
f 8752 8311 8059
f 8049 8832 8050
f 5932 5934 9633
f 8001 8549 8843
f 7999 9617 9133
f 8313 8702 7205
f 8402 9503 9123
f 5739 5738 9088
f 8869 9100 7153
f 9140 8038 9074
f 7112 7146 9409
f 9409 7146 7966
f 8610 8619 8814
f 9147 8668 9089
f 8561 9089 7147
f 8875 9151 8673
f 7990 9009 8683
f 7173 8564 8837
f 8837 8564 7243
f 9114 8898 9134
f 8900 8569 8389
f 8061 6003 8843
f 6041 9014 9135
f 8335 9137 8080
f 7249 8573 8690
f 8695 9170 9139
f 8574 8336 8854
f 8075 9619 8078
f 9137 8082 8637
f 8575 8085 8567
f 1274 1275 5752
f 1416 1414 1413
f 1450 5819 5778
f 6495 8873 8680
f 8086 9412 8087
f 3059 5880 3039
f 3053 8576 5780
f 8577 8470 6089
f 3198 5941 5884
f 5974 8203 5912
f 68 69 73
f 6122 6113 6112
f 622 6139 6141
f 6147 8927 6145
f 633 6147 6146
f 6148 641 6149
f 688 687 6163
f 700 697 698
f 767 6176 735
f 738 6179 746
f 871 8423 6194
f 7323 6129 590
f 8581 6231 7347
f 6240 1106 6250
f 8117 30 1112
f 8582 7358 8184
f 902 8583 1160
f 8583 897 1167
f 2409 8438 1562
f 1563 1555 8438
f 8440 1592 1580
f 1645 8443 6287
f 6287 6274 1651
f 1807 8584 7394
f 7497 2024 8135
f 6461 8448 6453
f 8448 2037 6354
f 8951 6395 6394
f 8585 6397 2094
f 6407 9025 7484
f 6406 9025 2102
f 2143 9026 2142
f 8586 2150 2149
f 6448 8586 2167
f 8587 2191 2193
f 7494 2191 8587
f 2188 8957 2201
f 2209 6472 8588
f 2440 7487 2129
f 2434 9298 6504
f 6435 2138 6504
f 2482 6511 2481
f 6510 8585 6396
f 1091 6508 2480
f 8591 8590 2487
f 8590 6515 8589
f 8454 6515 6516
f 6515 2486 6516
f 8454 6519 8589
f 8591 1101 1100
f 2485 7560 8592
f 8593 8594 2517
f 2514 8594 8593
f 6565 2529 6570
f 8456 6215 6214
f 8456 6568 1061
f 6568 8456 2532
f 1129 7358 7360
f 8582 8184 1122
f 8595 7315 7570
f 855 8460 2784
f 6588 8460 6587
f 6499 2443 6502
f 2871 2503 2505
f 8596 3276 8476
f 8596 3305 3306
f 3457 6618 6714
f 3458 7622 6615
f 6615 8477 6618
f 8975 6647 9031
f 6668 3607 9646
f 8479 3562 9596
f 6679 8597 3546
f 3546 8597 6646
f 3738 870 7651
f 9660 3746 3745
f 8482 8598 3747
f 8483 6620 3465
f 3938 9561 3934
f 8490 6730 7931
f 3972 8491 8981
f 6738 3971 9485
f 6743 6742 7599
f 4028 3922 8600
f 3922 4028 6715
f 7713 9261 9310
f 6789 6787 5947
f 4591 8503 4588
f 6792 6793 9292
f 6807 4640 4636
f 4700 6819 8601
f 6766 8601 4515
f 4707 4705 4710
f 6832 4780 8525
f 6833 4614 4615
f 8513 4882 4883
f 6851 4886 4873
f 4894 4890 6855
f 4894 6857 4895
f 4902 6866 6865
f 8602 6868 8603
f 6870 8602 8603
f 8602 6870 6869
f 9488 9399 6895
f 4983 6931 4984
f 6928 4914 6942
f 8990 6946 6945
f 6963 7867 5025
f 4849 8607 6979
f 6985 5072 5071
f 5297 7923 7016
f 6904 6902 4954
f 8527 7702 3953
f 7079 7935 5343
f 9001 5354 7094
f 7098 5351 9034
f 7099 5352 7086
f 8483 5362 3766
f 7100 3701 7938
f 8608 7941 7942
f 5724 5718 7970
f 8610 7133 8621
f 7115 9405 7226
f 5737 8609 5727
f 9294 7120 8612
f 8261 8651 9087
f 5683 5735 5682
f 8614 7120 8264
f 7120 7969 8264
f 8269 8619 7127
f 5807 8617 8021
f 8618 5766 5705
f 8277 8271 8806
f 8621 7127 8619
f 7973 9664 7168
f 9305 8276 8025
f 8742 8740 9505
f 8741 9146 8278
f 8622 8282 8281
f 8031 5787 5786
f 8284 8357 8285
f 8038 9140 9078
f 5787 8031 8625
f 7135 9181 8820
f 9049 8542 9167
f 9181 7135 9141
f 8874 8628 8361
f 8628 8874 8774
f 9325 8712 9082
f 5866 5852 8631
f 7985 9663 8295
f 7201 8778 5958
f 8829 8632 8887
f 8305 9424 8639
f 7197 8391 8639
f 8836 8049 8887
f 5941 8564 5884
f 8307 9311 8065
f 8641 8065 9311
f 8904 7200 9564
f 8640 9582 8694
f 8550 7994 9406
f 8336 8574 8082
f 8388 8691 8389
f 9133 8692 8047
f 7196 7191 9306
f 8315 9153 8064
f 8907 8321 8899
f 8319 8848 8003
f 7186 9311 7203
f 8065 8641 8322
f 8316 8324 8721
f 8721 8081 8316
f 5990 9138 5993
f 6055 6069 9144
f 8791 7252 8329
f 8335 8643 8007
f 8080 8005 8335
f 8852 8080 8572
f 8073 8753 8410
f 8636 8410 8787
f 4430 5991 8084
f 8341 7108 8254
f 8344 8856 8649
f 7227 8804 7121
f 5737 5719 8611
f 8652 8344 7122
f 7965 8856 8344
f 8625 8022 8287
f 8810 8656 8738
f 8812 8028 8658
f 8560 5767 5764
f 8021 8617 7967
f 7148 8662 9191
f 8357 8623 8285
f 8283 8665 8666
f 5699 8667 8269
f 8361 8628 7986
f 5782 5869 9149
f 8543 9506 8672
f 9100 8672 9102
f 9150 8675 8677
f 9150 9151 7982
f 8291 8878 8772
f 8562 8877 8289
f 5835 5792 9189
f 8861 8864 9498
f 8374 5916 8044
f 8375 8682 8686
f 8375 8686 5901
f 5918 8563 8886
f 8044 7175 8374
f 8885 8374 7175
f 8889 7244 8633
f 7244 8889 7992
f 7177 7990 8683
f 7993 8303 5925
f 7244 8777 8633
f 9108 8684 8890
f 8380 8687 7189
f 8553 5959 8383
f 8835 6023 8634
f 5992 8567 6030
f 8689 8325 9203
f 8084 5964 9500
f 5955 8550 6014
f 9617 8692 9133
f 8391 8568 8305
f 8387 8896 8568
f 8389 8569 8054
f 9303 8896 8387
f 9114 8386 9115
f 9415 9172 8066
f 8698 7996 9314
f 7996 8698 8396
f 8307 8842 8063
f 8321 8907 8063
f 8704 8063 8907
f 8320 8705 8062
f 8838 8706 8064
f 8064 8899 8321
f 9110 7996 8396
f 8701 8708 8062
f 8784 9202 9109
f 9111 8780 8709
f 7222 8710 7209
f 9188 8072 8394
f 9096 8575 9154
f 9144 8646 6055
f 8324 9430 8397
f 9152 8676 9503
f 8008 8403 8404
f 8406 8715 7250
f 9156 9121 9517
f 8407 7252 8401
f 8407 8402 8715
f 8400 8719 9117
f 8717 9121 7253
f 8330 8721 8324
f 8754 7254 9083
f 8071 9665 8083
f 1416 1413 5716
f 244 241 243
f 8421 8422 7275
f 8579 773 7291
f 7296 8423 9422
f 6195 9422 868
f 7308 8964 6199
f 8583 7315 897
f 731 8427 967
f 8932 951 984
f 7322 1071 590
f 8599 7324 583
f 1080 7334 7335
f 7351 8581 1093
f 7356 7358 8582
f 7360 1125 6254
f 1197 1176 1178
f 9215 1477 1476
f 1478 8435 1479
f 1456 7373 1433
f 1491 1182 1496
f 1182 1491 1495
f 1503 1654 1653
f 8437 1470 7379
f 1561 1560 1554
f 8440 6272 1587
f 1612 8441 1423
f 1800 1719 1802
f 1803 9059 1804
f 1803 7393 1801
f 1486 1811 9085
f 2086 7468 7469
f 9023 2090 7476
f 7481 2092 6396
f 2167 8586 2149
f 2336 2184 8452
f 1956 6475 2226
f 8960 2176 2333
f 2355 2358 1791
f 2402 8725 7517
f 1474 7517 8725
f 2444 7519 2442
f 8726 2467 7532
f 7550 2474 8174
f 2485 8727 1099
f 7560 8179 8592
f 8179 8455 8592
f 7562 8728 2538
f 8594 9283 2517
f 882 6198 881
f 8463 7580 2704
f 1155 8459 2746
f 7302 855 2784
f 7586 2774 2791
f 1603 1602 2817
f 9528 8463 2708
f 7600 8465 8201
f 2968 7604 2967
f 3080 3047 7607
f 8473 3146 3200
f 7611 3289 3270
f 8972 3306 3310
f 3259 3241 3376
f 6622 7629 3483
f 9599 3546 6646
f 7640 8729 3594
f 8482 9660 7650
f 7651 8598 3738
f 7650 3740 8598
f 3738 8598 3740
f 3794 3793 3791
f 3795 3797 7947
f 8486 7668 3594
f 3924 3457 3923
f 7682 8488 3933
f 7686 7685 3937
f 8730 7704 3979
f 4326 4325 9259
f 4335 7716 4331
f 8499 4376 4334
f 8505 7739 4592
f 7740 8505 7742
f 8506 4351 4675
f 4683 8506 4675
f 8508 4648 4803
f 4820 4819 9264
f 4822 6986 4821
f 4859 8510 4861
f 7775 2003 7855
f 9065 7780 8511
f 8512 8511 7780
f 7782 4868 8731
f 8513 8210 4881
f 9065 4886 4880
f 4938 4937 7799
f 7823 8223 8796
f 5009 7767 4851
f 5030 7791 5029
f 5034 8524 5168
f 7007 5265 5260
f 8732 7887 4932
f 7907 8733 7909
f 7944 5369 7631
f 3795 7947 3828
f 4446 4445 4440
f 7145 9129 9075
f 5710 8856 5680
f 5757 5713 7966
f 7966 5713 9409
f 5716 7133 9409
f 7131 8737 8255
f 7969 8018 8735
f 8611 8735 8018
f 7969 7120 9294
f 8802 8736 7119
f 8736 8018 9294
f 7123 8615 8017
f 8035 5822 5700
f 9013 5801 9145
f 8762 9145 5801
f 5800 7971 5762
f 7967 8617 9312
f 8260 5678 5795
f 5678 8260 7127
f 7134 8618 7132
f 8750 8738 8671
f 8860 8671 8738
f 9157 8739 9007
f 7162 9196 8879
f 9196 7162 7143
f 8356 5776 7141
f 8659 9419 9414
f 7974 9419 8741
f 8741 8812 8740
f 7148 8623 8869
f 7979 9076 9132
f 8808 9077 8744
f 8628 8669 7986
f 8669 8628 7159
f 8558 9625 7985
f 7981 9626 7160
f 8747 9162 9104
f 9161 8747 9104
f 8630 8288 8822
f 7167 8669 7159
f 9197 9148 8861
f 8546 5863 9185
f 5928 8683 5922
f 8752 8693 7198
f 8777 7991 8048
f 8887 8049 7178
f 8050 7178 8049
f 8050 7183 7178
f 5933 5924 8834
f 8833 7183 8050
f 7186 8906 7190
f 8909 7190 8906
f 9071 8839 8640
f 5969 8752 7198
f 8319 8549 8001
f 5250 8853 8081
f 6033 9435 9276
f 7201 8002 7202
f 9320 8780 7207
f 8845 8786 7210
f 7209 7210 7222
f 9162 8747 9056
f 7106 8648 9046
f 8265 9088 8014
f 8759 9426 7113
f 8262 8347 7227
f 8346 5687 5681
f 7118 8347 5696
f 9501 8347 8262
f 8612 8614 8651
f 8651 8614 8805
f 7970 8611 8018
f 8618 7134 9073
f 9131 6081 8294
f 9146 8863 8811
f 9312 8618 9073
f 8620 9145 9130
f 7140 7231 8616
f 8862 8559 9505
f 9419 8028 8812
f 8030 8763 8859
f 8559 8742 9505
f 8859 8764 9557
f 5795 5796 8260
f 7972 8260 5796
f 8275 9090 7149
f 8610 8868 7112
f 7129 8866 8766
f 8765 8561 8769
f 7129 8766 7966
f 8815 5670 8768
f 5758 8768 5670
f 8035 8769 8561
f 8036 9074 8037
f 8360 9141 5784
f 8772 9313 8292
f 9079 9175 9042
f 9579 9518 9325
f 5856 9168 8562
f 8773 9107 8748
f 7984 8773 8748
f 8293 8876 8677
f 8877 7984 8289
f 9052 8679 8674
f 8875 7235 8041
f 7156 7159 8363
f 7242 8376 5940
f 8372 8376 8884
f 5901 8884 5926
f 8828 5926 8884
f 7989 8828 7242
f 8777 8776 7991
f 7184 8775 6094
f 8775 7184 7183
f 7177 8751 7241
f 7182 8887 7178
f 8048 8377 8777
f 7180 8042 7182
f 7175 7180 8893
f 6020 8693 8059
f 8554 5920 5959
f 8319 8001 8785
f 7201 8785 8778
f 8053 9139 9171
f 7246 9055 7204
f 7247 8638 8317
f 8057 8781 9043
f 7195 9277 8638
f 8057 8901 8638
f 9306 8554 8553
f 8383 8552 8553
f 8552 7198 8693
f 8783 8880 7181
f 8783 9425 8891
f 8061 9071 8060
f 5910 8839 5981
f 8642 8067 8696
f 9320 9112 7208
f 8841 7205 8708
f 8848 8319 8785
f 7203 9311 7204
f 7205 8700 7190
f 8641 7190 8700
f 8641 9311 7186
f 8386 8385 8395
f 7210 8786 7221
f 8007 8786 8082
f 8786 8007 8643
f 9116 8711 9164
f 9173 7212 9072
f 8722 7212 7211
f 8005 8647 8335
f 8005 8409 8647
f 7251 8645 9045
f 9122 7251 7218
f 6056 7219 6058
f 6058 7219 9511
f 8753 7193 8787
f 8792 7223 8316
f 8083 8384 8399
f 9432 7223 7255
f 5681 221 8416
f 8087 6497 2437
f 5849 5858 5856
f 9607 5847 5848
f 8793 6062 5855
f 5855 8094 8793
f 8793 8094 8095
f 6050 6062 6063
f 633 6146 645
f 6163 6166 6165
f 691 6166 6163
f 6167 8579 7291
f 903 8424 7316
f 7328 7326 620
f 9210 8580 7338
f 1082 7338 8580
f 8581 6230 6234
f 1093 8581 6234
f 6240 6250 1107
f 1111 1106 6243
f 8725 1444 1468
f 1925 6336 1930
f 2004 8794 7415
f 9020 8794 7426
f 8794 7417 7415
f 7442 8448 6354
f 8152 7460 7458
f 7471 8154 7470
f 9023 2089 7472
f 8585 8156 6397
f 7481 8585 2094
f 8588 7433 2011
f 8161 9227 2176
f 6434 6505 2133
f 8726 7532 7552
f 7532 1079 7333
f 7552 7333 1078
f 7550 8174 9028
f 2475 8176 8177
f 8727 2485 8590
f 6515 8590 2485
f 6236 8591 1100
f 1101 2491 7555
f 8179 6531 8455
f 6564 6568 7561
f 6565 6570 2530
f 6572 6569 9657
f 7572 898 7573
f 7573 882 8936
f 7573 898 7361
f 2508 9662 9348
f 8477 6613 6614
f 9032 3624 3625
f 3937 7685 7683
f 8488 3937 3933
f 3962 8490 7931
f 2908 8730 3980
f 8730 2908 9240
f 8608 3772 7941
f 8204 6789 5947
f 7779 8731 4868
f 4886 9065 4873
f 6851 4873 4887
f 6873 8602 6869
f 4949 8796 4946
f 4892 6917 4961
f 4983 6928 6942
f 6963 5025 5024
f 8518 5041 5045
f 5042 5043 8797
f 5041 8797 5043
f 8235 8511 4872
f 5058 4887 8235
f 6993 7709 5218
f 8074 6895 4925
f 7098 9034 3975
f 5351 7099 7086
f 9570 8341 9327
f 8665 8798 8799
f 8768 5758 8767
f 8767 9129 7145
f 6077 7228 8757
f 8758 8761 9405
f 5679 8265 8014
f 5682 8800 5685
f 8256 8614 8264
f 5676 9427 9176
f 5685 8556 5686
f 8556 5685 8800
f 8653 5691 8021
f 7970 8736 5724
f 7133 8610 7112
f 7147 5759 8035
f 8758 7115 7114
f 9088 5738 7116
f 9165 8757 8760
f 5677 5686 8760
f 7133 5775 8621
f 8737 7972 8255
f 7972 8737 8269
f 8260 7972 8269
f 7131 7968 5701
f 5717 5775 7133
f 8261 7121 8858
f 7121 8261 8801
f 8800 8801 8261
f 5735 5722 8800
f 8651 8858 8612
f 5734 8857 5719
f 5724 8736 5726
f 7227 7118 8804
f 7227 8855 8262
f 8855 5736 8263
f 8614 8612 7120
f 9087 8651 8805
f 8261 9087 8800
f 7119 8612 8858
f 8612 7119 9294
f 8804 8858 7121
f 8804 7119 8858
f 5728 8263 5736
f 5711 7228 7116
f 8611 7970 8609
f 8765 8358 8766
f 7976 8765 8769
f 7140 8657 8027
f 8358 7976 5702
f 8617 5807 5766
f 8770 9075 9177
f 5771 5827 9177
f 9557 8764 5773
f 7132 7968 9305
f 8617 5766 8618
f 8617 8618 9312
f 7132 8618 5705
f 7133 5716 5717
f 5809 8255 5796
f 9305 7968 7131
f 8255 8276 7131
f 1566 8827 5781
f 8807 9158 8670
f 7979 8542 9049
f 5825 9179 8037
f 9622 9197 8861
f 5792 5794 8810
f 9091 8879 9197
f 9196 7143 7168
f 5852 5793 8547
f 8271 7967 8811
f 8276 8255 5809
f 9305 8025 7134
f 8616 8657 7140
f 8740 8812 8658
f 7138 7134 8025
f 5804 7117 8616
f 9388 8559 7117
f 8024 9146 8811
f 7127 8260 8269
f 5775 5678 8621
f 5793 5862 8547
f 8034 5826 8815
f 5826 8034 9179
f 7112 8868 7146
f 8769 5700 7976
f 5823 5824 8799
f 8665 8799 5824
f 5826 5670 8815
f 5786 8037 8031
f 8771 9068 7150
f 9142 8036 9180
f 8557 8294 6082
f 6083 6081 9131
f 9132 9182 7979
f 8745 8821 9068
f 9439 8022 7144
f 9313 9184 9663
f 7156 8363 8362
f 7158 7165 8772
f 7166 7973 7143
f 8819 9428 9307
f 8076 7216 7160
f 9105 8824 9518
f 8290 7156 8362
f 8631 9663 9184
f 8772 8292 8746
f 9664 9625 9627
f 5863 5867 9185
f 8746 7985 9625
f 9663 7985 8292
f 7985 8746 8292
f 9091 8669 7162
f 5851 8546 5868
f 8547 8558 8295
f 6082 5790 8557
f 8367 5780 8576
f 8886 5900 5918
f 5902 8632 6092
f 8701 8841 8708
f 5940 6091 7242
f 5872 5940 8376
f 8044 8882 8046
f 8776 8045 8751
f 8045 8776 7244
f 8046 8883 8830
f 5897 8632 5902
f 8829 6092 8632
f 8831 8894 9108
f 7993 8889 8633
f 8887 7182 8042
f 7183 8833 8775
f 8833 9508 8834
f 9108 8894 8306
f 5932 9633 9275
f 8831 9108 8888
f 8831 8888 7182
f 5923 8832 5937
f 8887 8632 8836
f 5937 8836 5897
f 8890 8684 8685
f 8090 8837 9483
f 8303 8306 8894
f 5947 8838 5956
f 5942 5895 8378
f 5956 8703 5957
f 8842 5957 8703
f 8314 8311 8896
f 9564 7200 5975
f 6029 6004 8311
f 5958 8778 5983
f 8314 8059 8311
f 5979 8700 5980
f 8001 8778 8785
f 8060 5972 8061
f 5991 5965 8084
f 8084 5965 5964
f 8084 9500 8844
f 7207 7246 7206
f 8315 8847 8066
f 8336 8082 8786
f 7193 9430 7220
f 8323 7220 9430
f 6001 8853 5999
f 8853 5250 5999
f 6002 8572 6043
f 7209 8753 8845
f 6007 8903 6005
f 5962 8551 6012
f 8551 8047 8692
f 7195 8638 7247
f 7195 8846 5921
f 5983 8548 6019
f 8059 8314 6022
f 6023 8835 6017
f 6023 6027 8694
f 6017 8835 5962
f 8551 5962 8835
f 8783 8382 8387
f 8061 5972 6003
f 8548 8001 8843
f 8064 8706 8315
f 8702 8313 5982
f 7202 8848 7201
f 8322 8700 5979
f 8841 7202 8002
f 6035 9136 6034
f 6037 8847 6036
f 5947 6036 8706
f 6038 8842 8307
f 5974 5912 8065
f 6042 9188 8689
f 8324 8316 8323
f 7209 9430 7193
f 8323 9430 8324
f 6044 8852 6002
f 6043 8637 6071
f 8073 8854 8336
f 8070 7192 9143
f 8850 5993 9138
f 9094 9630 9632
f 6057 8915 6063
f 6067 8852 6044
f 8574 6071 8637
f 7220 8787 7193
f 8336 8845 8073
f 6066 9011 6067
f 6071 8574 6072
f 7254 8723 7255
f 8844 8411 7192
f 8345 9088 8756
f 7228 6077 5709
f 8649 8346 8344
f 7115 8758 9405
f 8346 8345 7122
f 6078 5726 8802
f 5712 8016 5723
f 8650 8759 8348
f 5696 6078 7118
f 5718 6080 8609
f 5720 5696 8347
f 8758 8615 8256
f 5721 5687 8649
f 7116 5738 5711
f 5739 8345 5681
f 8857 9176 7969
f 9294 8018 7969
f 8348 8613 9497
f 5684 9176 8857
f 9427 8264 9176
f 8802 5726 8736
f 5695 5737 5727
f 5723 8016 8650
f 9497 9420 8263
f 5694 8348 256
f 7121 8855 7227
f 5736 8855 8801
f 8801 5722 5736
f 8337 8652 7122
f 7965 5680 8856
f 8764 7232 5773
f 5693 8660 5772
f 5705 7968 7132
f 5796 8255 7972
f 9078 7144 8038
f 9502 7977 8663
f 7135 8820 8744
f 8744 9099 8808
f 9077 8808 7152
f 8827 8655 5790
f 8294 8557 9410
f 8353 9410 8557
f 7162 8879 9091
f 5774 8863 5813
f 8024 8811 7967
f 8620 7975 7971
f 7975 8620 9130
f 6084 8657 9571
f 7971 5800 8620
f 8762 8539 9130
f 5797 9013 9145
f 5803 5804 8616
f 8559 8862 7117
f 8616 7117 9571
f 9571 8862 6085
f 5800 5725 8620
f 5801 7231 8762
f 8660 5806 8560
f 8279 8764 8763
f 8279 9490 7232
f 5767 8560 5806
f 8812 8741 9419
f 8277 8653 8271
f 5806 8660 5693
f 8660 8030 8859
f 7117 5804 9388
f 5814 5808 7138
f 7138 8803 8540
f 8278 8540 7974
f 5813 8863 8742
f 8278 9146 8024
f 5815 6086 8277
f 8763 8030 7142
f 9490 8279 8280
f 8280 8661 5688
f 8864 5794 2426
f 5794 8864 8810
f 9142 9140 8036
f 8771 9004 8662
f 9181 8033 8820
f 9183 9190 9007
f 9100 8359 8672
f 8543 9502 9160
f 8656 8871 7169
f 8665 5824 8813
f 9005 7145 7137
f 9092 8668 8622
f 9147 8282 8668
f 9092 7137 7109
f 5821 8813 5824
f 8281 8283 8666
f 8813 8666 8665
f 8623 7148 7136
f 9092 7136 9191
f 5699 8269 8737
f 8619 8667 8814
f 7146 8868 8258
f 5669 8799 8867
f 8867 8798 8866
f 7130 8866 7128
f 8768 8767 9090
f 8815 8768 8275
f 8668 8282 8622
f 8770 5704 5759
f 8868 9192 8258
f 8258 5669 8867
f 5669 8258 9192
f 8765 7130 8561
f 7130 8765 8766
f 8866 7130 8766
f 8359 8869 8357
f 7148 8869 7153
f 7153 9159 8662
f 5841 9185 5867
f 8860 7169 9157
f 9077 8655 8744
f 8870 8023 9178
f 9194 5869 5870
f 8671 9067 9101
f 7152 8807 8039
f 9157 9507 8670
f 8039 8807 7234
f 7155 9103 8872
f 7157 7167 7156
f 9313 8825 9184
f 7159 8774 8363
f 8873 8748 7235
f 9185 8822 8546
f 5864 5867 5863
f 8669 7167 7162
f 7151 9042 9053
f 8545 8678 8629
f 8819 8818 9428
f 8404 8041 9152
f 9118 8714 9006
f 8676 7978 9319
f 8874 8824 8774
f 8878 8825 9313
f 5845 7164 5859
f 5848 8826 7236
f 5856 8562 5849
f 9168 5856 5853
f 8773 7984 8877
f 9431 8630 8749
f 5791 8827 5790
f 8353 8557 8655
f 5781 8827 5791
f 9163 5870 5834
f 8860 8656 7169
f 8810 9189 5792
f 7168 8286 9196
f 8879 8743 9197
f 8743 8879 9193
f 7973 7168 7143
f 5909 8881 5998
f 5908 8881 7240
f 7240 8881 8043
f 5894 5872 8372
f 5871 8681 5904
f 8563 8681 8373
f 7170 8373 7239
f 8046 8882 8883
f 8372 5872 8376
f 7170 9289 8373
f 5904 8563 5918
f 7242 8828 8376
f 8686 8372 8884
f 8046 7175 8044
f 6092 8829 5903
f 7989 7176 8370
f 7176 8885 8370
f 5901 6088 8375
f 8377 8892 8633
f 5922 9009 5914
f 7197 7181 8880
f 8889 5925 6093
f 9009 5922 8683
f 7177 7991 8776
f 8375 6088 8886
f 7989 9652 8828
f 8370 5929 7989
f 8836 5937 8832
f 5928 5930 8683
f 5930 5931 7991
f 5935 8684 8895
f 8895 5938 5935
f 5925 8889 7993
f 5930 7991 8683
f 7182 8888 7180
f 8890 8893 8888
f 5936 8685 5935
f 8684 5935 8685
f 8890 8888 9108
f 7993 8306 8303
f 5929 8370 5936
f 8685 5936 8370
f 8304 8893 8890
f 5938 8892 5939
f 8892 5938 8895
f 8893 8304 8885
f 8304 8370 8885
f 8563 5904 8681
f 8309 5942 8378
f 5961 8691 6016
f 6004 8896 8311
f 8382 9303 8387
f 9564 6095 5970
f 8383 5959 5985
f 8319 8570 8549
f 8568 5971 8305
f 7255 8792 8897
f 8399 8384 8792
f 9155 8784 9109
f 8905 8709 7208
f 8385 9199 8395
f 7246 8907 7206
f 9153 9112 8899
f 5996 8908 6040
f 9110 7997 7996
f 8699 8698 9314
f 8783 8387 8880
f 6025 5972 8060
f 5971 8568 6004
f 7200 8904 8891
f 8783 8891 8904
f 5949 8569 6008
f 8901 9043 8392
f 8691 5961 8900
f 6028 6005 7247
f 6008 8900 6006
f 8317 8638 8901
f 8846 7195 8903
f 8057 8638 9277
f 6007 8782 8903
f 6024 7999 8902
f 6006 8900 5961
f 8781 6016 8691
f 8903 7195 7247
f 9306 8553 7196
f 8058 7196 8552
f 8693 6020 5973
f 8639 9424 8902
f 9133 8047 7181
f 7197 9133 7181
f 8554 5959 8553
f 5921 8846 6026
f 8305 6026 9424
f 8391 7197 8880
f 8694 6025 8640
f 6026 8305 5971
f 8391 8880 8387
f 8900 6008 8569
f 5910 5975 9070
f 5975 6095 9564
f 7208 8709 9320
f 9134 9110 8396
f 8566 6040 8908
f 8570 8319 8840
f 8848 7202 8635
f 8307 8065 5912
f 7202 8841 8701
f 5910 9070 8839
f 6033 5981 8839
f 8702 5980 8700
f 8063 8704 8307
f 9311 8307 8704
f 8063 8703 8321
f 8838 8321 8703
f 8909 8906 7997
f 7204 8704 7246
f 8706 6036 8847
f 6034 8908 5996
f 7997 8566 8320
f 8705 8320 8908
f 7203 9314 8906
f 8003 8635 5978
f 7190 8708 7205
f 8698 8699 8707
f 8708 7190 8909
f 8062 9136 8701
f 7208 9112 8784
f 9201 6045 9135
f 8784 9155 7208
f 8396 8698 8385
f 9055 7207 8707
f 9155 9109 7248
f 8325 8689 8394
f 8695 9188 6042
f 9200 8696 8067
f 5250 8910 6060
f 7221 9044 7210
f 6030 8688 6070
f 7212 7249 7211
f 8053 8069 8072
f 9010 6101 9080
f 8779 8849 8850
f 8911 9665 8068
f 7255 8723 9432
f 8410 8636 8411
f 6073 9198 5992
f 8642 8696 9143
f 9201 8898 9204
f 9509 5986 9204
f 9173 8711 9155
f 7220 8323 7223
f 8399 8792 8081
f 8080 8852 9624
f 9044 8555 7222
f 8397 8710 7213
f 8010 8330 8004
f 7213 8004 8397
f 9125 8004 9124
f 8719 7250 8913
f 7002 7253 8791
f 7877 6059 6057
f 6061 6060 6068
f 6060 8910 6068
f 7216 8076 7215
f 8008 8401 8403
f 5855 6062 5844
f 8332 8790 9119
f 9124 8644 9125
f 8913 8914 9117
f 9056 9511 7219
f 8717 8079 8716
f 8915 8006 9120
f 8715 8406 8407
f 9121 8401 7252
f 8010 8004 9125
f 8010 8332 8327
f 7222 7213 8710
f 8408 8330 8010
f 6059 8400 8006
f 8079 8717 9269
f 8079 8334 6058
f 7252 8791 7253
f 8079 6058 9511
f 9119 9122 8646
f 9206 9124 8720
f 8720 8555 9098
f 9057 6065 9304
f 8081 8853 8399
f 8916 8399 8853
f 8323 8316 7223
f 8787 7220 9432
f 9500 6032 8854
f 7223 8792 7255
f 8085 8575 9096
f 8723 7254 9072
f 8911 9164 9083
f 8411 8636 8722
f 8723 8722 8636
f 8071 8567 8085
f 9198 8575 8567
f 6102 8854 6032
f 6102 6072 8574
f 8083 8916 8071
f 8567 8071 8688
f 8384 9083 8897
f 9412 8086 5844
f 5855 5844 8086
f 40 44 9334
f 51 50 53
f 62 8917 63
f 70 8917 68
f 9573 6076 5661
f 160 161 9573
f 8919 221 5681
f 8919 5687 222
f 8921 280 315
f 8922 305 307
f 291 8922 289
f 306 8922 291
f 128 127 335
f 372 8923 371
f 368 8923 372
f 9585 475 429
f 481 371 8924
f 8923 8924 371
f 8924 480 572
f 8926 581 580
f 8927 633 6228
f 644 6228 633
f 8928 6153 6158
f 8918 7290 6122
f 7290 6165 6166
f 693 8929 702
f 6186 7295 8930
f 833 9575 602
f 886 6199 883
f 8931 6194 8424
f 904 8931 8424
f 8932 934 951
f 9210 6229 9017
f 1086 6233 9017
f 8935 1123 6252
f 6253 9281 9434
f 8936 875 7572
f 1211 5744 5746
f 1273 8940 1248
f 1259 8940 1274
f 5744 1207 1294
f 1319 8938 1318
f 8938 1319 1379
f 8938 1379 1284
f 1240 1284 1379
f 1372 8937 1281
f 1357 8939 1360
f 1316 1319 1381
f 1384 8940 1273
f 1385 8940 1384
f 1397 8941 1398
f 1409 1411 9213
f 1453 7371 1456
f 1469 1440 1472
f 1649 8943 1655
f 1720 1722 1723
f 8959 1789 2282
f 1814 1817 1816
f 8446 1927 2317
f 8945 1943 9225
f 9225 1874 1876
f 1874 9225 1943
f 1979 8947 6342
f 2036 8949 6357
f 8951 2067 6395
f 7470 8952 7471
f 6404 7485 6412
f 8953 6442 2143
f 8954 2163 2255
f 8956 9227 2069
f 2182 7493 2060
f 8957 2203 2201
f 1950 1948 1949
f 2281 8959 2282
f 8959 2281 1937
f 2172 2174 2261
f 8960 2335 2185
f 2356 2355 1798
f 2320 2378 2342
f 8937 1372 5799
f 8937 5799 5811
f 1447 1448 9533
f 2432 6496 6495
f 2438 8961 6501
f 8962 2173 2172
f 2296 8962 2172
f 8962 2451 5843
f 7551 7550 2468
f 2501 9662 6540
f 1047 1041 676
f 667 8963 2570
f 2570 8963 2654
f 8964 8108 7571
f 792 2671 2727
f 2761 9349 2612
f 8965 2596 9349
f 8963 2593 2783
f 2654 8963 2783
f 2748 2749 2773
f 2748 2773 2553
f 1593 1400 8941
f 1666 2853 9355
f 1669 1666 1667
f 1824 8967 1825
f 8968 6500 2440
f 8968 6554 6500
f 2969 2963 2968
f 3006 3000 3211
f 3016 3110 3030
f 3104 3102 3095
f 3104 3095 3096
f 8969 3123 3124
f 3132 3127 3130
f 3134 3133 3132
f 3134 3132 3136
f 3140 3141 3142
f 3140 8969 3116
f 8969 3140 3143
f 3164 3173 3166
f 3166 3172 3167
f 3183 3166 3167
f 3152 8971 3194
f 8971 3149 5938
f 3153 3193 3149
f 3247 3246 3279
f 3275 8972 3273
f 9247 3311 8972
f 3417 3424 3423
f 8973 3160 3174
f 8973 3449 3160
f 3448 8970 3167
f 8974 6617 6618
f 8975 6593 2923
f 3658 7644 3657
f 3593 8976 3835
f 8933 7667 966
f 3925 6717 8199
f 8980 8489 6720
f 6720 9253 8980
f 6732 3965 8981
f 9366 4028 7707
f 4090 4092 5944
f 4234 4108 4107
f 4189 8983 4190
f 8983 4195 4190
f 8997 5988 9377
f 4327 8984 6754
f 9260 4326 4323
f 4335 8985 8498
f 8985 4338 4336
f 9368 6100 6101
f 9257 4418 4302
f 4687 9127 8506
f 8986 4711 4714
f 4714 7723 8986
f 4783 8987 4772
f 4826 8988 6836
f 5029 7843 5031
f 5032 8989 5034
f 8989 5033 9128
f 5037 5036 9128
f 6948 8990 5076
f 5089 9602 5090
f 5090 8991 5092
f 5131 5245 5130
f 5134 8993 5135
f 5138 8994 5139
f 8991 5147 5092
f 5036 8995 5034
f 8996 4158 5216
f 4156 8996 5216
f 8996 4154 5219
f 5231 8997 4321
f 4429 8997 5231
f 8997 4429 5993
f 8998 5239 7871
f 5258 9015 2436
f 5272 9574 8955
f 9474 9574 5272
f 5350 9288 9000
f 9001 7058 7091
f 3835 8976 3834
f 8978 3575 3857
f 3632 3635 8597
f 5508 5504 3726
f 9002 5420 5419
f 5436 5438 9382
f 5419 3997 5422
f 3521 5544 3524
f 8977 5565 7666
f 3681 3682 3691
f 5629 4572 4568
f 4533 9003 5649
f 9003 5646 5649
f 4399 9650 4444
f 5000 4999 4994
f 3733 5508 3726
f 9004 7150 9005
f 9090 9005 7150
f 8541 5829 8663
f 9168 9319 8877
f 8548 8778 8001
f 8022 8625 8031
f 7235 8875 8680
f 7236 9607 5848
f 8043 9009 7990
f 6034 9136 8705
f 171 9012 5665
f 8925 5732 5673
f 242 5706 5715
f 9215 1478 6087
f 1480 8942 5818
f 1478 1480 5836
f 8469 5922 9359
f 5933 3448 5924
f 4090 5944 5893
f 4110 7708 5950
f 5239 8093 9014
f 2437 9015 8412
f 8927 6228 634
f 8928 6149 6153
f 8930 8578 687
f 9279 9208 7289
f 8929 694 700
f 6175 8929 700
f 732 6176 729
f 7293 767 769
f 6195 6196 7303
f 901 7313 891
f 904 872 8931
f 6197 8931 872
f 1090 6508 1091
f 9280 6240 1109
f 6250 8934 1121
f 37 6105 9434
f 37 9434 9018
f 1127 9018 9434
f 9281 6254 1127
f 1127 8430 9018
f 1648 8943 1649
f 8943 6281 1655
f 9019 6286 1645
f 6286 9019 1710
f 9019 6287 7385
f 1740 1800 1801
f 8946 1958 1955
f 6339 1959 4823
f 2026 6348 2024
f 9021 6371 2042
f 6377 9022 8141
f 9022 6386 8141
f 6492 2067 8951
f 8951 2068 6492
f 9322 8155 2092
f 7479 7471 9024
f 9025 6419 2103
f 9026 9226 2141
f 8954 2164 2163
f 2195 8587 2193
f 9027 6458 6461
f 2432 6495 9534
f 6501 8961 8165
f 6494 5850 7161
f 8156 6510 2482
f 6570 9609 2530
f 9030 9609 7562
f 749 6585 746
f 3499 9418 6630
f 6647 9599 9031
f 3543 9031 9599
f 3624 9466 7643
f 3918 3920 6712
f 3925 8199 6718
f 3971 3972 3973
f 6744 9033 6743
f 6745 9034 3983
f 8984 4328 9260
f 4353 9292 4352
f 6765 6778 6779
f 6783 4577 4582
f 9262 8204 7259
f 6793 4590 4591
f 8988 6835 6836
f 8988 4824 8205
f 6978 6848 6851
f 6865 9266 4902
f 9037 6890 4922
f 9037 6891 6893
f 6891 9037 4922
f 6898 4931 4927
f 4959 4956 6905
f 4915 6928 6929
f 6956 8954 2162
f 6963 4930 9038
f 6978 6851 6977
f 9038 8216 5032
f 5268 9039 7877
f 8334 7011 5026
f 8733 9040 7921
f 5304 7019 5305
f 7020 5304 5305
f 3973 6739 7054
f 7058 9001 7060
f 7058 7060 5334
f 7078 9033 7079
f 5348 5349 9000
f 7099 7098 9041
f 7097 9041 7098
f 3601 3607 3600
f 5000 4994 5001
f 9570 5661 6076
f 8256 8264 9427
f 8337 8012 8338
f 5675 8338 8012
f 8355 5777 8273
f 9180 8275 7149
f 9078 8624 8627
f 8629 9042 9175
f 7987 9328 8290
f 8339 9046 8340
f 8346 8649 5687
f 8019 9047 8020
f 9194 9438 8664
f 8026 9048 8266
f 9301 5816 8806
f 9049 5818 5838
f 9167 5836 5818
f 9051 8627 8809
f 9042 8629 9053
f 8824 8288 8678
f 9053 8678 8630
f 9498 7988 9622
f 8681 5899 8369
f 5898 5903 8830
f 6015 9576 9617
f 8699 9055 8707
f 9057 8328 9011
f 8328 9057 8851
f 8086 8412 5855
f 51 53 54
f 8920 229 155
f 611 9575 609
f 7296 801 7297
f 1016 720 994
f 1090 7346 1092
f 1246 1245 1247
f 1345 1321 1346
f 1453 1456 1457
f 1465 6266 1466
f 9019 6288 1710
f 9059 1803 1726
f 9060 9059 7395
f 1810 9060 9085
f 1826 9061 1830
f 1830 9061 1832
f 6336 8944 8446
f 7408 8947 1979
f 7418 2001 7419
f 7430 8948 2008
f 9062 2018 2026
f 8173 9322 8952
f 9620 2094 2096
f 2093 7482 7480
f 2177 8956 7492
f 8958 2416 1298
f 2271 2172 2261
f 8960 8452 2176
f 8176 7551 2468
f 9283 6546 2517
f 881 8936 882
f 658 9352 7582
f 7612 3294 3259
f 3354 7615 9248
f 9064 9512 9465
f 3613 3618 3611
f 3658 3657 9600
f 3677 3678 3641
f 9040 7684 7686
f 6723 7690 3946
f 8981 8491 6733
f 4155 4156 4157
f 4155 4157 4033
f 8984 7713 9310
f 6793 4591 4592
f 8986 7723 7755
f 9035 7786 4880
f 7824 7823 8796
f 9066 7856 6984
f 6948 5076 7859
f 5085 6988 5082
f 7867 9038 5168
f 8216 9038 4930
f 3956 7929 6728
f 9288 5353 9000
f 3677 3641 3674
f 8532 3681 3691
f 7109 8734 8668
f 7229 9048 7139
f 8620 5725 5797
f 5752 8356 9445
f 8821 8817 9068
f 8664 9102 8672
f 8674 8675 8713
f 7200 9070 5975
f 9435 9071 8061
f 8839 9070 8640
f 8332 9119 8327
f 5672 8757 9165
f 9073 8024 9312
f 7975 7233 7139
f 8734 9075 8770
f 8771 9159 8745
f 9049 9050 7979
f 9079 7981 9045
f 7981 9079 7163
f 8679 8677 8675
f 9054 8300 5874
f 9097 8789 9323
f 8790 9516 9578
f 9082 8712 9578
f 9309 9325 9082
f 8911 9083 8384
f 4174 6016 8781
f 9084 686 6187
f 8930 687 9084
f 688 9084 687
f 8595 901 891
f 9017 8580 9210
f 9017 1092 8580
f 7387 9058 1719
f 1484 9085 7395
f 9085 9060 7395
f 9020 1998 7417
f 7437 7430 2008
f 7470 2087 7468
f 2092 9024 9322
f 9024 2092 7479
f 7482 9581 8795
f 9027 2189 2188
f 6458 9027 2188
f 8961 2443 6500
f 9063 7543 7541
f 8174 9086 2086
f 7553 7554 8177
f 6522 6531 2492
f 9030 7562 2539
f 7360 9030 1129
f 6571 9413 2540
f 716 955 934
f 9040 9299 7921
f 3945 7013 7922
f 3943 3944 9254
f 6743 9033 6742
f 4347 4305 4325
f 8205 4822 8988
f 4867 7782 8731
f 7780 9065 4869
f 8223 7821 4946
f 6982 7845 5058
f 9287 5072 8519
f 5294 5291 7909
f 3945 7922 3943
f 3983 7086 5350
f 9046 8339 7107
f 7108 9570 7106
f 9087 8805 7123
f 8615 8805 8256
f 8271 9301 8806
f 8653 8021 8271
f 8803 7974 8540
f 7137 9191 9004
f 8818 9106 9428
f 9076 9628 9315
f 8288 8630 8678
f 8746 7158 8772
f 7238 8297 8367
f 6012 9095 5984
f 9095 6012 8692
f 8068 9096 8398
f 9515 9143 8696
f 9012 8339 5665
f 5714 8259 5697
f 8650 5694 5723
f 7977 8541 8663
f 7979 9050 9076
f 8739 9158 7154
f 8865 8284 8666
f 9077 7152 9513
f 9163 9101 9438
f 9067 8032 9102
f 8032 9067 9324
f 9050 5838 5837
f 7154 9183 8739
f 8040 8823 9093
f 8676 9319 8714
f 9386 8713 8675
f 9161 9104 9052
f 8774 8824 9105
f 7980 8544 9187
f 8288 8824 8874
f 7978 9107 8773
f 5909 8043 8881
f 8684 9108 8895
f 8565 9134 8898
f 8844 8410 8411
f 8905 9116 8709
f 9111 8709 9116
f 7206 9112 9320
f 5239 9014 6041
f 9014 5996 6040
f 6040 9113 8565
f 9134 8565 9113
f 6042 6097 8695
f 8697 9204 8898
f 6046 8849 8779
f 8711 9116 8905
f 8851 8912 8409
f 8006 9117 8718
f 8079 9511 9205
f 9120 8718 9572
f 8790 9122 9119
f 8718 9117 8914
f 9119 8646 8327
f 8788 8647 9436
f 228 9416 229
f 8921 323 5728
f 1086 9017 1085
f 1476 1463 1458
f 1458 6265 8435
f 1720 1723 7387
f 2178 2180 2331
f 2333 2178 2331
f 2176 2178 2333
f 2808 1812 1603
f 2827 8966 2828
f 7608 3110 3097
f 8472 8577 3147
f 3153 3149 3152
f 3335 3316 3309
f 3660 3658 3663
f 3810 3796 3795
f 3818 3810 3795
f 4187 4227 4220
f 4328 4325 4326
f 8985 4336 4334
f 4686 4357 9127
f 9127 4359 4361
f 4496 4497 4711
f 9128 5030 5031
f 8284 8865 9166
f 7977 9166 8865
f 5835 9318 5834
f 5817 9502 8663
f 8843 8549 8061
f 8008 8405 8402
f 8038 8031 9074
f 8031 8038 8022
f 7130 9147 8561
f 9089 8561 9147
f 9089 8734 7147
f 8293 8677 8679
f 5862 9131 8558
f 9134 8396 9114
f 9014 6040 9135
f 8565 9135 6040
f 8705 9136 8062
f 9137 8572 8080
f 8850 9138 9171
f 9188 9139 8072
f 9139 9188 8695
f 9170 8695 9510
f 6148 6149 6151
f 6364 6372 2034
f 9620 7478 7481
f 8477 6714 6618
f 6714 8477 6614
f 3965 6731 8490
f 3972 8981 3965
f 4903 6866 4902
f 5729 9165 8017
f 7116 8014 9088
f 9142 8624 9140
f 9078 9140 8624
f 8816 5830 5828
f 5828 8625 8816
f 8625 5828 5787
f 9329 9076 9315
f 9329 9141 8360
f 9141 9329 9181
f 9103 8624 8817
f 9142 8817 8624
f 5842 7980 5840
f 7980 5842 8544
f 8878 8291 9106
f 9106 8818 8878
f 5866 8544 5842
f 9153 8899 8064
f 7249 9143 7211
f 8328 8851 8005
f 9144 8327 8646
f 8910 8408 9144
f 8327 9144 8408
f 8010 8327 8408
f 8816 8287 8654
f 8738 9189 8810
f 8274 9324 8671
f 7974 8741 8278
f 7967 8271 8021
f 9191 8662 9004
f 9051 8809 8808
f 8809 8627 7155
f 9099 9051 8808
f 8284 8281 8666
f 8283 8282 7128
f 9147 7128 8282
f 8810 8871 8656
f 8871 8810 8864
f 8860 9157 8274
f 9102 8032 9100
f 8361 8822 8288
f 9302 9579 8075
f 8545 9518 8824
f 8676 9152 7978
f 8362 9105 9302
f 9151 9150 8677
f 8673 8680 8875
f 5835 9189 9318
f 9622 8861 9498
f 8567 8688 6030
f 9203 8325 9317
f 8386 9114 8396
f 9499 9303 8382
f 8395 9154 8386
f 9115 8386 9154
f 9115 8697 9114
f 9317 8067 8571
f 9202 9172 9109
f 8573 9109 9172
f 8072 9139 8053
f 9170 9171 9139
f 8398 9116 8068
f 8398 9096 9154
f 8331 8078 9619
f 8401 9156 8403
f 9156 8401 9121
f 9325 9309 9579
f 8404 8403 7982
f 9386 9150 8403
f 8404 9152 8405
f 9503 8405 9152
f 8406 7252 8407
f 8716 9517 8717
f 9117 8719 8913
f 8715 8913 7250
f 8083 8399 8916
f 9059 9060 1804
f 1499 9223 9216
f 8956 2178 9227
f 9308 1937 1936
f 3131 9423 3146
f 3306 7615 3310
f 4323 9126 4322
f 4359 4044 4361
f 7867 5168 8992
f 7109 9075 8734
f 9075 7109 7145
f 8668 8734 9089
f 8737 7131 5701
f 8274 9007 9324
f 9007 8274 9157
f 8623 8357 8869
f 8284 9166 8357
f 8360 9132 9329
f 8745 9159 9183
f 8664 9506 9149
f 7982 8403 9150
f 7987 9302 8075
f 8629 8712 8545
f 8755 8747 9161
f 8713 9161 8674
f 9161 8713 8755
f 8714 9118 9572
f 7215 8076 7214
f 8076 9069 9162
f 8640 8060 9071
f 7207 9055 7246
f 8707 7207 8780
f 9164 8711 8754
f 6055 8646 6052
f 9056 7214 9162
f 7228 8760 8757
f 9165 8556 8017
f 7116 7228 8014
f 5674 8761 9427
f 6081 6082 8294
f 9130 9145 8762
f 8357 9166 8359
f 5839 5782 9160
f 7144 9078 9051
f 9090 7150 7149
f 7128 9147 7130
f 8770 7147 8734
f 9074 8031 8037
f 9140 9074 8036
f 9068 8771 8745
f 9141 8827 5784
f 8827 9141 7135
f 7155 8872 9158
f 9103 7155 8627
f 7982 8041 8404
f 9052 8674 9161
f 9042 7151 7163
f 8712 9325 8545
f 9518 8545 9325
f 9168 8877 8562
f 9107 7235 8748
f 7235 9107 8041
f 7236 9008 9104
f 8675 8674 8679
f 9008 9169 9052
f 8679 9052 9169
f 9008 8826 9169
f 8826 9008 7236
f 8779 9170 9510
f 9170 8779 8850
f 9109 8573 7248
f 9055 8699 7204
f 8057 9043 8901
f 8903 8782 8846
f 9172 9202 8066
f 8007 8082 9137
f 8068 9116 9164
f 8722 9072 7212
f 8711 9173 8754
f 9138 5990 8069
f 9138 8053 9171
f 8850 9171 9170
f 8072 9174 8394
f 9200 8394 9174
f 9630 9094 9333
f 8789 9632 8912
f 7215 9295 9629
f 9045 7216 9629
f 7216 9045 7981
f 8645 9175 9079
f 9122 8790 9421
f 8646 9122 7218
f 6336 1928 1930
f 9025 6406 6419
f 7573 8936 7572
f 5669 5823 8799
f 8798 8283 7128
f 5673 8761 5674
f 8761 5673 9405
f 7114 8017 8615
f 8256 8805 8614
f 5686 8556 8760
f 9129 9177 9075
f 9177 9129 5771
f 5704 9177 5827
f 9177 5704 8770
f 8806 5816 7232
f 9158 8739 8670
f 8739 9157 8670
f 8809 7152 8808
f 9167 8542 9178
f 9179 8036 8037
f 8036 9179 8034
f 9005 9090 7145
f 9004 9005 7137
f 7134 7138 8540
f 5862 8558 8547
f 5826 9179 5825
f 8034 9180 8036
f 8625 8287 8816
f 7149 7150 9068
f 8817 9142 9180
f 9180 7149 8817
f 9106 8291 9093
f 6083 9131 5862
f 8626 8743 9193
f 9315 9181 9329
f 9182 8870 8542
f 8654 5830 8816
f 8654 8287 8033
f 7153 9190 9159
f 9183 7154 8745
f 9103 8817 8821
f 9663 8292 9313
f 9184 8544 8631
f 8544 9184 9187
f 8823 9428 9093
f 9331 9186 9519
f 9632 8789 9307
f 8645 9079 9045
f 8678 9053 8629
f 8363 9105 8362
f 9105 8363 8774
f 5840 7980 5860
f 8864 2426 5868
f 8367 8576 8364
f 7238 8367 8364
f 5927 6094 8775
f 8752 5969 6029
f 6029 8311 8752
f 8778 8548 5983
f 8548 8843 6019
f 8847 9429 8066
f 8057 6009 8781
f 5964 6032 9500
f 8571 5997 5995
f 6039 9203 5994
f 9317 5994 9203
f 8689 9203 6039
f 7211 9143 7192
f 8069 9174 8072
f 8069 9444 9174
f 6047 8695 6097
f 6100 9080 6101
f 8326 9436 9333
f 6053 9011 6054
f 9011 6053 6065
f 6054 9011 6066
f 9323 9304 9081
f 6051 6049 9081
f 6051 9304 6065
f 8912 9632 9630
f 9436 8409 9630
f 6102 8574 8854
f 5721 8856 5710
f 5721 8649 8856
f 8857 7969 8735
f 7144 8022 8038
f 8663 5831 5817
f 9166 8543 8359
f 9189 8750 9318
f 9163 9318 8750
f 9197 9622 9091
f 7117 8862 9571
f 5808 8803 7138
f 5831 8663 5829
f 9181 9315 8033
f 8820 8033 9439
f 5838 9050 9049
f 9324 9190 8032
f 9190 9324 9007
f 9183 9007 8739
f 8359 8543 8672
f 8286 8626 9193
f 7109 7137 7145
f 8668 9092 7109
f 8666 8813 8865
f 8541 8865 8813
f 7148 9191 7136
f 9191 7137 9092
f 8799 8798 8867
f 8798 7128 8866
f 9192 8868 8814
f 9159 8771 8662
f 5863 8546 5865
f 9101 9163 8750
f 8871 8861 9148
f 5869 9194 9149
f 9628 8654 9315
f 8872 8821 7154
f 9183 9159 9190
f 9103 8821 8872
f 7154 9158 8872
f 8032 9190 7153
f 8745 7154 8821
f 8749 8822 9185
f 9185 5841 8749
f 8825 9187 9184
f 5859 9431 8749
f 7163 9079 9042
f 9331 5843 9332
f 7987 8040 9328
f 5853 9006 9168
f 9006 5853 9118
f 7160 9069 8076
f 9104 9162 9069
f 5844 9118 5853
f 5846 7980 9332
f 8679 9169 8293
f 5859 7164 9431
f 7151 9053 9431
f 9195 8819 9330
f 8818 8819 9195
f 9319 9168 9006
f 9332 5857 5846
f 8818 9195 8825
f 5860 7980 5846
f 8864 8861 8871
f 8743 9148 9197
f 8879 9196 9193
f 8286 9193 9196
f 8067 8642 9415
f 9172 8690 8573
f 8690 9172 9415
f 6041 9135 6045
f 8898 9201 8565
f 7208 9155 8905
f 9199 9111 8395
f 9111 9199 8780
f 8907 8899 7206
f 9112 7206 8899
f 8568 8896 6004
f 8395 9111 8398
f 8066 9202 8315
f 9153 8315 9202
f 9153 9202 8784
f 9113 8566 9110
f 8566 9113 6040
f 5978 8635 9136
f 9136 8635 8701
f 9135 8565 9201
f 8698 8707 8385
f 9199 8385 8707
f 8689 9188 8394
f 9200 8067 8325
f 8898 9114 8697
f 6069 8910 9144
f 8688 8916 6000
f 6000 6070 8688
f 8696 9200 9515
f 9510 9010 8779
f 9080 8779 9010
f 6048 9204 5986
f 9115 9154 8575
f 6046 8779 9080
f 5986 9509 6073
f 6101 9010 6098
f 8690 8642 7249
f 9143 7249 8642
f 6045 9201 6048
f 9204 6048 9201
f 9115 9509 8697
f 9204 8697 9509
f 7212 9173 7248
f 9155 7248 9173
f 8905 9155 8711
f 8004 7213 9124
f 8555 8720 7213
f 8645 7251 9122
f 9118 6062 6050
f 8914 9123 9321
f 8718 8914 9321
f 8716 9205 8755
f 9056 8747 9205
f 8755 8713 9517
f 8714 9321 8676
f 9321 9503 8676
f 8403 9156 9386
f 9517 8713 9386
f 8644 9516 9125
f 6063 8915 6050
f 8718 9120 8006
f 8715 9123 8913
f 8914 8913 9123
f 9572 6050 9120
f 8402 9123 8715
f 7214 9056 7219
f 8079 9205 8716
f 8077 9206 8720
f 9206 8077 9309
f 9098 8077 8720
f 9120 6050 8915
f 9125 8332 8010
f 6059 8006 8915
f 8005 8851 8409
f 8644 9124 9206
f 7213 8720 9124
f 6064 6052 7218
f 7218 6052 8646
f 6064 7218 9295
f 8851 9057 9323
f 8330 8397 8004
f 8723 9072 8722
f 106 9207 82
f 108 9207 106
f 85 9207 108
f 9573 161 165
f 279 285 315
f 573 571 514
f 7289 688 6165
f 9209 6182 8105
f 773 9209 8105
f 9209 773 6183
f 9338 7291 773
f 678 1046 2566
f 6228 6229 9440
f 8432 1244 5748
f 9211 1293 5762
f 1310 1311 1307
f 2387 1369 2392
f 1369 1187 2392
f 9212 8939 1357
f 9212 7367 1386
f 7367 9212 1357
f 1395 1393 9520
f 9213 1407 1409
f 1407 9213 1408
f 9214 7374 1469
f 1499 9216 1500
f 1502 1500 9216
f 9216 1501 1505
f 1556 9217 1555
f 9217 6268 1557
f 1626 1619 1622
f 1392 9218 6304
f 1394 1395 9520
f 9224 9220 1741
f 1742 9220 1740
f 9221 1753 1752
f 9220 1799 9222
f 1799 9220 9224
f 1832 9223 1499
f 9224 1914 1908
f 9344 6330 1918
f 9225 1941 8945
f 9229 1876 1954
f 6476 9226 6442
f 2183 9228 9591
f 2215 2218 6472
f 2217 2216 2219
f 2161 2255 8451
f 1941 9229 2264
f 9229 1941 9225
f 2264 1953 2265
f 2258 9230 2265
f 2264 2265 9230
f 2333 2335 8960
f 2274 9231 2414
f 9651 2365 2283
f 9347 9441 9461
f 2068 2065 2432
f 6559 9232 6560
f 9393 6571 2539
f 9233 957 7574
f 678 2566 1047
f 56 43 51
f 9234 2612 2610
f 9234 2610 2738
f 9235 2626 2629
f 2761 9234 2763
f 9237 2736 2734
f 9237 765 2736
f 9235 2774 2662
f 9238 1593 1578
f 1577 9238 2807
f 1603 1812 2820
f 2819 9643 1831
f 9239 1679 8966
f 9238 2839 1593
f 1671 2848 2849
f 9218 1392 1671
f 1676 2851 1672
f 1676 1672 1673
f 1678 1671 2849
f 1667 2856 1668
f 2126 2123 2125
f 6589 9240 2907
f 9241 3008 3007
f 3068 3049 9242
f 3049 3048 9242
f 9242 3069 3068
f 3077 3150 3076
f 3047 3080 9464
f 3073 3192 2969
f 9243 5904 5918
f 9244 7608 3095
f 3098 9244 3099
f 3082 9243 3103
f 9243 5918 3101
f 3109 9244 3108
f 3108 9244 3098
f 3113 9245 3115
f 3121 3124 3122
f 3121 3122 5998
f 3115 9245 3077
f 3151 9245 3153
f 9246 3173 3125
f 3164 3183 3165
f 3309 9247 3308
f 3335 3332 3333
f 3334 3308 9247
f 3334 9247 9249
f 9249 9247 3310
f 9250 3257 3258
f 3363 3364 3416
f 3187 3450 3451
f 9251 3585 3588
f 3590 9251 3588
f 3663 3658 3664
f 3921 3923 3922
f 3498 3936 6719
f 9253 6724 3941
f 4057 4039 4041
f 4128 9367 4109
f 9255 4143 4234
f 9256 4282 6753
f 9256 4283 4369
f 4369 4282 9256
f 4307 8497 9257
f 9258 7712 4305
f 9259 4325 7712
f 4362 4044 4359
f 4368 7719 9369
f 9257 8497 4417
f 9472 4486 4485
f 4500 4501 4502
f 4581 9262 6782
f 4718 9263 4391
f 4734 4728 4503
f 9264 4819 4806
f 4931 9265 4928
f 6963 9265 4930
f 6983 9267 5067
f 5080 5081 5079
f 5076 5080 5079
f 5085 4802 4789
f 5118 9268 5131
f 9375 5158 5160
f 5228 4321 8997
f 9268 5246 5245
f 5240 9268 5115
f 8334 9269 7011
f 3591 9251 3590
f 3882 3884 9270
f 3884 3882 3589
f 5539 3521 3524
f 9271 3521 5539
f 9272 3613 3612
f 5402 3639 9380
f 5547 5408 4017
f 5585 5469 3680
f 4291 9442 4479
f 8343 9273 8011
f 9211 7971 8026
f 9665 8071 8085
f 5709 316 5679
f 1255 1256 1264
f 5751 1258 9274
f 9274 1274 5752
f 2453 6451 6493
f 2453 6493 8293
f 5927 3172 6094
f 9276 4158 6033
f 4160 9276 8570
f 9376 9277 5921
f 6037 4427 5997
f 7002 9269 7253
f 9278 40 41
f 7274 9278 6125
f 9279 74 9208
f 74 9279 6123
f 6187 6186 9084
f 6233 1089 7345
f 9280 6243 1106
f 9281 6253 1126
f 9214 6266 1443
f 1467 9214 1469
f 9218 1666 1670
f 1958 8946 1960
f 2135 2126 2125
f 1972 1976 1974
f 2481 9282 8156
f 6397 9282 6401
f 6509 9282 2481
f 2516 9283 7058
f 9232 2521 6560
f 847 9236 9631
f 9240 6590 2907
f 6591 2920 2932
f 9356 6596 6605
f 3498 6719 9363
f 6708 6707 7078
f 6724 7693 9254
f 7693 6724 3946
f 6736 6737 6738
f 4325 4328 4347
f 4580 9262 4581
f 9262 4580 6789
f 9262 6786 6782
f 4551 9486 6807
f 4821 1955 6337
f 9284 7786 4878
f 6884 6898 4918
f 4933 9285 7801
f 9286 7824 7826
f 4885 5062 8234
f 9267 5061 7845
f 9269 7002 6896
f 3973 7055 9485
f 3916 6708 7078
f 5729 8017 7114
f 7161 5850 7983
f 7209 7193 8753
f 8343 5703 5690
f 5811 8028 7141
f 8375 9289 8682
f 9110 9134 9113
f 9057 9304 9323
f 128 7265 125
f 478 9278 472
f 7275 9290 9585
f 9514 803 7298
f 886 7312 887
f 9061 1488 1501
f 7391 1898 1720
f 7504 2217 2219
f 658 2672 2726
f 1638 9239 1636
f 9291 1636 9239
f 9248 7615 3305
f 7620 3416 3428
f 4030 4230 4155
f 4345 9261 7713
f 9292 7739 4352
f 4640 9486 6810
f 4962 7834 4961
f 9267 7849 5067
f 9293 7916 7918
f 7984 7161 7983
f 5933 9633 5934
f 7209 8845 7210
f 7239 8300 9054
f 7174 9296 7238
f 880 886 887
f 2038 9297 8138
f 9297 2038 6373
f 9298 2064 6440
f 2002 2001 7418
f 2002 2222 7506
f 9292 6793 7739
f 4609 6802 8500
f 4905 5045 5029
f 9287 2224 5071
f 9300 5066 5073
f 5301 7014 7016
f 5348 9000 8250
f 7090 9288 5352
f 8811 9301 8271
f 9169 2453 8293
f 8045 5913 6090
f 8896 9303 8314
f 8009 9295 7215
f 9273 7111 9426
f 5690 9411 8343
f 7111 9411 7225
f 9411 7111 9273
f 5706 8343 8011
f 5719 8857 8735
f 9176 5684 5676
f 9305 7131 8276
f 5743 9211 8026
f 8748 7161 7984
f 8366 9296 8368
f 9296 8366 7172
f 8832 5923 9508
f 9277 7195 5921
f 1207 1206 1210
f 1209 1207 1210
f 1789 9308 1878
f 9308 1940 1878
f 9228 2184 2336
f 2161 8451 2256
f 8965 2761 2579
f 3355 3247 3356
f 806 805 804
f 3663 3664 3665
f 8491 6737 3966
f 3677 5495 3676
f 3527 3677 3676
f 5000 4988 4990
f 8767 5771 9129
f 9152 8041 9107
f 8834 9633 5933
f 37 6106 6110
f 37 6110 36
f 9417 627 2563
f 1090 6233 7345
f 3276 8596 3306
f 9363 6719 3499
f 4347 9310 9261
f 9310 4347 4328
f 9289 8375 8886
f 9665 8911 8083
f 8384 8083 8911
f 9422 6197 868
f 7304 868 6197
f 1486 9085 1484
f 2727 2728 2631
f 1816 1817 1815
f 9126 4326 9259
f 8521 5085 4789
f 8736 9294 7119
f 9435 8570 9276
f 8563 9289 8886
f 7997 9314 7996
f 5681 8416 5739
f 9417 2563 626
f 6163 6165 688
f 8592 2486 6515
f 7791 4905 5029
f 5348 8250 5347
f 9327 8341 5667
f 8800 5722 8801
f 7138 8025 5814
f 9187 9330 9332
f 8033 9315 8654
f 8878 9313 8772
f 9307 8823 9632
f 9186 8819 9316
f 9307 9316 8819
f 9307 9428 8823
f 9195 9187 8825
f 8887 8042 8829
f 9633 5923 9275
f 5994 9317 5995
f 9094 8331 9333
f 9097 9081 9519
f 8014 5709 5679
f 8759 8613 8348
f 5816 9301 5774
f 5834 9318 9163
f 6084 9571 6085
f 7148 7153 8662
f 8682 9289 7170
f 9289 8563 8373
f 8892 7993 8633
f 6088 5900 8886
f 8699 9314 7203
f 8846 9424 6026
f 9314 7997 8906
f 8079 9269 8334
f 7223 9432 7220
f 5990 4430 9444
f 9573 5661 9433
f 7303 9514 6195
f 2173 2450 9574
f 1949 1948 2233
f 2264 9229 1954
f 1666 9218 2853
f 4284 4287 4074
f 4418 4416 4302
f 4290 4500 4502
f 4618 4619 4614
f 8997 5993 5988
f 9382 5438 5517
f 9319 7978 8773
f 687 8578 689
f 7293 769 6183
f 9260 4328 4326
f 6865 6874 4901
f 9406 9095 9576
f 5818 9049 9167
f 9061 1826 1488
f 9322 9024 8952
f 3964 8981 6733
f 8984 9310 4328
f 8412 9015 5259
f 8754 9072 7254
f 9312 8024 7967
f 8789 9097 9316
f 9097 9323 9081
f 9266 6865 4901
f 9445 9274 5752
f 5706 8011 5715
f 9319 9006 8714
f 8780 9320 8709
f 9321 8714 9572
f 8094 8412 5259
f 8965 2579 2762
f 5885 9443 3054
f 5843 9331 5854
f 8067 9415 9568
f 177 9327 5667
f 2034 6372 8949
f 9328 8291 7165
f 8291 9328 9093
f 9324 9067 8671
f 9154 8395 8398
f 8333 9436 8326
f 9630 9333 9436
f 7292 731 9064
f 9061 1501 9223
f 9216 9223 1501
f 9227 2178 2176
f 1936 1937 2291
f 2610 2611 2738
f 4044 4354 4361
f 9076 9329 9132
f 8076 9162 7214
f 9008 9052 9104
f 9072 8754 9173
f 8645 9421 9175
f 5661 9570 9327
f 9330 8819 9186
f 9182 8542 7979
f 5854 9519 6049
f 9519 5854 9331
f 9186 9316 9097
f 8040 9094 8823
f 9304 6051 9081
f 8331 9094 8040
f 8040 8078 8331
f 8789 9316 9307
f 6065 9057 9011
f 5831 5829 5833
f 5870 9163 9438
f 9332 9330 9331
f 5857 9332 5843
f 9195 9330 9187
f 7980 9187 9332
f 8695 6047 9510
f 9619 8326 8331
f 8747 8755 9205
f 45 9334 58
f 279 282 82
f 95 9335 295
f 517 8419 331
f 9336 8924 572
f 294 9337 9521
f 199 9521 9337
f 9338 8105 772
f 826 825 841
f 1112 9340 7359
f 1308 9341 1307
f 9013 9341 1306
f 9341 5797 1307
f 9342 1315 1306
f 1315 9342 1316
f 1368 1286 1287
f 9454 6267 9522
f 1429 1520 1532
f 1614 9343 1616
f 9343 1615 1616
f 1625 1626 1623
f 7400 1489 1488
f 1919 6331 1920
f 1749 9344 1750
f 9345 2035 6353
f 6363 9345 6353
f 2235 1931 1949
f 9346 2298 2337
f 2345 6331 1919
f 2344 2345 2341
f 5761 1287 2383
f 9347 9460 2421
f 9348 2499 2508
f 832 610 835
f 826 841 846
f 2747 2704 1154
f 2761 8965 9349
f 660 9352 9351
f 9352 660 659
f 9350 9463 2701
f 1391 9353 1395
f 2848 1395 9353
f 2853 2852 9355
f 9355 1675 1667
f 2860 2856 2857
f 1686 2860 2857
f 1686 1687 1683
f 2506 9662 2871
f 2500 9348 8180
f 2942 9356 2947
f 2947 9356 2951
f 3163 9357 2983
f 2983 9357 2976
f 3020 2995 3019
f 8090 9443 5885
f 3199 3073 3074
f 3120 3121 5908
f 9358 3122 3123
f 9359 5914 9358
f 2988 9357 3164
f 9360 3046 3171
f 3046 9360 3047
f 9361 3175 9275
f 3199 3068 3073
f 9362 3360 3358
f 9362 3364 3360
f 9362 3257 3366
f 3355 3381 3244
f 9360 3079 3047
f 9361 8973 3174
f 3500 9363 6629
f 9364 3523 3522
f 7684 9365 7686
f 3964 2904 6732
f 3970 3967 3966
f 4039 4034 4038
f 4039 4038 4040
f 4110 9367 4128
f 4129 4127 4130
f 4129 4130 4119
f 4166 4165 6016
f 4221 4214 4036
f 4286 4280 4279
f 9256 6753 4287
f 4315 6755 4317
f 4339 6100 4345
f 9261 9368 4347
f 9369 4284 4077
f 4425 4419 9370
f 9371 4425 4424
f 9371 4427 4426
f 4443 9372 4440
f 9372 4499 4500
f 9373 4531 4524
f 4554 4555 5646
f 4356 4357 4686
f 4728 4729 9374
f 4729 4730 4479
f 9374 9442 4502
f 9401 7840 7838
f 5158 9375 5173
f 9375 6997 5173
f 5228 9377 5227
f 9378 7085 5349
f 3703 9379 3702
f 9380 9479 9384
f 9379 3994 3702
f 9381 9523 8976
f 9381 9476 9523
f 9382 3644 5475
f 5433 3570 5434
f 5527 5526 9477
f 5475 5529 9382
f 5538 9384 5541
f 9384 5538 9383
f 3679 5526 5528
f 9477 3679 3523
f 9477 3675 3676
f 4470 9385 4677
f 9372 4500 4290
f 1318 9388 5804
f 9347 5817 9441
f 5909 9358 5914
f 9423 3131 8048
f 9361 9275 5923
f 9468 4247 4197
f 9376 6009 9277
f 9377 6099 5227
f 9371 4424 5995
f 9390 6274 1646
f 1918 1919 1920
f 8138 9391 7439
f 2065 2068 8951
f 2056 6394 6395
f 6431 2126 2134
f 2347 6329 1917
f 7483 6402 2099
f 9392 2519 6549
f 9393 2542 6575
f 6575 9413 9393
f 3501 9394 7634
f 6672 6654 3559
f 2945 6708 6709
f 9395 3953 7702
f 2904 3964 2902
f 6737 3970 3966
f 9396 6735 6741
f 4286 4279 8092
f 9397 9580 4493
f 4618 4554 4537
f 9408 4905 6886
f 6897 4920 6880
f 6893 9399 9488
f 9400 4990 4988
f 5017 9401 5013
f 9399 4924 4925
f 9403 6902 4957
f 5300 9403 4957
f 9403 7014 7015
f 5331 9404 5330
f 7114 5730 5729
f 8022 9439 8287
f 8040 7987 8078
f 8075 8078 7987
f 7124 9618 5740
f 8378 7189 8687
f 8309 8378 8687
f 9335 7267 9337
f 8116 7340 7341
f 9609 6570 7562
f 9393 7563 2542
f 9352 659 2728
f 9536 1157 1158
f 9354 1638 7591
f 9369 4283 4284
f 9370 4420 4418
f 9398 7740 4609
f 7828 7829 4947
f 5045 9408 4904
f 8603 4904 9408
f 7957 3684 5585
f 8559 5813 8742
f 9438 9101 9524
f 8272 7141 8028
f 7225 9411 5689
f 9626 9387 7160
f 9389 8793 8095
f 634 9440 1081
f 8430 38 9018
f 2009 8128 7429
f 9345 6363 9391
f 2034 9345 6364
f 8137 6371 6370
f 9394 3498 3500
f 9394 7682 3498
f 5013 9401 7838
f 3780 7663 7662
f 6079 5720 9501
f 8025 8276 5809
f 9414 5761 8659
f 7164 7163 7151
f 8302 7240 7241
f 8342 7107 8339
f 7111 8257 7113
f 8613 9420 9497
f 8832 8049 8836
f 8885 7175 8893
f 8690 9415 8642
f 8788 8643 8647
f 8643 8788 7221
f 5853 9412 5844
f 8422 53 50
f 9417 6147 6145
f 7297 9339 8423
f 9418 3499 6638
f 3706 3712 8481
f 4155 4033 4030
f 9370 4418 4417
f 9410 8353 8286
f 8047 8551 9425
f 2520 2521 8593
f 4514 6765 8601
f 9399 4925 6895
f 9405 5732 7226
f 9175 9421 8712
f 8876 8673 9151
f 7982 9151 8875
f 8387 8568 8391
f 9435 8061 8549
f 7203 8906 7186
f 3136 9423 5931
f 5716 9409 5713
f 7974 9414 9419
f 9414 7974 8803
f 8902 9424 8782
f 9425 7181 8047
f 9431 7164 7151
f 7430 2009 7429
f 9348 2501 8180
f 5814 8025 5809
f 5805 9414 8803
f 5821 5829 8541
f 7168 9410 8286
f 7165 8291 8772
f 8042 7180 8046
f 9429 8847 6037
f 9424 8846 8782
f 5997 9429 6037
f 8571 9568 9429
f 9426 8759 8650
f 9176 8264 7969
f 9420 9501 8262
f 5803 8616 7231
f 8813 5821 8541
f 9178 8542 8870
f 8807 8670 7234
f 8876 9151 8677
f 7234 8743 8626
f 8829 8830 5903
f 8306 8895 9108
f 9425 8783 7181
f 8570 9435 8549
f 8707 8780 9199
f 9044 7222 7210
f 9430 7209 8710
f 6098 9010 9510
f 8717 7253 9269
f 160 9433 177
f 335 127 9448
f 9417 632 8101
f 1381 1315 1316
f 9349 2684 2612
f 9349 2596 2716
f 1666 9355 1667
f 9256 4287 4284
f 8997 9377 5228
f 4347 9368 4348
f 6101 4348 9368
f 4988 9634 4987
f 6147 9417 8101
f 6431 2134 6433
f 9609 9029 2530
f 4892 9489 9036
f 5332 9556 9634
f 8257 5697 8259
f 9422 6195 9514
f 2684 9349 2716
f 966 8729 9512
f 6715 9366 9542
f 9445 8356 9621
f 7113 8257 8259
f 9436 8647 8409
f 9018 38 6106
f 9428 9106 9093
f 7234 8626 8039
f 7977 8543 9166
f 8070 9515 8084
f 6062 9118 5844
f 3335 3309 3308
f 8644 9206 9309
f 8664 9149 9194
f 9423 3130 3146
f 3130 9423 3136
f 9299 3930 8999
f 4678 9437 4679
f 9149 9160 5782
f 9438 9524 8664
f 8555 8333 9098
f 9427 5676 5674
f 9068 8817 7149
f 8820 9439 9099
f 8571 5995 9317
f 9444 9515 9174
f 9502 8543 7977
f 9439 8033 8287
f 5859 8749 5841
f 6069 6068 8910
f 9515 9200 9174
f 9509 9198 6073
f 9321 9123 9503
f 9517 9386 9156
f 9210 9440 6229
f 1310 1307 5725
f 2273 9441 9231
f 1392 1395 2848
f 4166 6016 4174
f 9368 4345 6100
f 4345 9368 9261
f 9369 7719 4283
f 4485 4486 4489
f 5388 9380 3639
f 3890 9381 9270
f 5402 9380 9383
f 5408 5561 4017
f 9442 4291 4290
f 9231 5831 5833
f 6738 6737 3971
f 295 9335 9337
f 9486 8536 6810
f 9186 9331 9330
f 9411 5690 5689
f 7113 8259 8015
f 3356 3247 3249
f 806 804 3660
f 3702 3706 8481
f 8830 8042 8046
f 8644 9309 9082
f 9392 2520 8593
f 3499 6719 8489
f 4514 8601 6819
f 1817 2812 1815
f 9444 4430 8084
f 9327 9433 5661
f 9433 9327 177
f 4618 4614 6809
f 9381 8976 9270
f 4892 9036 6917
f 7296 9422 9514
f 5990 9444 8069
f 37 9018 6106
f 9443 9242 3054
f 4343 4332 4316
f 5741 5731 7124
f 9299 8999 7919
f 4343 4316 4342
f 5870 9438 9194
f 9447 517 331
f 334 9447 9448
f 9448 9447 335
f 213 342 138
f 421 9449 388
f 388 9449 497
f 9450 8420 414
f 9447 516 517
f 359 9451 537
f 552 550 549
f 9491 551 574
f 569 345 542
f 771 772 8105
f 9452 827 828
f 845 9452 846
f 9452 845 852
f 1069 6223 9453
f 1067 9453 6223
f 1280 1383 1279
f 2236 9456 2234
f 1990 9456 2235
f 9456 2236 9457
f 8449 9457 2236
f 9457 1931 2235
f 2286 2287 1895
f 1894 2286 1895
f 2345 9458 2341
f 6487 2346 2339
f 2339 9459 6487
f 2285 9460 2286
f 9461 2286 9460
f 2286 9461 2287
f 1033 1032 1031
f 1033 1031 747
f 2626 9462 2627
f 2727 9462 792
f 9536 9463 9350
f 2765 2708 9463
f 2747 9463 2708
f 1753 1668 2860
f 2495 2510 2509
f 2952 6606 9356
f 9464 2967 2966
f 9464 3081 2967
f 9483 3191 7610
f 3493 3476 5363
f 7643 9466 3604
f 9554 3688 3706
f 3702 3994 9467
f 9467 3706 3702
f 867 6687 6686
f 4094 4068 4070
f 9543 4166 4161
f 4207 8982 4206
f 9468 4195 8983
f 4208 9468 8983
f 4041 4211 4221
f 9468 4208 4212
f 9470 6753 4286
f 4285 9470 5983
f 4483 9471 4294
f 4487 9472 4484
f 4552 6809 4639
f 6820 9547 4514
f 4740 4660 8509
f 9475 8522 9603
f 9469 5224 5962
f 3477 3493 5363
f 3859 3876 5473
f 3889 9476 9381
f 5475 3645 5477
f 5493 5515 5496
f 5521 3643 5493
f 9477 5526 3679
f 5475 5477 3569
f 5432 9478 7948
f 9478 5432 5515
f 9383 5513 5425
f 9384 5403 5541
f 9480 5414 3723
f 9471 4485 4490
f 9556 5330 5328
f 5330 9556 5324
f 5323 9556 5332
f 9482 5821 5824
f 9482 5833 5821
f 3191 9483 5915
f 5966 4185 9558
f 9470 4286 5958
f 6107 9446 38
f 433 431 399
f 6182 771 8105
f 6221 9453 1066
f 1625 1850 1848
f 6353 2035 2030
f 2128 9455 2127
f 6562 6561 6560
f 9484 9657 6569
f 6676 3554 6672
f 9485 3971 3973
f 6736 9396 3970
f 9487 4670 6811
f 4893 4894 4895
f 6894 9488 8604
f 9265 6897 4930
f 8211 9577 7834
f 9618 7124 9606
f 9491 482 551
f 552 485 9491
f 1076 7328 618
f 1076 618 7336
f 1501 6262 1505
f 9493 8967 1817
f 1824 1818 8967
f 9494 2010 7431
f 7432 9494 7431
f 9494 7432 8129
f 9481 5820 7517
f 3046 9464 2966
f 7732 9473 9580
f 5193 4740 8509
f 9496 4860 8206
f 7814 9496 7776
f 7080 7933 8249
f 9478 7952 7948
f 3642 9478 5493
f 8348 9497 256
f 1718 2413 9482
f 7327 9492 594
f 695 771 9597
f 7321 8979 8109
f 9494 2009 8132
f 6523 2495 2509
f 3938 7689 9299
f 7776 9496 8510
f 4893 4895 4891
f 8603 9408 6886
f 5258 2436 7518
f 7805 9661 4939
f 7111 7225 8257
f 6079 9501 5714
f 7232 9490 8806
f 5817 5839 9502
f 6493 8876 8293
f 9513 8286 8353
f 9565 8302 8371
f 7995 5966 8393
f 8721 8330 8408
f 9572 8718 9321
f 852 827 9452
f 1154 1155 2747
f 9495 4128 4129
f 8503 4587 4586
f 9504 6674 9598
f 9506 8664 8672
f 8546 8864 5868
f 8634 6023 8694
f 8281 8285 8622
f 7169 9507 9157
f 9508 8833 8050
f 8891 8634 9582
f 8758 7114 8615
f 5677 7228 5711
f 9507 7169 9148
f 5919 7184 6094
f 9483 8837 5915
f 8084 8844 8070
f 8912 8851 9323
f 8657 8616 9571
f 9507 7234 8670
f 8039 8626 9513
f 8832 9508 8050
f 9205 9511 9056
f 8933 966 967
f 9539 3311 3309
f 5922 5914 9359
f 2520 6562 6560
f 833 9527 9575
f 6630 9418 6637
f 7640 7639 9512
f 9465 9512 7639
f 8729 7640 9512
f 9077 9513 8353
f 8301 9054 5874
f 9082 9516 8644
f 803 9514 7303
f 9513 7152 8039
f 8575 9198 9509
f 8332 9516 8790
f 434 432 9566
f 8333 9044 8788
f 9503 8402 8405
f 9518 9302 9105
f 9517 9121 8717
f 8543 9160 9506
f 9149 9506 9160
f 7155 9158 8807
f 5832 9050 5837
f 9518 9579 9302
f 9143 9515 8070
f 6049 9519 9081
f 9502 5839 9160
f 9516 8332 9125
f 9461 9441 2273
f 2287 9461 2273
f 2432 2065 6496
f 2782 9236 848
f 1753 2860 1684
f 3101 5918 3100
f 3921 3922 6715
f 9265 4931 6897
f 9474 2175 9574
f 9486 4640 6807
f 9036 9489 8514
f 7312 6221 887
f 9581 7482 7478
f 9029 7360 6254
f 3938 9299 9040
f 9508 5923 9633
f 5328 5330 5314
f 9581 7478 9620
f 9462 2631 2627
f 7034 5328 5314
f 4713 4495 9397
f 9071 9435 6033
f 8912 9323 8789
f 8349 5751 9274
f 9107 7978 9152
f 8067 9568 8571
f 9097 9519 9186
f 9451 357 537
f 9521 199 5676
f 9522 1427 7371
f 1287 1286 2383
f 9460 2285 2423
f 9463 2747 2701
f 3834 9523 3885
f 9523 3834 8976
f 3885 9523 9476
f 5521 5493 5496
f 4197 4247 5985
f 6221 1066 7321
f 803 3659 804
f 9524 9101 9067
f 8015 9501 9420
f 8835 8634 9425
f 6098 9510 6047
f 9044 7221 8788
f 966 9512 9064
f 8555 9044 8333
f 9515 9444 8084
f 9102 9524 9067
f 9524 9102 8664
f 1454 1452 9454
f 9489 4891 8514
f 7113 8015 8613
f 9071 6033 8839
f 9432 8636 8787
f 9445 8349 9274
f 5509 4015 4014
f 5409 5509 4014
f 47 6109 6108
f 67 6114 66
f 445 411 423
f 489 495 9586
f 522 552 9491
f 522 9491 574
f 507 509 569
f 830 829 9527
f 863 9528 7316
f 9529 940 942
f 942 938 9529
f 1023 9530 1027
f 9535 1035 1038
f 1367 1368 1287
f 1368 1367 1364
f 9590 1383 1280
f 6306 6309 1732
f 1986 1989 1993
f 2186 2185 2330
f 2305 2186 2330
f 9533 1448 2407
f 2432 9534 2068
f 9534 2433 2068
f 9535 2582 1033
f 9535 748 1035
f 1030 9535 1038
f 2673 812 810
f 9528 2708 2765
f 9528 2765 905
f 2781 2779 2782
f 2782 849 2781
f 2782 2779 9623
f 1157 9536 2785
f 9537 3011 8468
f 3142 3141 3126
f 9538 3261 3264
f 3278 9539 3279
f 3279 9539 3277
f 9540 3497 6629
f 3543 3542 3544
f 9031 3543 3544
f 3832 9541 9252
f 9596 6655 9569
f 9504 3554 6676
f 4165 9543 4168
f 4185 9544 8982
f 4195 9545 4196
f 9545 4194 4196
f 9546 4138 4139
f 7714 4384 4337
f 4527 4529 6773
f 4491 9580 9473
f 7789 9577 8211
f 9548 5035 5037
f 9548 5039 5093
f 9548 5093 5142
f 9549 7864 5243
f 9549 5197 7864
f 5338 9550 7062
f 3916 9551 6711
f 9552 5369 3493
f 9553 3884 7947
f 5512 5426 5514
f 4014 4015 5564
f 3688 9554 3689
f 5595 5594 9554
f 5626 4708 6821
f 5652 9555 4550
f 9555 4552 8536
f 9555 5652 4555
f 5261 5656 8528
f 7226 5708 9606
f 5805 1287 5761
f 3196 3108 5901
f 9545 4197 5959
f 6021 9558 4200
f 67 66 6118
f 6180 9597 771
f 885 7312 886
f 6289 1711 6294
f 6291 6289 6294
f 6306 1737 1738
f 9532 1753 9221
f 6522 6545 6527
f 6541 2495 6527
f 6545 9559 2513
f 6544 6545 2513
f 9527 829 835
f 9540 9363 6630
f 9540 6628 3497
f 9418 6635 6637
f 8488 9561 3937
f 3968 6734 6736
f 3968 6736 6738
f 9396 9562 3970
f 5261 8528 4993
f 9550 5264 7062
f 9551 7080 3915
f 9551 5342 7933
f 7084 8182 2533
f 3491 9552 3492
f 7070 5319 7076
f 7070 7076 7074
f 5798 9563 5812
f 9564 8382 8904
f 9565 5907 7240
f 7297 9526 802
f 1067 1072 7325
f 9567 7479 7480
f 6454 2183 9616
f 3127 3142 3126
f 3657 6686 7649
f 9542 6712 3921
f 9561 7686 3937
f 7707 4024 4023
f 9544 4182 8982
f 8686 8301 8372
f 1065 3919 8979
f 9581 2096 6400
f 9552 3493 6631
f 6713 3922 3923
f 9499 8314 9303
f 8066 9568 9415
f 8268 8349 9047
f 9387 9626 5845
f 8301 5894 8372
f 9652 7989 5929
f 8682 8301 8686
f 8381 7188 8378
f 9558 8393 5966
f 7191 8393 9306
f 8479 9596 9569
f 4502 4503 4728
f 8521 4789 4792
f 9569 7642 8479
f 9561 8488 3934
f 8341 9570 7108
f 8743 7234 9507
f 8691 8388 8781
f 9564 9499 8382
f 5847 9387 5845
f 8807 7152 8809
f 9625 7973 8746
f 7216 7981 7160
f 8743 9507 9148
f 8833 8834 5924
f 6043 8572 8637
f 8852 8572 6002
f 9557 5772 8859
f 6050 9572 9118
f 160 9573 9433
f 9574 2450 8955
f 3140 3142 3143
f 9029 1126 2530
f 9489 9577 4893
f 8790 9578 9421
f 9082 9578 9516
f 8875 8041 7982
f 8864 8546 9498
f 9138 8069 8053
f 9122 9421 8645
f 8912 9630 8409
f 5785 6087 9178
f 9541 3592 9252
f 3883 9252 3592
f 9366 7707 4023
f 880 887 888
f 2727 2631 9462
f 9406 9576 8550
f 9421 9578 8712
f 8075 9579 8077
f 9374 4479 9442
f 4479 9374 4729
f 9580 4492 4493
f 4492 9580 4491
f 9536 9350 2785
f 6713 3923 6714
f 7999 6024 6015
f 432 436 459
f 8571 9429 5997
f 9634 4978 4987
f 8157 9581 6400
f 9556 5328 9634
f 4978 9634 5328
f 9579 9309 8077
f 8795 9581 8157
f 8421 432 459
f 7124 5731 7226
f 9525 9064 9465
f 494 499 9449
f 392 494 9449
f 4161 4166 8496
f 9547 6778 4514
f 5513 5512 5425
f 9558 4185 4200
f 6545 6541 6527
f 9489 4892 9577
f 7834 9577 4892
f 7732 9580 9397
f 9597 9569 695
f 5895 8381 8378
f 7155 8807 8809
f 9566 432 7275
f 3311 9247 3309
f 9527 2556 9575
f 434 9566 433
f 9236 847 848
f 5 454 10
f 7999 6015 9617
f 5714 9501 8015
f 1454 9454 1453
f 60 6115 67
f 131 133 135
f 140 131 135
f 9583 391 392
f 383 9583 390
f 9584 410 445
f 412 413 9584
f 9585 429 431
f 412 9584 443
f 409 9584 445
f 9583 383 488
f 9586 499 494
f 495 496 9586
f 9587 365 506
f 365 9587 510
f 9587 511 510
f 512 521 522
f 956 9588 955
f 9589 884 885
f 1068 9589 6261
f 6200 9589 885
f 9590 1384 1382
f 9590 1290 1384
f 1699 9594 1705
f 1630 1632 1766
f 2183 9591 9616
f 9592 2416 8958
f 9592 2275 2414
f 2347 1917 2348
f 9593 2416 2384
f 9592 2415 2416
f 630 7300 850
f 1034 2578 1037
f 1034 1037 1035
f 2674 811 9642
f 1148 1153 1152
f 2677 2675 2674
f 6588 9631 8460
f 6321 9594 1706
f 1699 1706 9594
f 9595 3142 3127
f 9595 3143 3142
f 3135 9595 3132
f 3273 3311 9539
f 3246 3242 3278
f 9596 3562 6656
f 9597 7642 9569
f 9504 9598 3554
f 3541 3543 6646
f 7645 9600 6685
f 9647 3789 3790
f 3798 9601 3802
f 7657 7656 8979
f 4159 5214 5215
f 4159 5215 4160
f 5024 4928 9265
f 5057 5087 6974
f 5055 6974 6990
f 5087 6990 6974
f 4794 9602 8521
f 9602 5089 8520
f 5091 6991 5092
f 5171 5170 5169
f 5558 5429 5461
f 5507 4011 9604
f 9604 3729 5507
f 9604 5409 4014
f 5563 9604 4014
f 5629 9605 5625
f 9605 5629 4568
f 5666 9606 5708
f 9607 7236 9069
f 5793 9651 5862
f 7262 60 67
f 77 6112 6115
f 584 9608 586
f 9594 1840 8444
f 6342 1978 1985
f 6469 8162 2210
f 6507 2479 2480
f 7360 9609 9030
f 6648 6650 9598
f 3554 9598 6650
f 3607 6669 9646
f 7657 8979 3918
f 8600 6713 6623
f 4367 9610 4366
f 9611 4524 4527
f 8207 9612 8206
f 8215 9613 6887
f 5063 6969 5062
f 5063 5062 5060
f 9603 5091 5092
f 9614 6734 3968
f 7047 9614 7048
f 7052 9614 3968
f 9615 5347 9484
f 9615 7081 5346
f 9615 5346 5347
f 7006 7005 5265
f 7342 9654 8115
f 9616 2186 7495
f 7515 2283 1888
f 4182 4183 4181
f 7769 9612 7768
f 6886 7791 6888
f 7807 8220 7808
f 8221 4942 7893
f 8692 9617 9095
f 8342 9618 7224
f 9607 7160 9387
f 9619 8075 8077
f 7322 9608 1072
f 9608 7324 1072
f 7648 9600 3657
f 3744 7663 3741
f 3744 3741 6688
f 9649 3780 7660
f 7772 9612 7769
f 9612 4856 7768
f 7986 9622 7988
f 5896 7176 6091
f 5747 8432 5748
f 2186 9616 9591
f 2347 2348 6487
f 8460 9623 2784
f 9623 8460 9631
f 848 849 2782
f 9605 4568 4708
f 9624 9011 8328
f 5866 8631 8544
f 8554 9558 6021
f 9626 7981 7163
f 9410 9664 8294
f 9617 9576 9095
f 8016 5712 8011
f 8262 8263 9420
f 8655 8827 7135
f 8384 8897 8792
f 8640 6025 8060
f 8080 9624 8328
f 8410 8844 9500
f 8972 3311 3273
f 5031 7843 5038
f 9602 4794 5090
f 9607 9387 5847
f 9620 2096 9581
f 6676 6675 3605
f 602 9575 611
f 3658 9600 7645
f 8294 9627 9131
f 9629 9295 7251
f 7215 9629 7216
f 9045 9629 7251
f 8712 8629 9175
f 9625 8558 9627
f 9131 9627 8558
f 9624 8852 6067
f 8655 7135 8744
f 6191 9631 6588
f 847 9631 6191
f 9094 9632 8823
f 5332 9634 4988
f 9618 8342 5740
f 9475 9603 5145
f 3644 9382 5517
f 1986 6342 1985
f 7224 9606 5666
f 9606 7224 9618
f 8109 8979 7656
f 9598 6674 6648
f 8891 9582 7200
f 8303 7184 5919
f 9628 9076 9050
f 3644 5517 5518
f 6087 9167 9178
f 9628 9050 5832
f 9508 9633 8834
f 4713 9397 4496
f 9522 7371 9454
f 391 9586 494
f 9586 391 489
f 6289 1708 1709
f 2782 9623 9236
f 2784 9623 2779
f 9443 8090 9483
f 9549 5243 6044
f 7226 9606 7124
f 3196 5901 5926
f 5812 8029 8272
f 9613 6886 6888
f 8221 7893 7894
f 9621 8029 9563
f 7973 7166 8746
f 9281 1126 9029
f 9504 6676 3605
f 616 602 611
f 5812 8272 5761
f 6087 5836 9167
f 5832 2408 5830
f 443 454 5
f 5834 2456 2455
f 5664 8341 8254
f 1664 5704 9655
f 5830 8654 9628
f 5664 5667 8341
f 4790 7759 4789
f 63 64 60
f 9635 77 71
f 129 131 130
f 9636 219 217
f 217 221 9636
f 489 488 492
f 493 489 492
f 626 9637 632
f 937 943 938
f 931 929 800
f 800 943 931
f 9407 1717 6300
f 1732 1733 1731
f 9639 2283 2278
f 597 9640 6506
f 6512 9641 2478
f 817 9642 2732
f 9642 817 2676
f 2732 9642 811
f 2662 2625 2626
f 2868 1537 1574
f 3196 9644 3112
f 3112 9644 3111
f 3274 9645 3243
f 3242 3274 3273
f 3605 9646 6674
f 9647 3782 3817
f 3858 3782 9647
f 3782 3858 3783
f 4096 4091 4094
f 5968 4183 4184
f 4751 4658 5192
f 9550 9648 5264
f 3683 3690 3689
f 4462 4276 4459
f 9650 5651 4402
f 9650 5653 5651
f 9652 3111 9644
f 3111 9652 5929
f 9653 8840 8003
f 9653 8003 5978
f 4288 9653 5978
f 9080 5989 6046
f 4584 8203 6790
f 5125 5132 6066
f 9549 6002 6043
f 8918 77 9635
f 6123 9635 76
f 1058 1060 1057
f 8115 9654 7340
f 9655 1658 6282
f 9655 6298 1658
f 6306 1732 1731
f 9656 6460 2200
f 9656 8162 2199
f 6467 9656 2200
f 2476 9641 6507
f 2530 2528 6565
f 9661 7805 8220
f 5024 5026 7011
f 9648 7067 7006
f 8250 9657 5347
f 7989 7242 6091
f 223 224 9636
f 7284 9637 630
f 7343 9658 7342
f 9658 7330 1077
f 2361 7515 1888
f 9641 6512 6511
f 2868 1574 2869
f 7657 3755 3757
f 5905 5968 4184
f 9080 6100 5989
f 9637 625 630
f 9658 1078 7330
f 2079 8147 9659
f 2019 7473 2020
f 2079 9659 7450
f 779 778 776
f 7662 9660 3745
f 7797 7794 4936
f 7876 9648 7006
f 5288 9661 8221
f 7125 5748 5755
f 611 612 7281
f 9638 7516 2282
f 6668 9646 3605
f 9660 8482 3746
f 5135 5167 5171
f 9664 9410 7168
f 8295 8631 5852
f 5925 8303 5919
f 7999 9133 7197
f 9660 3744 7650
f 7989 6091 7176
f 9625 9664 7973
f 5960 8002 7201
f 6042 8689 6039
f 6067 9011 9624
f 9652 5926 8828
f 9564 5970 9499
f 9636 221 8919
f 1456 7371 7373
f 9046 7108 7106
f 9663 8631 8295
f 7145 9090 8767
f 9665 9096 8068
f 9639 9651 2283
f 2662 2774 2660
f 9643 2818 1831
f 3781 9649 3775
f 6672 6673 6676
f 602 603 840
f 833 602 840
f 2871 9662 2508
f 9665 8085 9096
f 9406 8381 6011
f 9426 8650 8016
f 8547 8295 5852
f 8603 6886 4906
f 9661 5288 4939
f 8634 8694 9582
f 8575 9509 9115
f 8634 8891 9425
f 943 9529 938
f 1630 1628 1629
f 1631 1630 1629
f 3644 5528 3645
f 4097 4096 4094
f 5063 6980 5064
f 3644 3645 5475
f 5594 3689 9554
f 6981 5063 5064
f 5748 7125 5747
f 1065 8979 7321
f 1705 1625 1623
f 5785 9178 8023
f 522 521 520
f 1542 1541 1540
f 1851 1542 1540
f 2279 9639 2278
f 2674 9642 2677
f 1699 6285 1697
f 1706 1699 1697
f 3790 3789 3586
f 3683 3689 5594
f 3606 6669 3607
f 6991 5053 6990
f 223 9636 222
f 3780 7661 7660
f 7125 5755 8268
f 7999 7197 8902
f 8393 9558 8554
f 9664 9627 8294
f 5958 5960 7201
f 8011 5712 5715
f 8410 9500 8073
f 6013 9406 6011
f 1712 1708 6289
f 9443 9483 7610
f 6991 6990 5088
f 5250 8081 8721
f 1699 1705 1623
f 8910 5250 8721
f 3882 9270 3593
f 5742 1230 1229
f 2277 2280 9326
f 9437 4677 5606
f 4677 9437 4678
f 5606 4677 9385
f 2398 2408 5832
f 2277 9326 2412
f 1493 1215 1214
f 5745 5742 1229
f 5870 2456 5834
f 5759 5704 1664
f 2313 2310 2311
f 5830 9628 5832
f 9252 3882 3593
f 6076 165 5662
f 6076 5662 7106
f 5943 5893 7185
f 2313 2311 2319
f 7759 4792 4789
f 1504 1493 1214
# 19326 faces, 0 coords texture

# End of File
